timestamp,amount,is_new_device,attempt_count,previous_chargebacks,velocity_24h,account_age_days,amount_vs_customer_baseline,device_customer_count,failed_attempt_ratio,is_chargeback
2026-01-01 00:36:00+00:00,1023.6224199610085,0,1,0,2,77,1.0,1,0.0,0
2026-01-01 00:37:00+00:00,653.85131171921,0,1,0,0,114,1.0,1,0.0,0
2026-01-01 01:14:00+00:00,484.8249169880797,1,1,0,0,333,1.0,1,0.0,0
2026-01-01 02:06:00+00:00,325.6591725664081,1,1,0,0,157,1.0,1,0.0,0
2026-01-01 02:18:00+00:00,832.9886910427267,1,1,0,0,212,1.0,1,0.0,0
2026-01-01 02:28:00+00:00,569.024374111601,1,1,0,0,269,1.0,1,0.0,0
2026-01-01 02:39:00+00:00,354.9354138973795,0,1,0,1,308,1.0,1,0.0,0
2026-01-01 03:12:00+00:00,551.8755990109769,0,1,0,0,110,1.0,1,0.0,0
2026-01-01 03:29:00+00:00,522.362015404319,0,1,0,1,13,1.0,1,0.0,0
2026-01-01 03:35:00+00:00,425.1104116648942,0,2,0,2,6,1.0,1,0.5,0
2026-01-01 04:54:00+00:00,377.9646098204892,0,1,0,0,331,1.0,1,0.0,0
2026-01-01 05:20:00+00:00,1066.4188345384562,0,1,0,1,140,1.0,1,0.0,0
2026-01-01 05:36:00+00:00,687.2105375159111,0,1,0,2,264,1.0,1,0.0,0
2026-01-01 05:40:00+00:00,230.8150465955526,0,1,0,4,27,1.0,1,0.0,0
2026-01-01 06:03:00+00:00,413.9295280461932,0,1,0,1,334,1.0,1,0.0,0
2026-01-01 06:10:00+00:00,1405.9566637802493,0,1,0,3,8,1.0,1,0.0,0
2026-01-01 06:30:00+00:00,569.8158414785499,0,1,0,0,47,1.0,1,0.0,0
2026-01-01 06:44:00+00:00,1303.7946625730447,1,1,0,1,103,1.0,1,0.0,0
2026-01-01 07:12:00+00:00,586.9076741561432,1,1,0,2,249,1.0,1,0.0,0
2026-01-01 08:35:00+00:00,139.55783444434044,0,1,0,1,188,1.0,1,0.0,0
2026-01-01 09:19:00+00:00,387.5939896457903,1,1,0,3,317,1.0,1,0.0,0
2026-01-01 10:54:00+00:00,80.92548092499558,0,1,0,2,222,1.0,1,0.0,0
2026-01-01 11:57:00+00:00,631.4432732474417,0,1,0,2,348,1.0,1,0.0,0
2026-01-01 12:07:00+00:00,1823.3003439927993,0,1,0,2,255,1.0,1,0.0,0
2026-01-01 13:01:00+00:00,900.4602535581262,0,1,0,2,318,1.0,1,0.0,0
2026-01-01 13:19:00+00:00,3203.2539015768434,0,1,0,0,19,1.0,1,0.0,0
2026-01-01 13:21:00+00:00,4191.919730776317,1,1,0,2,137,1.0,1,0.0,0
2026-01-01 13:54:00+00:00,78.85580848979684,0,1,0,0,262,1.0,1,0.0,0
2026-01-01 14:00:00+00:00,209.60337550476117,0,1,0,1,149,1.0,1,0.0,0
2026-01-01 14:06:00+00:00,353.1155580827214,1,1,0,0,25,1.0,1,0.0,0
2026-01-01 14:42:00+00:00,277.23615292200066,1,4,0,0,351,1.0,1,0.75,0
2026-01-01 15:01:00+00:00,823.5096730968577,0,1,0,0,140,1.0,1,0.0,0
2026-01-01 15:16:00+00:00,744.201530238656,0,1,0,3,140,1.0,1,0.0,0
2026-01-01 15:17:00+00:00,1755.1805682898723,0,1,0,1,20,1.0,1,0.0,0
2026-01-01 16:55:00+00:00,679.7599862995075,1,1,0,3,69,1.0,1,0.0,0
2026-01-01 17:24:00+00:00,271.3153110377204,0,1,0,0,108,1.0,1,0.0,0
2026-01-01 17:31:00+00:00,294.3853641774506,0,1,0,1,54,1.0,2,0.0,0
2026-01-01 17:42:00+00:00,4404.275615465294,1,1,1,4,132,1.0,1,0.0,1
2026-01-01 18:15:00+00:00,928.1145085022832,1,1,0,0,359,1.0,1,0.0,0
2026-01-01 18:35:00+00:00,553.6817484310822,1,1,0,1,321,1.0,1,0.0,0
2026-01-01 18:52:00+00:00,1673.793713128343,0,1,0,0,216,1.0,1,0.0,0
2026-01-01 20:52:00+00:00,697.6373259274219,1,1,1,3,308,1.0,1,0.0,1
2026-01-01 22:59:00+00:00,232.47019086857222,0,1,0,0,192,1.0,1,0.0,0
2026-01-01 23:11:00+00:00,936.0071539524424,0,4,0,0,256,1.0,1,0.75,0
2026-01-02 00:26:00+00:00,844.9839630676238,0,1,1,5,130,1.0,1,0.0,0
2026-01-02 00:28:00+00:00,845.1268545618468,0,1,0,1,287,1.0,1,0.0,0
2026-01-02 01:15:00+00:00,110.31284415498006,1,1,0,1,181,1.0,1,0.0,0
2026-01-02 01:37:00+00:00,34.97399475021645,0,1,0,1,194,1.0,1,0.0,0
2026-01-02 01:39:00+00:00,3903.005028322774,0,1,0,1,145,1.0,1,0.0,0
2026-01-02 01:42:00+00:00,705.4115131990354,1,1,0,1,29,1.0,1,0.0,0
2026-01-02 02:17:00+00:00,896.128450053113,0,1,0,2,127,1.0,1,0.0,0
2026-01-02 02:45:00+00:00,497.48132350522917,0,1,0,0,333,1.0,1,0.0,0
2026-01-02 03:00:00+00:00,778.9316400733499,0,1,0,2,9,1.0,1,0.0,0
2026-01-02 03:02:00+00:00,272.29027828801793,0,1,1,5,66,1.0,1,0.0,0
2026-01-02 05:19:00+00:00,526.3703503580911,1,1,0,0,281,1.0,1,0.0,0
2026-01-02 05:49:00+00:00,120.83980885297434,0,1,0,2,318,1.0,1,0.0,0
2026-01-02 07:21:00+00:00,227.28195733773222,1,1,0,0,80,1.0,2,0.0,0
2026-01-02 07:21:00+00:00,170.24869182134015,1,1,0,1,116,1.0,1,0.0,0
2026-01-02 07:46:00+00:00,2004.9551937670326,1,1,0,0,99,1.0,1,0.0,0
2026-01-02 07:57:00+00:00,120.47549601139558,0,1,0,0,52,1.0,1,0.0,0
2026-01-02 08:30:00+00:00,675.968375188624,0,1,0,1,251,1.0,1,0.0,0
2026-01-02 08:41:00+00:00,299.84814195053974,0,1,0,1,203,1.0,1,0.0,0
2026-01-02 08:49:00+00:00,252.24294869094467,1,1,0,0,166,1.0,1,0.0,0
2026-01-02 10:10:00+00:00,414.3328443023143,0,3,2,3,3,1.0,1,0.6666666666666666,1
2026-01-02 11:59:00+00:00,175.63604849972435,0,1,0,1,355,1.0,1,0.0,0
2026-01-02 12:27:00+00:00,865.97598507,1,1,0,0,2,1.0,1,0.0,0
2026-01-02 12:38:00+00:00,917.833042815091,0,4,0,2,275,1.0,1,0.75,0
2026-01-02 12:44:00+00:00,989.4123885215732,0,1,0,1,303,1.0,1,0.0,0
2026-01-02 13:37:00+00:00,383.24763161011265,1,1,0,1,13,1.0,1,0.0,0
2026-01-02 13:41:00+00:00,199.25608448160352,0,2,0,1,80,1.0,1,0.5,0
2026-01-02 14:02:00+00:00,289.82022325961486,0,1,0,2,236,1.0,1,0.0,0
2026-01-02 15:12:00+00:00,1104.8298731957225,0,3,0,2,300,1.0,1,0.6666666666666666,0
2026-01-02 15:42:00+00:00,354.00260961302996,0,1,0,1,275,1.0,1,0.0,0
2026-01-02 15:56:00+00:00,892.9174277013021,0,1,0,1,250,1.0,1,0.0,0
2026-01-02 16:13:00+00:00,453.80717090084147,0,1,0,0,356,1.0,1,0.0,0
2026-01-02 16:19:00+00:00,354.3904516050583,1,1,0,1,115,1.0,1,0.0,0
2026-01-02 16:31:00+00:00,651.3644239885251,0,1,0,0,356,1.0,1,0.0,0
2026-01-02 17:02:00+00:00,266.03580743486594,0,1,0,1,220,1.0,1,0.0,0
2026-01-02 18:53:00+00:00,354.64931225844487,0,1,0,0,105,1.0,1,0.0,0
2026-01-02 19:57:00+00:00,199.9100544804725,0,3,0,1,105,1.0,1,0.6666666666666666,0
2026-01-02 20:02:00+00:00,768.6925869153895,0,1,0,2,113,1.0,1,0.0,0
2026-01-02 20:53:00+00:00,1042.8516210007783,0,1,0,0,226,1.0,1,0.0,0
2026-01-02 21:19:00+00:00,174.16268323072796,0,3,0,0,67,1.0,1,0.6666666666666666,0
2026-01-02 21:47:00+00:00,184.3502318262331,1,1,0,1,317,1.0,1,0.0,0
2026-01-02 22:03:00+00:00,570.2423204176619,1,1,0,0,334,1.0,1,0.0,0
2026-01-02 22:05:00+00:00,1059.0431877385452,0,1,0,0,192,1.0,1,0.0,0
2026-01-02 22:15:00+00:00,239.68954233555172,1,1,0,2,162,1.0,1,0.0,0
2026-01-02 22:35:00+00:00,176.92102505299113,1,1,0,3,343,1.0,1,0.0,0
2026-01-02 23:46:00+00:00,396.1681349531222,0,1,0,1,278,1.0,1,0.0,0
2026-01-02 23:49:00+00:00,3658.2667076282287,1,1,0,2,72,1.0,1,0.0,1
2026-01-03 00:01:00+00:00,1112.697537094302,1,1,0,1,20,1.0,1,0.0,0
2026-01-03 02:09:00+00:00,7385.673461529187,0,1,0,0,275,1.0,1,0.0,0
2026-01-03 02:51:00+00:00,118.45472762304504,0,1,0,1,333,1.0,1,0.0,0
2026-01-03 02:52:00+00:00,1167.2108932232636,0,2,0,0,51,1.0,1,0.5,0
2026-01-03 03:29:00+00:00,929.4433599675015,1,2,0,0,85,1.0,1,0.5,0
2026-01-03 03:54:00+00:00,489.6005880513479,0,1,0,0,299,1.0,1,0.0,0
2026-01-03 04:01:00+00:00,1475.7721344807992,0,4,0,0,261,1.0,1,0.75,0
2026-01-03 04:54:00+00:00,1125.4564213938806,0,2,0,2,125,1.0,1,0.5,0
2026-01-03 04:58:00+00:00,1786.1536587664275,1,1,0,3,241,1.0,1,0.0,0
2026-01-03 05:11:00+00:00,263.2098039108614,0,1,2,3,139,1.0,1,0.0,1
2026-01-03 05:16:00+00:00,1610.5816914565764,0,1,0,2,116,1.0,1,0.0,0
2026-01-03 06:27:00+00:00,4934.347899687423,1,1,0,0,313,1.0,1,0.0,0
2026-01-03 06:45:00+00:00,718.0154547053749,0,1,0,0,339,1.0,1,0.0,0
2026-01-03 07:17:00+00:00,605.2895430512862,0,3,0,2,221,1.0,1,0.6666666666666666,0
2026-01-03 07:20:00+00:00,287.3561068234324,0,1,0,0,56,1.0,2,0.0,0
2026-01-03 07:58:00+00:00,1227.3496058870949,1,1,0,1,227,1.0,1,0.0,0
2026-01-03 09:15:00+00:00,505.8876868848683,1,4,0,1,239,1.0,1,0.75,1
2026-01-03 09:33:00+00:00,1131.8639641922864,1,1,0,1,319,1.0,1,0.0,0
2026-01-03 09:51:00+00:00,288.8160532283267,0,2,0,1,70,1.0,1,0.5,0
2026-01-03 11:03:00+00:00,1120.852465379265,1,2,0,0,118,1.0,1,0.5,0
2026-01-03 12:26:00+00:00,1158.9673406861502,1,1,0,1,332,1.0,1,0.0,0
2026-01-03 12:31:00+00:00,1057.1813797388277,0,1,0,1,288,1.0,1,0.0,0
2026-01-03 12:50:00+00:00,699.3766716531711,1,1,0,1,62,1.0,1,0.0,0
2026-01-03 13:21:00+00:00,1026.091914844898,1,4,0,0,360,1.0,1,0.75,1
2026-01-03 13:36:00+00:00,197.67522966734717,0,3,0,1,143,1.0,1,0.6666666666666666,0
2026-01-03 14:06:00+00:00,455.0660609547617,0,1,0,0,14,1.0,1,0.0,0
2026-01-03 14:09:00+00:00,722.2223776058376,0,1,0,3,107,1.0,1,0.0,0
2026-01-03 14:28:00+00:00,1985.3306216344074,0,1,0,1,287,1.0,1,0.0,0
2026-01-03 14:28:00+00:00,200.72899616140904,0,1,0,1,178,1.0,1,0.0,0
2026-01-03 14:34:00+00:00,345.056526303755,1,1,0,0,337,1.0,2,0.0,0
2026-01-03 14:50:00+00:00,334.30757099000493,0,1,0,1,74,1.0,2,0.0,0
2026-01-03 14:51:00+00:00,561.7619828022744,1,1,0,1,18,1.0,1,0.0,0
2026-01-03 15:43:00+00:00,979.5655380366908,1,1,0,0,255,1.0,2,0.0,0
2026-01-03 16:09:00+00:00,994.5956090554082,0,3,0,0,305,1.0,1,0.6666666666666666,0
2026-01-03 16:40:00+00:00,1655.128170015672,0,3,0,1,101,1.0,1,0.6666666666666666,0
2026-01-03 16:50:00+00:00,852.8618731496543,1,3,0,1,245,1.0,1,0.6666666666666666,0
2026-01-03 18:09:00+00:00,599.4752416514153,1,3,0,0,250,1.0,1,0.6666666666666666,0
2026-01-03 18:21:00+00:00,737.5501679023789,0,1,1,5,285,1.0,1,0.0,0
2026-01-03 18:40:00+00:00,1355.4803075420614,0,1,0,0,306,1.0,1,0.0,0
2026-01-03 18:51:00+00:00,1356.1003064804095,0,1,0,1,344,1.0,2,0.0,0
2026-01-03 18:54:00+00:00,2582.2410273881865,0,1,0,4,5,1.0,1,0.0,0
2026-01-03 19:05:00+00:00,230.91242369743878,0,1,1,4,205,1.0,1,0.0,1
2026-01-03 19:35:00+00:00,143.52755865186094,0,1,1,3,336,1.0,1,0.0,0
2026-01-03 20:55:00+00:00,41.48118993882743,0,1,0,1,289,1.0,1,0.0,0
2026-01-03 20:56:00+00:00,219.01932472495704,0,1,0,0,26,1.0,1,0.0,0
2026-01-03 20:57:00+00:00,228.508276316159,0,1,0,0,259,1.0,1,0.0,0
2026-01-03 20:58:00+00:00,344.8058152273014,0,1,0,1,275,1.0,1,0.0,0
2026-01-03 23:03:00+00:00,1727.8338468674515,0,2,0,0,51,1.0,1,0.5,0
2026-01-04 00:11:00+00:00,259.67554265259787,0,1,0,2,277,1.0,1,0.0,0
2026-01-04 00:38:00+00:00,89.17455628298286,0,1,0,0,197,1.0,1,0.0,0
2026-01-04 01:46:00+00:00,3644.3214538239054,0,1,0,1,272,1.0,1,0.0,0
2026-01-04 02:59:00+00:00,1809.6000439313436,1,1,0,1,227,1.0,1,0.0,0
2026-01-04 03:07:00+00:00,651.6261008143603,1,1,0,1,50,1.0,1,0.0,0
2026-01-04 03:51:00+00:00,1008.3363057924487,0,1,0,1,71,1.0,1,0.0,0
2026-01-04 04:16:00+00:00,153.05578929321743,1,1,0,0,172,1.0,3,0.0,0
2026-01-04 05:26:00+00:00,4151.805685053832,0,1,0,1,174,1.0,1,0.0,0
2026-01-04 05:28:00+00:00,2302.794298338414,0,2,0,1,299,1.0,2,0.5,0
2026-01-04 05:35:00+00:00,182.60878252642175,1,1,0,1,279,1.0,1,0.0,0
2026-01-04 05:57:00+00:00,569.3418326711749,1,1,0,3,354,1.0,1,0.0,0
2026-01-04 06:15:00+00:00,467.44591018022476,1,1,0,1,27,1.0,1,0.0,0
2026-01-04 06:42:00+00:00,348.4355759163866,0,1,0,2,216,1.0,1,0.0,0
2026-01-04 07:08:00+00:00,614.8900407036548,0,1,0,1,52,1.0,1,0.0,0
2026-01-04 07:21:00+00:00,356.9691285021271,1,3,0,0,249,1.0,1,0.6666666666666666,0
2026-01-04 07:51:00+00:00,455.05782970896917,1,1,1,2,39,1.0,1,0.0,1
2026-01-04 08:09:00+00:00,1130.8873200402827,0,1,0,1,121,1.0,1,0.0,0
2026-01-04 10:02:00+00:00,303.0832879147272,0,1,0,0,285,1.0,1,0.0,0
2026-01-04 10:06:00+00:00,274.22996547382786,0,1,0,0,93,1.0,1,0.0,0
2026-01-04 11:06:00+00:00,473.8431554643595,0,3,0,1,54,1.0,1,0.6666666666666666,0
2026-01-04 11:14:00+00:00,76.27265291721841,0,1,0,0,262,1.0,1,0.0,0
2026-01-04 11:53:00+00:00,340.9821036253753,0,1,0,2,298,1.0,1,0.0,0
2026-01-04 11:59:00+00:00,2130.671206126713,1,1,0,0,232,1.0,1,0.0,0
2026-01-04 13:05:00+00:00,415.1163582469971,0,1,0,2,225,1.0,1,0.0,0
2026-01-04 14:49:00+00:00,567.9569783199801,0,1,0,0,240,1.0,1,0.0,0
2026-01-04 15:17:00+00:00,1007.1248861969748,0,1,0,1,243,1.0,1,0.0,0
2026-01-04 16:07:00+00:00,65.82986573455963,0,1,0,0,227,1.0,1,0.0,0
2026-01-04 17:28:00+00:00,339.86672554758906,1,1,0,0,172,1.0,1,0.0,0
2026-01-04 18:35:00+00:00,271.40390936709895,0,1,0,2,311,1.0,1,0.0,0
2026-01-04 18:51:00+00:00,2747.529939227128,0,4,0,4,332,1.0,1,0.75,0
2026-01-04 19:26:00+00:00,414.76161033462506,0,1,0,1,110,1.0,1,0.0,0
2026-01-04 19:35:00+00:00,499.3056479890581,0,2,0,0,309,1.0,1,0.5,0
2026-01-04 19:39:00+00:00,536.050765746932,0,1,0,1,93,1.0,1,0.0,0
2026-01-04 20:00:00+00:00,809.4278565430211,0,1,0,2,334,1.0,1,0.0,0
2026-01-04 20:49:00+00:00,5567.149746009262,1,1,0,1,328,1.0,1,0.0,0
2026-01-04 20:54:00+00:00,3444.6763887334764,0,1,0,0,72,1.0,1,0.0,0
2026-01-04 20:57:00+00:00,1008.6129872790037,1,1,0,2,84,1.0,1,0.0,0
2026-01-04 21:06:00+00:00,265.3410582218765,1,1,0,2,111,1.0,1,0.0,0
2026-01-04 21:14:00+00:00,1862.8873462778838,1,1,0,0,313,1.0,1,0.0,0
2026-01-04 21:56:00+00:00,361.9490569681607,0,1,0,1,355,1.0,1,0.0,0
2026-01-04 22:26:00+00:00,355.5698423653122,1,1,1,1,40,1.0,1,0.0,1
2026-01-04 22:28:00+00:00,1151.6698066255624,0,1,0,0,135,1.0,1,0.0,0
2026-01-04 22:55:00+00:00,4117.737207916782,1,1,0,1,51,1.0,1,0.0,0
2026-01-04 23:04:00+00:00,374.7138014317162,1,1,0,0,12,1.0,1,0.0,0
2026-01-04 23:30:00+00:00,248.28157228101543,0,1,0,2,97,1.0,1,0.0,0
2026-01-04 23:44:00+00:00,1148.3232138540152,0,3,0,1,27,1.0,1,0.6666666666666666,0
2026-01-04 23:50:00+00:00,343.49327097495006,0,1,0,3,63,1.0,1,0.0,0
2026-01-05 00:14:00+00:00,137.8195004122617,0,1,0,3,42,1.0,1,0.0,0
2026-01-05 00:36:00+00:00,1073.7818558115996,0,1,0,6,356,1.0,1,0.0,0
2026-01-05 00:41:00+00:00,95.95645204471677,1,2,0,2,26,1.0,1,0.5,1
2026-01-05 01:09:00+00:00,1235.982870685899,0,3,0,0,83,1.0,1,0.6666666666666666,0
2026-01-05 02:21:00+00:00,727.6772463908532,0,1,0,1,341,1.0,1,0.0,0
2026-01-05 02:33:00+00:00,142.99788496527373,1,1,2,0,257,1.0,1,0.0,1
2026-01-05 02:34:00+00:00,639.2014426651135,1,1,0,1,177,1.0,1,0.0,0
2026-01-05 03:07:00+00:00,456.6594354812006,1,1,0,0,346,1.0,1,0.0,0
2026-01-05 04:50:00+00:00,424.5445575355092,0,4,0,0,81,1.0,1,0.75,0
2026-01-05 06:22:00+00:00,1495.0119071879883,0,1,0,1,70,1.0,1,0.0,0
2026-01-05 06:34:00+00:00,998.5441153858651,0,1,0,1,164,1.0,1,0.0,0
2026-01-05 08:37:00+00:00,686.1859805759955,0,2,0,1,41,1.0,1,0.5,0
2026-01-05 08:55:00+00:00,206.76404617887144,0,1,0,0,272,1.0,1,0.0,0
2026-01-05 11:44:00+00:00,233.8449735273987,0,1,0,0,223,1.0,1,0.0,0
2026-01-05 11:55:00+00:00,138.4037800669059,0,1,0,2,94,1.0,1,0.0,0
2026-01-05 12:31:00+00:00,187.14665323640952,0,1,0,3,63,1.0,1,0.0,0
2026-01-05 12:50:00+00:00,332.8262367085615,0,1,0,0,69,1.0,1,0.0,0
2026-01-05 13:08:00+00:00,3020.990498062824,0,1,0,2,280,1.0,1,0.0,0
2026-01-05 13:30:00+00:00,1033.9362612344437,1,1,0,1,17,1.0,1,0.0,0
2026-01-05 13:47:00+00:00,918.510367429674,0,1,0,0,274,1.0,1,0.0,0
2026-01-05 15:44:00+00:00,144.54305993201348,0,4,0,2,359,1.0,1,0.75,0
2026-01-05 17:21:00+00:00,271.2726000240071,1,1,0,1,49,1.0,1,0.0,0
2026-01-05 17:43:00+00:00,483.7775036707788,0,1,0,1,277,1.0,1,0.0,0
2026-01-05 18:19:00+00:00,554.9951277756784,0,4,0,2,57,1.0,1,0.75,0
2026-01-05 18:21:00+00:00,877.6922945252785,0,1,0,0,131,1.0,1,0.0,0
2026-01-05 19:49:00+00:00,65.5128529583912,0,1,0,1,140,1.0,1,0.0,0
2026-01-05 20:08:00+00:00,1291.642443078565,0,1,0,1,70,1.0,1,0.0,0
2026-01-05 21:05:00+00:00,2111.861336606997,0,1,0,1,356,1.0,1,0.0,0
2026-01-05 21:12:00+00:00,2071.1921718630647,0,1,0,1,251,1.0,1,0.0,0
2026-01-05 21:23:00+00:00,1092.5735042999347,0,1,0,0,34,1.0,1,0.0,0
2026-01-05 22:06:00+00:00,256.32455970729916,0,1,0,2,219,1.0,1,0.0,0
2026-01-05 22:19:00+00:00,610.8007810554979,1,3,0,0,121,1.0,1,0.6666666666666666,0
2026-01-05 23:30:00+00:00,908.5777062376569,0,1,0,1,41,1.0,1,0.0,0
2026-01-06 00:32:00+00:00,702.594524938188,0,1,0,0,185,1.0,2,0.0,0
2026-01-06 00:33:00+00:00,271.31273819091587,0,1,0,1,249,1.0,1,0.0,0
2026-01-06 00:35:00+00:00,5478.199014637131,0,1,0,0,94,1.0,1,0.0,0
2026-01-06 01:05:00+00:00,1717.743854128752,0,2,0,1,270,1.0,1,0.5,0
2026-01-06 01:50:00+00:00,1189.9439931137415,0,1,0,1,86,1.0,1,0.0,0
2026-01-06 02:25:00+00:00,665.1470477759993,0,4,0,4,46,1.0,1,0.75,0
2026-01-06 02:53:00+00:00,317.09339467097476,1,1,0,1,134,1.0,1,0.0,1
2026-01-06 03:19:00+00:00,1275.2318348254948,1,1,0,3,318,1.0,2,0.0,0
2026-01-06 03:35:00+00:00,80.65760544999017,0,1,0,2,260,1.0,1,0.0,0
2026-01-06 04:12:00+00:00,62.05429826294434,0,1,0,0,347,1.0,3,0.0,0
2026-01-06 04:21:00+00:00,475.4443359941861,0,1,0,1,217,1.0,1,0.0,0
2026-01-06 04:45:00+00:00,562.0816816732773,1,1,0,0,206,1.0,1,0.0,0
2026-01-06 05:31:00+00:00,1229.7678224934352,0,1,0,2,301,1.0,1,0.0,0
2026-01-06 05:33:00+00:00,603.4141823491167,0,1,2,1,118,1.0,1,0.0,1
2026-01-06 05:43:00+00:00,643.6066084668043,0,1,0,1,139,1.0,1,0.0,0
2026-01-06 06:01:00+00:00,575.3867825037921,1,1,0,0,306,1.0,1,0.0,0
2026-01-06 06:37:00+00:00,735.19031629913,0,3,0,1,330,1.0,2,0.6666666666666666,0
2026-01-06 07:22:00+00:00,163.80413970561483,0,2,0,3,127,1.0,1,0.5,0
2026-01-06 07:37:00+00:00,447.6907668555672,0,1,0,0,298,1.0,1,0.0,0
2026-01-06 08:04:00+00:00,326.5216606989811,1,1,0,1,270,1.0,1,0.0,0
2026-01-06 08:17:00+00:00,60.83596876727686,0,1,0,1,64,1.0,1,0.0,0
2026-01-06 10:13:00+00:00,782.7210473089423,0,1,1,1,245,1.0,1,0.0,0
2026-01-06 10:37:00+00:00,675.9671886562846,1,1,0,1,131,1.0,1,0.0,0
2026-01-06 11:27:00+00:00,1136.209129774898,0,1,0,0,260,1.0,1,0.0,0
2026-01-06 11:46:00+00:00,269.3242351559663,0,1,0,2,150,1.0,1,0.0,0
2026-01-06 12:08:00+00:00,493.9270487925619,1,1,0,0,342,1.0,1,0.0,0
2026-01-06 12:37:00+00:00,3024.17002380936,1,1,0,2,300,1.0,1,0.0,0
2026-01-06 12:41:00+00:00,1572.6947162655515,0,1,0,1,210,1.0,1,0.0,0
2026-01-06 12:47:00+00:00,623.0245091458116,0,1,0,3,157,1.0,2,0.0,0
2026-01-06 12:51:00+00:00,382.4834377693421,0,2,0,0,334,1.0,1,0.5,0
2026-01-06 13:27:00+00:00,1642.4647439461546,1,1,0,2,44,1.0,1,0.0,0
2026-01-06 13:44:00+00:00,1210.9602062868432,0,1,0,2,57,1.0,1,0.0,0
2026-01-06 13:56:00+00:00,3182.953268330739,0,1,0,1,319,1.0,1,0.0,0
2026-01-06 14:28:00+00:00,247.94070291047322,0,1,0,2,88,1.0,1,0.0,0
2026-01-06 14:30:00+00:00,378.5103494589618,0,1,0,4,52,1.0,2,0.0,0
2026-01-06 15:55:00+00:00,1369.8479281999103,0,1,0,1,111,1.0,1,0.0,0
2026-01-06 16:17:00+00:00,692.4442637716145,0,1,0,1,359,1.0,1,0.0,0
2026-01-06 16:50:00+00:00,529.3947268717957,0,1,0,2,259,1.0,1,0.0,0
2026-01-06 18:28:00+00:00,379.65884934458086,0,3,0,2,234,1.0,1,0.6666666666666666,0
2026-01-06 18:34:00+00:00,310.99852277303296,1,1,0,1,297,1.0,1,0.0,0
2026-01-06 18:48:00+00:00,238.38144753158392,1,1,0,1,273,1.0,1,0.0,1
2026-01-06 19:41:00+00:00,143.48921943344385,0,1,1,4,22,1.0,1,0.0,1
2026-01-06 20:38:00+00:00,179.0761674754396,0,1,0,2,36,1.0,1,0.0,0
2026-01-06 21:52:00+00:00,1425.1435179619075,0,2,0,0,262,1.0,1,0.5,0
2026-01-06 22:36:00+00:00,197.27165450762087,1,1,0,1,167,1.0,1,0.0,0
2026-01-06 22:52:00+00:00,539.455913528361,0,1,1,7,33,1.0,1,0.0,0
2026-01-06 23:25:00+00:00,3268.0378257542943,0,1,0,1,86,1.0,1,0.0,1
2026-01-06 23:45:00+00:00,95.39748394725925,1,2,0,0,88,1.0,2,0.5,0
2026-01-07 00:26:00+00:00,666.0104947964996,0,1,0,1,219,1.0,2,0.0,0
2026-01-07 01:06:00+00:00,222.7387482897815,0,1,0,2,237,1.0,1,0.0,0
2026-01-07 01:20:00+00:00,757.0568432276935,0,1,0,4,232,1.0,1,0.0,0
2026-01-07 01:20:00+00:00,119.437866392001,1,1,0,1,213,1.0,1,0.0,0
2026-01-07 01:49:00+00:00,345.72727920254187,0,1,0,1,243,1.0,1,0.0,0
2026-01-07 02:42:00+00:00,953.8356581639989,1,1,0,2,209,1.0,1,0.0,0
2026-01-07 05:57:00+00:00,666.1221408196386,0,4,0,1,223,1.0,1,0.75,0
2026-01-07 06:04:00+00:00,1064.359410088919,1,1,0,0,185,1.0,1,0.0,0
2026-01-07 07:18:00+00:00,758.7742531011652,1,1,1,4,14,1.0,2,0.0,1
2026-01-07 07:50:00+00:00,73.86601298901626,0,1,0,0,5,1.0,1,0.0,0
2026-01-07 08:51:00+00:00,545.0967904390795,0,1,0,1,38,1.0,1,0.0,0
2026-01-07 09:16:00+00:00,93.91405324593018,0,1,0,0,68,1.0,1,0.0,0
2026-01-07 10:28:00+00:00,317.70144401694546,1,1,0,1,68,1.0,1,0.0,0
2026-01-07 10:43:00+00:00,181.98162483954428,0,1,0,3,154,1.0,1,0.0,0
2026-01-07 11:04:00+00:00,664.944399985955,1,1,0,0,319,1.0,1,0.0,0
2026-01-07 11:04:00+00:00,187.0922128935193,1,1,0,1,137,1.0,1,0.0,0
2026-01-07 11:37:00+00:00,213.36833098868414,1,3,0,1,293,1.0,2,0.6666666666666666,0
2026-01-07 11:46:00+00:00,610.6000391015737,0,2,0,0,102,1.0,1,0.5,0
2026-01-07 11:48:00+00:00,1564.2040881379016,0,1,0,3,315,1.0,1,0.0,0
2026-01-07 12:12:00+00:00,1836.7707496711832,1,1,0,2,204,1.0,1,0.0,0
2026-01-07 12:39:00+00:00,270.75314123007223,0,1,0,0,350,1.0,1,0.0,0
2026-01-07 13:02:00+00:00,517.9247622006577,0,1,0,1,271,1.0,1,0.0,0
2026-01-07 13:15:00+00:00,118.7528982253935,1,1,0,0,131,1.0,1,0.0,0
2026-01-07 13:52:00+00:00,1573.5033808391822,0,1,0,0,96,1.0,1,0.0,0
2026-01-07 14:11:00+00:00,2630.144255738933,0,1,0,0,179,1.0,1,0.0,0
2026-01-07 14:23:00+00:00,1005.9181626584855,0,1,0,0,180,1.0,1,0.0,0
2026-01-07 14:25:00+00:00,292.52927284023167,1,2,0,1,304,1.0,3,0.5,0
2026-01-07 15:00:00+00:00,357.08967009327347,0,1,0,0,195,1.0,1,0.0,0
2026-01-07 15:29:00+00:00,891.8672517120092,1,2,0,0,65,1.0,1,0.5,0
2026-01-07 15:43:00+00:00,642.1346457228498,0,1,0,0,154,1.0,1,0.0,0
2026-01-07 15:56:00+00:00,255.38774553996294,1,1,0,2,317,1.0,1,0.0,0
2026-01-07 16:15:00+00:00,1556.3613488320775,0,1,0,1,328,1.0,1,0.0,0
2026-01-07 16:37:00+00:00,1604.7295052217976,0,1,0,1,349,1.0,1,0.0,0
2026-01-07 17:55:00+00:00,652.9918037414864,0,1,0,2,301,1.0,1,0.0,0
2026-01-07 18:06:00+00:00,601.4479580763643,0,1,0,0,111,1.0,1,0.0,0
2026-01-07 19:15:00+00:00,398.80197714917875,0,1,0,0,29,1.0,1,0.0,0
2026-01-07 19:57:00+00:00,582.9423877335886,0,1,0,0,152,1.0,1,0.0,0
2026-01-07 20:12:00+00:00,81.08946664659109,0,1,0,0,133,1.0,1,0.0,0
2026-01-07 20:45:00+00:00,1004.0769330740608,1,1,0,0,167,1.0,2,0.0,0
2026-01-07 21:21:00+00:00,1199.9676609827345,1,1,0,2,215,1.0,1,0.0,1
2026-01-07 21:27:00+00:00,104.6311136575418,0,2,0,1,336,1.0,2,0.5,0
2026-01-07 21:43:00+00:00,194.2008704253417,1,4,1,4,152,1.0,2,0.75,1
2026-01-07 22:04:00+00:00,374.34735719710807,1,1,0,0,265,1.0,1,0.0,0
2026-01-07 22:07:00+00:00,905.0349593678617,1,1,0,0,301,1.0,1,0.0,0
2026-01-07 23:48:00+00:00,1032.2469107186487,1,1,0,1,48,1.0,1,0.0,0
2026-01-08 00:23:00+00:00,887.8532987700701,1,2,0,1,324,1.0,1,0.5,0
2026-01-08 02:07:00+00:00,527.2335359143868,0,1,0,3,204,1.0,1,0.0,0
2026-01-08 02:07:00+00:00,874.4510559203526,0,1,0,1,137,1.0,2,0.0,0
2026-01-08 02:34:00+00:00,343.13129327007033,0,1,0,1,176,1.0,1,0.0,0
2026-01-08 03:32:00+00:00,1194.7756018915545,0,2,0,1,83,1.0,2,0.5,0
2026-01-08 04:25:00+00:00,206.52529008566307,0,1,0,0,6,1.0,2,0.0,0
2026-01-08 04:30:00+00:00,1338.883753055561,1,1,0,3,155,1.0,2,0.0,0
2026-01-08 04:40:00+00:00,1188.4232694364937,0,3,0,3,61,1.0,1,0.6666666666666666,0
2026-01-08 05:02:00+00:00,933.9216630920994,0,2,0,0,39,1.0,1,0.5,0
2026-01-08 06:02:00+00:00,295.91845748179315,0,1,0,1,113,1.0,1,0.0,0
2026-01-08 07:14:00+00:00,509.6498130468371,1,1,0,0,31,1.0,1,0.0,0
2026-01-08 07:32:00+00:00,3049.858276647755,0,1,1,2,273,1.0,1,0.0,0
2026-01-08 08:04:00+00:00,589.3157449864484,0,1,0,0,277,1.0,1,0.0,0
2026-01-08 08:07:00+00:00,3465.5453408430662,1,1,0,2,337,1.0,1,0.0,1
2026-01-08 08:28:00+00:00,470.0676442647151,1,1,0,1,181,1.0,1,0.0,0
2026-01-08 08:29:00+00:00,446.7056491203492,0,1,0,1,261,1.0,1,0.0,0
2026-01-08 09:18:00+00:00,1017.4512546413564,0,1,0,0,351,1.0,1,0.0,0
2026-01-08 09:31:00+00:00,1239.8289271642063,1,1,0,0,211,1.0,1,0.0,0
2026-01-08 10:19:00+00:00,990.8566725056855,0,1,0,1,243,1.0,2,0.0,0
2026-01-08 10:49:00+00:00,783.1629997190646,0,3,0,2,21,1.0,1,0.6666666666666666,0
2026-01-08 10:57:00+00:00,1851.9764263751576,0,1,0,3,130,1.0,1,0.0,0
2026-01-08 11:09:00+00:00,350.2900807301173,0,1,0,1,206,1.0,1,0.0,0
2026-01-08 11:45:00+00:00,728.3810416184423,0,3,0,2,245,1.0,2,0.6666666666666666,0
2026-01-08 11:54:00+00:00,139.2260362392346,1,1,1,2,54,1.0,1,0.0,1
2026-01-08 14:34:00+00:00,965.2083769563317,0,1,0,2,179,1.0,1,0.0,0
2026-01-08 15:29:00+00:00,300.1224740272845,0,4,0,3,234,1.0,1,0.75,0
2026-01-08 15:37:00+00:00,784.4909017477072,0,1,0,1,115,1.0,1,0.0,0
2026-01-08 15:43:00+00:00,824.9557233402676,1,1,0,0,0,1.0,1,0.0,0
2026-01-08 16:06:00+00:00,480.5232558236977,0,1,0,1,295,1.0,1,0.0,0
2026-01-08 16:09:00+00:00,711.2804368203242,0,1,0,3,291,1.0,1,0.0,0
2026-01-08 16:24:00+00:00,1679.0985988325774,1,1,0,1,3,1.0,1,0.0,0
2026-01-08 16:53:00+00:00,518.3394425227373,1,1,0,1,302,1.0,2,0.0,0
2026-01-08 16:54:00+00:00,658.3206963855365,0,1,0,2,50,1.0,1,0.0,0
2026-01-08 17:38:00+00:00,864.115494796722,1,1,0,1,116,1.0,2,0.0,0
2026-01-08 19:26:00+00:00,32.92847771048776,1,1,0,0,353,1.0,1,0.0,0
2026-01-08 20:12:00+00:00,3333.4398145622526,0,2,0,1,78,1.0,1,0.5,1
2026-01-08 20:22:00+00:00,1333.250651596402,1,4,0,0,342,1.0,1,0.75,0
2026-01-08 20:23:00+00:00,394.6366304480793,1,1,0,3,347,1.0,1,0.0,0
2026-01-08 20:39:00+00:00,205.27781141326477,1,1,0,2,159,1.0,1,0.0,0
2026-01-08 20:52:00+00:00,473.7012837527147,0,4,0,1,137,1.0,1,0.75,0
2026-01-08 20:58:00+00:00,276.0302041264364,0,1,0,0,352,1.0,1,0.0,0
2026-01-08 21:04:00+00:00,105.57103175499405,0,3,0,0,197,1.0,1,0.6666666666666666,0
2026-01-08 21:05:00+00:00,1103.0550430990136,0,1,0,0,128,1.0,1,0.0,0
2026-01-08 21:10:00+00:00,845.6506958704153,1,1,0,0,191,1.0,1,0.0,0
2026-01-08 21:50:00+00:00,618.6577944982442,0,1,0,1,35,1.0,1,0.0,0
2026-01-08 23:56:00+00:00,3194.036150336955,0,1,0,0,125,1.0,2,0.0,0
2026-01-09 00:14:00+00:00,2274.6784840222044,0,4,0,0,220,1.0,1,0.75,0
2026-01-09 00:19:00+00:00,3609.983499526334,0,2,0,0,20,1.0,1,0.5,0
2026-01-09 00:29:00+00:00,68.74816029873786,0,1,0,2,15,1.0,1,0.0,0
2026-01-09 00:35:00+00:00,173.48124857503367,1,1,0,2,96,1.0,1,0.0,0
2026-01-09 00:40:00+00:00,236.0296928638131,1,4,0,0,197,1.0,1,0.75,0
2026-01-09 00:49:00+00:00,1719.5033542285428,0,1,0,2,296,1.0,2,0.0,0
2026-01-09 01:20:00+00:00,2254.873664446367,0,1,0,1,54,1.0,1,0.0,0
2026-01-09 01:38:00+00:00,93.6540276994554,0,1,0,2,152,1.0,1,0.0,0
2026-01-09 03:45:00+00:00,812.0430729981924,0,1,0,2,165,1.0,1,0.0,0
2026-01-09 04:21:00+00:00,578.9372008929395,1,1,0,2,316,1.0,1,0.0,0
2026-01-09 05:06:00+00:00,434.42342923478094,0,1,0,1,195,1.0,1,0.0,0
2026-01-09 05:11:00+00:00,73.89566953278145,0,1,0,1,172,1.0,2,0.0,0
2026-01-09 05:51:00+00:00,350.42814375032685,0,1,0,2,114,1.0,1,0.0,0
2026-01-09 05:54:00+00:00,1438.552828538701,0,1,0,1,86,1.0,1,0.0,0
2026-01-09 06:58:00+00:00,2035.6948978084122,1,1,0,0,184,1.0,1,0.0,0
2026-01-09 07:22:00+00:00,567.650799431218,0,1,0,1,178,1.0,1,0.0,0
2026-01-09 07:44:00+00:00,1086.6390853235819,0,1,0,4,153,1.0,1,0.0,0
2026-01-09 08:26:00+00:00,443.90399493935917,1,2,0,1,3,1.0,1,0.5,0
2026-01-09 08:55:00+00:00,4908.259377279496,1,2,0,0,215,1.0,1,0.5,1
2026-01-09 09:02:00+00:00,2002.583983928397,0,2,0,1,183,1.0,1,0.5,0
2026-01-09 09:16:00+00:00,531.8955969329045,0,1,0,0,95,1.0,1,0.0,0
2026-01-09 09:40:00+00:00,219.2027048882576,1,2,0,1,257,1.0,1,0.5,0
2026-01-09 09:49:00+00:00,308.9220911602475,0,2,0,0,118,1.0,1,0.5,0
2026-01-09 09:55:00+00:00,204.719012050102,1,1,0,1,166,1.0,2,0.0,0
2026-01-09 10:00:00+00:00,74.01295354936242,1,1,0,0,180,1.0,1,0.0,0
2026-01-09 10:29:00+00:00,1458.2494556630265,0,1,0,1,316,1.0,1,0.0,0
2026-01-09 10:30:00+00:00,400.13147553480576,0,2,0,1,299,1.0,1,0.5,0
2026-01-09 10:55:00+00:00,2129.39205497495,1,1,0,2,248,1.0,1,0.0,1
2026-01-09 11:33:00+00:00,1067.8275771947872,0,1,0,1,201,1.0,1,0.0,0
2026-01-09 11:39:00+00:00,567.5596267819834,0,2,0,0,239,1.0,1,0.5,0
2026-01-09 11:44:00+00:00,306.75474172389676,0,1,0,1,104,1.0,2,0.0,0
2026-01-09 12:49:00+00:00,880.6170968957995,1,1,0,1,57,1.0,1,0.0,0
2026-01-09 13:06:00+00:00,218.82131773127074,0,1,0,4,307,1.0,1,0.0,0
2026-01-09 13:23:00+00:00,56.89725757960944,1,1,0,1,338,1.0,1,0.0,0
2026-01-09 13:36:00+00:00,207.28640707786528,1,1,0,1,245,1.0,2,0.0,0
2026-01-09 13:56:00+00:00,351.25504206623486,0,1,0,0,256,1.0,1,0.0,0
2026-01-09 14:00:00+00:00,529.2439902224353,0,1,0,2,128,1.0,2,0.0,0
2026-01-09 14:19:00+00:00,141.84999797576927,0,1,0,1,250,1.0,1,0.0,0
2026-01-09 14:59:00+00:00,6672.546725152737,0,1,0,0,292,1.0,1,0.0,0
2026-01-09 15:47:00+00:00,529.344642661438,0,1,0,0,109,1.0,2,0.0,0
2026-01-09 16:17:00+00:00,1003.4378739218245,0,1,0,0,108,1.0,1,0.0,0
2026-01-09 19:06:00+00:00,2546.563899004995,0,1,1,5,71,1.0,1,0.0,1
2026-01-09 20:35:00+00:00,116.87523380526173,0,2,0,0,357,1.0,1,0.5,0
2026-01-09 20:43:00+00:00,122.65742178593173,0,4,0,1,115,1.0,1,0.75,0
2026-01-09 21:00:00+00:00,1969.5782000155361,0,1,0,0,299,1.0,1,0.0,0
2026-01-09 21:29:00+00:00,690.1496003372683,0,1,0,3,126,1.0,1,0.0,0
2026-01-09 21:38:00+00:00,689.6472081190684,0,4,0,0,177,1.0,1,0.75,0
2026-01-09 21:48:00+00:00,161.24385903819132,0,2,0,1,24,1.0,2,0.5,0
2026-01-09 21:54:00+00:00,730.9300894963249,0,4,2,2,59,1.0,1,0.75,1
2026-01-09 22:39:00+00:00,642.098524636619,0,1,0,0,43,1.0,1,0.0,0
2026-01-09 23:10:00+00:00,5307.229593096683,1,1,0,1,319,1.0,1,0.0,0
2026-01-09 23:38:00+00:00,295.66826821707076,0,3,0,2,235,1.0,1,0.6666666666666666,0
2026-01-09 23:40:00+00:00,767.8014848838553,0,1,0,1,250,1.0,2,0.0,0
2026-01-10 03:00:00+00:00,909.6524575656399,0,1,1,1,301,1.0,1,0.0,0
2026-01-10 04:24:00+00:00,848.1053474647429,1,3,0,1,172,1.0,1,0.6666666666666666,0
2026-01-10 04:33:00+00:00,330.25292459431637,0,3,0,0,250,1.0,3,0.6666666666666666,0
2026-01-10 05:01:00+00:00,538.2461133942194,0,3,0,0,98,1.0,2,0.6666666666666666,0
2026-01-10 05:05:00+00:00,540.4363108566045,0,1,0,1,277,1.0,1,0.0,0
2026-01-10 05:28:00+00:00,378.2526952692924,0,1,0,0,276,1.0,1,0.0,0
2026-01-10 07:06:00+00:00,52.7127811372992,1,1,0,2,85,1.0,1,0.0,0
2026-01-10 07:23:00+00:00,173.72925268111285,0,1,0,0,354,1.0,1,0.0,0
2026-01-10 07:48:00+00:00,1618.1927448338606,0,1,1,3,169,1.0,1,0.0,0
2026-01-10 08:00:00+00:00,615.422450265053,0,1,0,1,122,1.0,1,0.0,0
2026-01-10 08:04:00+00:00,283.962748750617,0,4,0,1,170,1.0,1,0.75,0
2026-01-10 08:10:00+00:00,681.4524422691057,1,3,0,0,302,1.0,1,0.6666666666666666,0
2026-01-10 09:45:00+00:00,251.58550574961998,0,1,0,0,130,1.0,1,0.0,0
2026-01-10 10:09:00+00:00,115.69781562727323,0,4,0,1,1,1.0,1,0.75,0
2026-01-10 12:02:00+00:00,347.87555515510553,0,1,0,2,101,1.0,1,0.0,0
2026-01-10 12:09:00+00:00,327.8310932932134,0,1,0,1,200,1.0,1,0.0,0
2026-01-10 12:23:00+00:00,860.6482281339446,0,1,0,1,307,1.0,1,0.0,0
2026-01-10 12:51:00+00:00,212.23122628151975,0,1,0,1,245,1.0,2,0.0,0
2026-01-10 13:37:00+00:00,301.8327600474239,0,1,0,2,249,1.0,1,0.0,0
2026-01-10 13:40:00+00:00,247.60095052053458,0,1,0,0,218,1.0,1,0.0,0
2026-01-10 14:07:00+00:00,5719.8259238596165,0,1,0,0,185,1.0,1,0.0,0
2026-01-10 15:17:00+00:00,750.7641027699923,0,1,0,0,309,1.0,1,0.0,0
2026-01-10 15:33:00+00:00,416.07063982793846,0,1,0,0,4,1.0,1,0.0,0
2026-01-10 17:06:00+00:00,291.27104459929933,0,1,0,2,292,1.0,2,0.0,0
2026-01-10 17:36:00+00:00,405.38253742365015,0,1,0,0,362,1.0,1,0.0,0
2026-01-10 17:46:00+00:00,210.21828993197676,0,3,0,1,5,1.0,1,0.6666666666666666,0
2026-01-10 17:46:00+00:00,748.5275678035389,1,2,0,0,67,1.0,1,0.5,0
2026-01-10 18:20:00+00:00,1267.4367245041121,0,1,0,0,289,1.0,1,0.0,0
2026-01-10 19:23:00+00:00,1567.876610523523,0,1,0,1,327,1.0,2,0.0,0
2026-01-10 19:26:00+00:00,501.70361433799485,0,1,0,0,98,1.0,1,0.0,0
2026-01-10 19:53:00+00:00,332.1392811001989,0,1,0,0,73,1.0,1,0.0,0
2026-01-10 21:40:00+00:00,154.65181820899258,0,1,0,1,78,1.0,1,0.0,0
2026-01-10 21:54:00+00:00,199.2337156767158,0,1,0,0,310,1.0,1,0.0,0
2026-01-10 22:38:00+00:00,566.7278311158799,0,1,0,2,220,1.0,1,0.0,0
2026-01-10 23:17:00+00:00,369.043485318953,0,1,0,0,136,1.0,1,0.0,0
2026-01-10 23:42:00+00:00,3407.4932009470326,0,1,0,1,66,1.0,2,0.0,0
2026-01-10 23:49:00+00:00,468.07133633017287,0,1,0,0,121,1.0,1,0.0,0
2026-01-10 23:50:00+00:00,434.01829051264883,0,1,0,3,353,1.0,1,0.0,0
2026-01-10 23:57:00+00:00,1395.5082301220737,0,2,0,0,120,1.0,2,0.5,0
2026-01-11 00:29:00+00:00,831.8720678902138,0,1,0,1,127,1.0,1,0.0,0
2026-01-11 00:39:00+00:00,778.5605279058126,0,2,0,0,273,1.0,1,0.5,0
2026-01-11 01:21:00+00:00,330.4034136362129,1,3,0,1,329,1.0,1,0.6666666666666666,0
2026-01-11 01:37:00+00:00,1326.745078058192,0,1,0,0,86,1.0,1,0.0,0
2026-01-11 01:46:00+00:00,613.0073989804956,0,1,0,1,14,1.0,1,0.0,0
2026-01-11 03:08:00+00:00,5569.421828990076,0,1,0,0,281,1.0,1,0.0,0
2026-01-11 03:16:00+00:00,243.66994885680737,1,2,0,1,65,1.0,1,0.5,0
2026-01-11 03:53:00+00:00,2078.2027916350544,0,1,0,1,76,1.0,1,0.0,0
2026-01-11 04:10:00+00:00,340.039586457628,0,1,0,1,132,1.0,1,0.0,0
2026-01-11 04:37:00+00:00,793.3293830332764,0,1,0,0,31,1.0,1,0.0,1
2026-01-11 04:38:00+00:00,406.6179529880902,1,1,0,1,242,1.0,2,0.0,0
2026-01-11 05:16:00+00:00,225.76060038757453,0,1,0,0,161,1.0,1,0.0,0
2026-01-11 05:43:00+00:00,124.61585982139276,0,1,0,0,163,1.0,1,0.0,0
2026-01-11 06:20:00+00:00,212.8167012710561,0,1,0,2,62,1.0,1,0.0,0
2026-01-11 06:39:00+00:00,499.3017745719879,1,2,0,1,360,1.0,1,0.5,0
2026-01-11 07:39:00+00:00,2223.641341354679,0,1,0,3,222,1.0,1,0.0,0
2026-01-11 08:35:00+00:00,1845.6889431835168,0,2,0,0,317,1.0,1,0.5,0
2026-01-11 08:45:00+00:00,112.77071900468053,0,1,0,2,120,1.0,1,0.0,0
2026-01-11 09:15:00+00:00,680.9439252629418,1,1,0,2,228,1.0,1,0.0,0
2026-01-11 09:23:00+00:00,1025.698683375536,0,1,0,0,201,1.0,1,0.0,0
2026-01-11 09:55:00+00:00,1767.545063793568,0,1,0,3,178,1.0,1,0.0,0
2026-01-11 10:29:00+00:00,1992.7881202736078,0,1,2,6,275,1.0,1,0.0,0
2026-01-11 10:52:00+00:00,353.37594589582943,1,2,0,1,131,1.0,1,0.5,0
2026-01-11 11:28:00+00:00,1437.0456954457413,0,3,0,3,290,1.0,1,0.6666666666666666,0
2026-01-11 11:56:00+00:00,393.45489138016325,0,1,0,0,176,1.0,1,0.0,0
2026-01-11 12:31:00+00:00,717.8387618358802,1,1,0,1,331,1.0,1,0.0,0
2026-01-11 13:05:00+00:00,1914.7262295640871,1,1,0,2,334,1.0,1,0.0,0
2026-01-11 13:36:00+00:00,168.05580200867584,0,1,0,2,164,1.0,1,0.0,1
2026-01-11 14:10:00+00:00,806.3603221128712,0,1,0,0,6,1.0,1,0.0,0
2026-01-11 14:14:00+00:00,405.3187380040402,1,1,0,2,136,1.0,1,0.0,0
2026-01-11 14:42:00+00:00,576.6756394073973,0,2,0,0,330,1.0,1,0.5,0
2026-01-11 16:12:00+00:00,83.47049858853305,0,1,0,1,56,1.0,1,0.0,0
2026-01-11 16:25:00+00:00,548.719205035992,0,1,0,0,292,1.0,1,0.0,0
2026-01-11 16:41:00+00:00,445.0550484366915,0,1,0,4,302,1.0,1,0.0,0
2026-01-11 17:14:00+00:00,314.1259987887603,0,1,0,0,57,1.0,1,0.0,0
2026-01-11 17:59:00+00:00,170.92472622815467,0,1,0,2,216,1.0,1,0.0,0
2026-01-11 18:05:00+00:00,1083.2374027307928,0,3,0,0,193,1.0,1,0.6666666666666666,0
2026-01-11 18:07:00+00:00,3700.91995303537,1,1,0,2,106,1.0,1,0.0,1
2026-01-11 18:42:00+00:00,241.99583562718416,0,1,0,1,166,1.0,1,0.0,0
2026-01-11 18:44:00+00:00,128.97565335245267,1,1,0,1,3,1.0,1,0.0,0
2026-01-11 18:54:00+00:00,245.3351599646396,0,1,0,0,290,1.0,1,0.0,0
2026-01-11 19:00:00+00:00,143.1454701349224,0,1,0,0,340,1.0,1,0.0,0
2026-01-11 19:48:00+00:00,1106.9408294948907,1,2,0,5,309,1.0,1,0.5,1
2026-01-11 21:48:00+00:00,1318.4412642663299,0,1,0,0,175,1.0,1,0.0,0
2026-01-11 22:13:00+00:00,759.9695142530494,0,1,0,1,8,1.0,1,0.0,0
2026-01-11 22:14:00+00:00,174.06905560895774,0,2,0,2,45,1.0,2,0.5,0
2026-01-11 22:15:00+00:00,2965.788203725835,0,1,0,0,210,1.0,1,0.0,0
2026-01-11 23:11:00+00:00,296.6103790468038,0,1,0,0,167,1.0,1,0.0,0
2026-01-12 00:56:00+00:00,102.55503526703447,0,1,0,3,127,1.0,1,0.0,0
2026-01-12 02:29:00+00:00,1533.9189918494333,1,1,0,1,127,1.0,1,0.0,0
2026-01-12 02:34:00+00:00,558.7154343055863,0,1,0,0,272,1.0,1,0.0,0
2026-01-12 02:37:00+00:00,1629.2881354047645,1,1,0,2,111,1.0,1,0.0,0
2026-01-12 02:54:00+00:00,3293.5158139047417,1,1,0,1,257,1.0,1,0.0,0
2026-01-12 03:09:00+00:00,693.107539122728,1,1,0,3,239,1.0,1,0.0,0
2026-01-12 03:32:00+00:00,1102.3062853117563,0,4,0,0,158,1.0,2,0.75,0
2026-01-12 03:41:00+00:00,574.4560652500455,0,1,0,2,90,1.0,2,0.0,0
2026-01-12 04:25:00+00:00,1935.840762696296,0,4,0,0,79,1.0,1,0.75,0
2026-01-12 04:36:00+00:00,458.5829350249929,0,1,0,2,11,1.0,1,0.0,0
2026-01-12 04:58:00+00:00,2038.8866648324101,0,1,0,0,145,1.0,1,0.0,0
2026-01-12 07:19:00+00:00,103.01965824879188,0,1,0,1,351,1.0,1,0.0,0
2026-01-12 07:44:00+00:00,1331.1957765209033,0,1,0,0,99,1.0,2,0.0,0
2026-01-12 08:44:00+00:00,573.8695944684852,0,1,0,1,49,1.0,1,0.0,0
2026-01-12 08:45:00+00:00,447.1622118401559,0,1,1,4,136,1.0,2,0.0,0
2026-01-12 08:51:00+00:00,505.7267646737943,0,1,0,1,60,1.0,2,0.0,0
2026-01-12 08:55:00+00:00,5519.919375332778,0,1,0,0,56,1.0,3,0.0,0
2026-01-12 09:09:00+00:00,271.79365321845586,0,1,0,0,152,1.0,1,0.0,0
2026-01-12 09:47:00+00:00,727.4715235518914,0,1,0,0,96,1.0,2,0.0,0
2026-01-12 11:35:00+00:00,530.8967036895192,1,1,1,7,319,1.0,1,0.0,1
2026-01-12 11:55:00+00:00,1067.2280233584916,0,1,0,0,136,1.0,2,0.0,0
2026-01-12 12:02:00+00:00,146.73681328176298,1,4,0,0,229,1.0,3,0.75,0
2026-01-12 14:29:00+00:00,564.2223813587833,1,1,0,3,319,1.0,1,0.0,0
2026-01-12 14:45:00+00:00,96.95343637537393,1,1,0,1,241,1.0,3,0.0,0
2026-01-12 17:51:00+00:00,160.0451489049074,0,1,0,0,188,1.0,2,0.0,0
2026-01-12 18:12:00+00:00,1407.6310583673283,0,4,0,1,236,1.0,2,0.75,0
2026-01-12 18:19:00+00:00,119.06036352792381,0,1,0,0,79,1.0,2,0.0,0
2026-01-12 18:20:00+00:00,759.7553057781768,0,1,0,1,142,1.0,1,0.0,0
2026-01-12 18:44:00+00:00,1335.4771678850766,0,1,0,4,62,1.0,1,0.0,0
2026-01-12 18:58:00+00:00,1060.8694119030129,0,3,0,0,68,1.0,2,0.6666666666666666,0
2026-01-12 19:04:00+00:00,583.242961052349,1,1,2,6,364,1.0,1,0.0,1
2026-01-12 19:19:00+00:00,539.762488178748,0,1,0,2,172,1.0,1,0.0,0
2026-01-12 20:29:00+00:00,719.75864173228,1,2,0,2,312,1.0,1,0.5,1
2026-01-12 20:33:00+00:00,579.8219935198781,0,1,0,2,122,1.0,1,0.0,0
2026-01-12 20:47:00+00:00,8245.328136807044,0,1,0,0,282,1.0,1,0.0,0
2026-01-12 21:18:00+00:00,184.3918371743105,1,1,0,2,259,1.0,1,0.0,0
2026-01-12 21:40:00+00:00,2530.281736885284,0,1,0,2,126,1.0,1,0.0,0
2026-01-12 21:43:00+00:00,515.1479349229764,0,1,0,1,342,1.0,1,0.0,0
2026-01-12 21:52:00+00:00,215.4686823944947,0,2,0,1,123,1.0,2,0.5,0
2026-01-12 22:34:00+00:00,175.47959133892198,0,1,0,3,0,1.0,2,0.0,0
2026-01-12 23:21:00+00:00,714.4600308257708,0,4,0,1,174,1.0,1,0.75,0
2026-01-13 00:17:00+00:00,1108.5978666850933,1,1,0,1,56,1.0,2,0.0,0
2026-01-13 00:20:00+00:00,4618.8739332258865,0,1,0,0,203,1.0,1,0.0,0
2026-01-13 01:07:00+00:00,3216.446418525333,0,1,0,1,268,1.0,1,0.0,0
2026-01-13 01:28:00+00:00,1771.875520036253,1,2,0,1,346,1.0,2,0.5,0
2026-01-13 02:13:00+00:00,248.23352239874504,1,1,1,3,303,1.0,2,0.0,1
2026-01-13 03:22:00+00:00,151.03281379806737,0,1,0,0,298,1.0,1,0.0,0
2026-01-13 03:49:00+00:00,928.0126479378588,0,1,0,2,233,1.0,1,0.0,0
2026-01-13 04:09:00+00:00,798.7958436696413,1,1,0,3,200,1.0,1,0.0,0
2026-01-13 05:53:00+00:00,132.1869876407364,0,1,0,1,2,1.0,1,0.0,0
2026-01-13 06:00:00+00:00,444.0519875016155,1,1,0,2,188,1.0,2,0.0,0
2026-01-13 06:29:00+00:00,337.7894626376975,0,1,0,1,40,1.0,1,0.0,0
2026-01-13 07:18:00+00:00,2583.4152286896924,1,1,1,4,212,1.0,1,0.0,1
2026-01-13 07:27:00+00:00,430.94595560391065,0,1,0,1,205,1.0,1,0.0,0
2026-01-13 08:12:00+00:00,347.0002731238575,0,1,0,1,169,1.0,1,0.0,0
2026-01-13 09:04:00+00:00,541.4356948894921,0,4,0,0,197,1.0,1,0.75,0
2026-01-13 09:42:00+00:00,48.15141916814834,0,1,0,1,72,1.0,1,0.0,0
2026-01-13 11:15:00+00:00,999.9628304616623,0,1,0,1,187,1.0,1,0.0,0
2026-01-13 12:19:00+00:00,237.04426750415928,0,1,0,1,106,1.0,1,0.0,0
2026-01-13 12:47:00+00:00,421.0493201806633,0,1,0,0,346,1.0,1,0.0,0
2026-01-13 13:10:00+00:00,398.61005990338265,0,1,0,1,130,1.0,3,0.0,0
2026-01-13 13:13:00+00:00,1346.637685780104,0,1,0,1,330,1.0,1,0.0,0
2026-01-13 13:14:00+00:00,2266.239301849511,1,2,0,1,66,1.0,1,0.5,1
2026-01-13 13:39:00+00:00,2058.3600332995647,1,1,0,1,136,1.0,2,0.0,0
2026-01-13 14:15:00+00:00,165.44368598284112,0,1,0,1,100,1.0,1,0.0,0
2026-01-13 14:37:00+00:00,701.2111169598857,1,4,0,2,261,1.0,1,0.75,0
2026-01-13 14:54:00+00:00,854.5645941752672,0,1,0,0,70,1.0,2,0.0,0
2026-01-13 17:13:00+00:00,2134.4161944933794,1,1,0,1,318,1.0,2,0.0,0
2026-01-13 17:20:00+00:00,495.20420561538015,0,1,0,1,223,1.0,1,0.0,0
2026-01-13 17:25:00+00:00,1090.6521737484295,1,1,0,0,320,1.0,1,0.0,0
2026-01-13 17:54:00+00:00,339.37318812121595,0,1,0,3,247,1.0,2,0.0,0
2026-01-13 18:42:00+00:00,1906.6339606604442,0,1,0,1,189,1.0,2,0.0,0
2026-01-13 20:02:00+00:00,236.07899493197064,0,1,0,1,176,1.0,1,0.0,0
2026-01-13 20:09:00+00:00,1235.9181568050124,0,1,0,1,347,1.0,2,0.0,0
2026-01-13 21:17:00+00:00,1158.9779134493447,0,1,0,3,271,1.0,1,0.0,0
2026-01-13 22:58:00+00:00,432.26271908038336,1,1,0,0,247,1.0,1,0.0,0
2026-01-13 23:07:00+00:00,42.279284318357995,0,1,0,1,233,1.0,1,0.0,0
2026-01-13 23:46:00+00:00,319.54495714269234,0,1,0,1,202,1.0,1,0.0,0
2026-01-14 00:32:00+00:00,670.1395343804428,0,1,0,1,178,1.0,1,0.0,0
2026-01-14 00:36:00+00:00,797.4801776057495,0,1,0,0,45,1.0,2,0.0,0
2026-01-14 00:48:00+00:00,559.3035009238017,0,3,0,1,299,1.0,1,0.6666666666666666,0
2026-01-14 01:20:00+00:00,587.1004486385804,0,1,0,2,246,1.0,1,0.0,0
2026-01-14 01:27:00+00:00,161.33515115633728,0,1,0,0,22,1.0,1,0.0,0
2026-01-14 01:50:00+00:00,880.2217924110555,0,1,0,2,176,1.0,1,0.0,0
2026-01-14 02:07:00+00:00,490.1542289311606,1,3,0,3,55,1.0,1,0.6666666666666666,0
2026-01-14 02:48:00+00:00,2432.1069946675707,0,1,0,0,174,1.0,1,0.0,0
2026-01-14 04:30:00+00:00,76.1594308064976,1,1,0,1,51,1.0,1,0.0,0
2026-01-14 04:48:00+00:00,2470.335093223268,1,1,0,0,314,1.0,1,0.0,0
2026-01-14 05:03:00+00:00,596.6625906607352,0,1,0,3,58,1.0,3,0.0,0
2026-01-14 05:13:00+00:00,157.32379494488407,0,1,1,3,314,1.0,1,0.0,1
2026-01-14 05:43:00+00:00,93.99443742699157,1,1,1,3,103,1.0,1,0.0,1
2026-01-14 06:17:00+00:00,1501.0543624646539,0,1,0,3,153,1.0,1,0.0,0
2026-01-14 06:42:00+00:00,1781.9892623255037,0,1,0,1,74,1.0,1,0.0,0
2026-01-14 07:16:00+00:00,1444.9054980407254,0,1,0,1,60,1.0,1,0.0,0
2026-01-14 07:19:00+00:00,103.68740874046792,1,1,0,0,21,1.0,1,0.0,0
2026-01-14 07:29:00+00:00,370.1009299459,1,1,0,0,52,1.0,1,0.0,0
2026-01-14 07:59:00+00:00,605.2600103730351,0,1,0,0,20,1.0,1,0.0,0
2026-01-14 09:28:00+00:00,448.724730901215,1,1,0,2,244,1.0,1,0.0,0
2026-01-14 09:49:00+00:00,1392.6521470256735,0,1,0,2,351,1.0,1,0.0,0
2026-01-14 10:17:00+00:00,160.30053078040964,0,1,0,0,99,1.0,2,0.0,0
2026-01-14 10:20:00+00:00,95.75517603103287,0,1,0,0,113,1.0,1,0.0,0
2026-01-14 10:26:00+00:00,718.6673212506679,0,1,0,3,77,1.0,1,0.0,0
2026-01-14 11:23:00+00:00,241.88625283557585,0,1,0,1,181,1.0,3,0.0,0
2026-01-14 11:24:00+00:00,974.2292696126048,0,1,0,0,111,1.0,2,0.0,0
2026-01-14 12:37:00+00:00,96.44904758225383,0,1,0,1,84,1.0,1,0.0,0
2026-01-14 13:10:00+00:00,701.1416188748879,0,1,0,2,196,1.0,2,0.0,0
2026-01-14 13:15:00+00:00,217.60407643436923,0,4,0,0,63,1.0,1,0.75,0
2026-01-14 14:50:00+00:00,1462.1523807574122,0,1,0,1,157,1.0,2,0.0,0
2026-01-14 15:02:00+00:00,2268.866366917955,1,1,0,2,45,1.0,1,0.0,0
2026-01-14 15:03:00+00:00,309.1201977542682,1,1,0,1,355,1.0,1,0.0,0
2026-01-14 15:07:00+00:00,267.17645044331357,0,1,0,0,274,1.0,1,0.0,0
2026-01-14 15:39:00+00:00,1255.8366380575212,0,3,0,1,97,1.0,1,0.6666666666666666,0
2026-01-14 15:55:00+00:00,381.3467278463373,0,1,0,2,195,1.0,1,0.0,0
2026-01-14 16:51:00+00:00,451.3404937356398,0,2,1,2,85,1.0,1,0.5,0
2026-01-14 16:58:00+00:00,4301.031900852562,1,1,0,1,162,1.0,1,0.0,0
2026-01-14 17:33:00+00:00,1629.177306884378,0,1,0,0,196,1.0,1,0.0,0
2026-01-14 17:42:00+00:00,199.90832077923324,1,3,0,1,137,1.0,1,0.6666666666666666,0
2026-01-14 17:47:00+00:00,300.0463476213538,0,1,0,1,339,1.0,3,0.0,0
2026-01-14 18:16:00+00:00,470.9466565475833,0,1,0,0,281,1.0,2,0.0,0
2026-01-14 18:16:00+00:00,79.26337594081723,0,1,0,1,34,1.0,1,0.0,0
2026-01-14 19:10:00+00:00,3085.1127274502032,0,1,0,1,85,1.0,1,0.0,0
2026-01-14 20:55:00+00:00,210.34538828388912,0,1,0,0,222,1.0,2,0.0,0
2026-01-14 21:11:00+00:00,1715.1401514836548,0,1,1,1,105,1.0,1,0.0,0
2026-01-14 21:16:00+00:00,103.58057590818339,1,1,0,0,333,1.0,2,0.0,0
2026-01-14 21:59:00+00:00,769.3464286440169,1,4,0,1,272,1.0,2,0.75,0
2026-01-14 22:04:00+00:00,277.6707449101212,0,1,0,0,204,1.0,1,0.0,0
2026-01-14 22:05:00+00:00,112.40666261427054,1,1,0,2,314,1.0,1,0.0,0
2026-01-14 22:16:00+00:00,919.8951923232612,0,1,0,1,102,1.0,3,0.0,0
2026-01-14 22:16:00+00:00,724.4042982636006,0,2,0,2,86,1.0,2,0.5,0
2026-01-14 22:34:00+00:00,37.90016169308611,0,1,0,2,344,1.0,1,0.0,0
2026-01-14 22:52:00+00:00,1067.6413548725013,0,2,0,0,222,1.0,2,0.5,0
2026-01-14 23:04:00+00:00,363.7379447734576,1,2,0,2,211,1.0,1,0.5,0
2026-01-14 23:56:00+00:00,2180.4527026638616,1,1,0,0,120,1.0,2,0.0,0
2026-01-14 23:59:00+00:00,133.35786280895556,1,1,0,1,281,1.0,2,0.0,0
2026-01-15 00:09:00+00:00,714.5140210537722,0,1,0,0,341,1.0,1,0.0,0
2026-01-15 00:27:00+00:00,98.61850037486141,1,3,0,2,227,1.0,1,0.6666666666666666,0
2026-01-15 02:43:00+00:00,495.01305017482196,0,1,0,3,277,1.0,1,0.0,0
2026-01-15 03:25:00+00:00,346.2851085954102,0,1,1,6,239,1.0,1,0.0,0
2026-01-15 03:29:00+00:00,920.524989715926,0,1,0,0,323,1.0,1,0.0,0
2026-01-15 03:49:00+00:00,896.8007062137083,1,1,0,1,133,1.0,1,0.0,1
2026-01-15 04:31:00+00:00,540.0415283936222,0,3,0,1,229,1.0,2,0.6666666666666666,0
2026-01-15 05:00:00+00:00,79.1123277527438,0,1,0,0,141,1.0,2,0.0,0
2026-01-15 05:18:00+00:00,241.4327098985425,0,1,0,2,107,1.0,1,0.0,0
2026-01-15 06:46:00+00:00,1119.554236419607,0,1,0,1,33,1.0,2,0.0,0
2026-01-15 06:47:00+00:00,331.7871962891371,0,1,0,2,322,1.0,1,0.0,0
2026-01-15 07:01:00+00:00,849.6501159984796,1,1,0,2,175,1.0,1,0.0,0
2026-01-15 07:29:00+00:00,316.37432957592915,1,3,0,0,95,1.0,1,0.6666666666666666,0
2026-01-15 08:15:00+00:00,383.9679600472818,0,1,0,0,185,1.0,1,0.0,0
2026-01-15 09:11:00+00:00,171.8217712384693,1,1,0,0,7,1.0,1,0.0,0
2026-01-15 10:48:00+00:00,488.62408769677097,0,1,0,1,294,1.0,1,0.0,0
2026-01-15 11:16:00+00:00,282.3336862986897,1,1,0,3,208,1.0,1,0.0,0
2026-01-15 11:35:00+00:00,3661.0089550833745,0,1,0,0,353,1.0,1,0.0,0
2026-01-15 11:54:00+00:00,74.83418978728172,0,1,1,2,327,1.0,2,0.0,1
2026-01-15 12:42:00+00:00,155.23493129405244,1,1,0,3,271,1.0,2,0.0,0
2026-01-15 12:43:00+00:00,943.4853315790377,0,1,0,3,49,1.0,1,0.0,0
2026-01-15 13:06:00+00:00,858.0432365747525,1,1,0,0,51,1.0,1,0.0,0
2026-01-15 13:11:00+00:00,374.2741359458717,0,1,0,2,45,1.0,2,0.0,0
2026-01-15 13:28:00+00:00,160.24876267208236,0,1,0,0,54,1.0,1,0.0,0
2026-01-15 14:42:00+00:00,230.91766652364157,0,1,0,1,187,1.0,1,0.0,0
2026-01-15 14:58:00+00:00,592.036874569622,0,1,0,4,202,1.0,2,0.0,0
2026-01-15 15:07:00+00:00,1234.0553377810168,1,1,0,1,86,1.0,1,0.0,0
2026-01-15 16:52:00+00:00,152.986160914477,0,2,0,0,201,1.0,2,0.5,0
2026-01-15 17:02:00+00:00,120.98454302672289,1,1,0,0,259,1.0,1,0.0,0
2026-01-15 17:33:00+00:00,1330.2655789546357,0,2,0,2,82,1.0,1,0.5,0
2026-01-15 18:13:00+00:00,148.3056592718887,0,1,0,0,311,1.0,1,0.0,0
2026-01-15 18:34:00+00:00,1684.1542866226334,1,1,0,0,344,1.0,1,0.0,0
2026-01-15 18:41:00+00:00,2190.961433302451,0,1,0,2,172,1.0,1,0.0,0
2026-01-15 19:00:00+00:00,2800.6092414457353,0,1,0,0,346,1.0,1,0.0,0
2026-01-15 19:23:00+00:00,81.22307852724467,1,2,0,1,202,1.0,1,0.5,0
2026-01-15 19:41:00+00:00,54.62804742207715,1,1,0,0,350,1.0,1,0.0,0
2026-01-15 20:00:00+00:00,423.8777734604728,0,2,0,0,46,1.0,1,0.5,0
2026-01-15 20:21:00+00:00,142.01168887823246,0,1,0,1,237,1.0,1,0.0,0
2026-01-15 20:30:00+00:00,124.37203385727443,0,1,0,2,65,1.0,1,0.0,0
2026-01-15 20:38:00+00:00,466.1037586492708,0,1,0,2,109,1.0,1,0.0,0
2026-01-15 21:18:00+00:00,1144.8241312640598,1,1,0,1,289,1.0,3,0.0,0
2026-01-15 21:27:00+00:00,649.2272020903629,1,1,0,1,119,1.0,2,0.0,0
2026-01-15 21:27:00+00:00,393.0199130907635,0,1,0,1,72,1.0,1,0.0,0
2026-01-15 22:18:00+00:00,788.9534484964172,0,1,0,3,106,1.0,1,0.0,0
2026-01-15 22:38:00+00:00,264.54737200052784,0,1,0,1,184,1.0,2,0.0,0
2026-01-15 23:36:00+00:00,471.06674485813636,0,1,0,2,8,1.0,1,0.0,0
2026-01-15 23:37:00+00:00,518.9382901030186,1,1,0,3,50,1.0,1,0.0,0
2026-01-15 23:44:00+00:00,1232.9797458483908,0,1,0,1,132,1.0,1,0.0,0
2026-01-16 00:02:00+00:00,251.06779301897626,0,2,1,3,303,1.0,2,0.5,0
2026-01-16 00:05:00+00:00,2201.989601463133,0,1,0,1,80,1.0,1,0.0,0
2026-01-16 00:21:00+00:00,744.7143615767085,0,1,0,2,147,1.0,2,0.0,0
2026-01-16 00:38:00+00:00,117.39673450244295,0,1,0,2,331,1.0,1,0.0,0
2026-01-16 00:44:00+00:00,1108.9617885336688,1,1,0,1,239,1.0,1,0.0,0
2026-01-16 00:50:00+00:00,775.6306067899391,0,1,0,1,364,1.0,2,0.0,0
2026-01-16 01:26:00+00:00,105.32264555233365,0,2,0,0,86,1.0,1,0.5,0
2026-01-16 01:29:00+00:00,1100.1265419111949,0,1,0,2,48,1.0,2,0.0,0
2026-01-16 01:51:00+00:00,40.12469941356342,0,1,0,0,200,1.0,1,0.0,0
2026-01-16 02:07:00+00:00,230.9240384579918,1,1,0,1,315,1.0,2,0.0,0
2026-01-16 05:49:00+00:00,485.009416414467,0,2,0,1,135,1.0,1,0.5,0
2026-01-16 05:59:00+00:00,547.7303389398838,0,1,0,0,348,1.0,1,0.0,0
2026-01-16 06:50:00+00:00,344.2441340659094,0,1,0,2,94,1.0,2,0.0,0
2026-01-16 07:04:00+00:00,442.4702148449126,0,1,0,0,159,1.0,1,0.0,0
2026-01-16 07:11:00+00:00,241.5835833040455,1,1,0,0,222,1.0,1,0.0,0
2026-01-16 07:34:00+00:00,907.481161653343,1,1,0,1,357,1.0,2,0.0,0
2026-01-16 07:43:00+00:00,529.2581485007724,0,1,0,0,81,1.0,1,0.0,0
2026-01-16 07:52:00+00:00,930.6749946761674,0,1,0,0,287,1.0,1,0.0,0
2026-01-16 07:55:00+00:00,427.9092446567968,0,1,0,0,295,1.0,1,0.0,0
2026-01-16 07:56:00+00:00,595.1538647246251,1,1,0,1,214,1.0,1,0.0,0
2026-01-16 10:07:00+00:00,131.95021044246425,0,1,0,2,164,1.0,1,0.0,0
2026-01-16 10:28:00+00:00,362.81442472231987,0,4,0,1,6,1.0,1,0.75,0
2026-01-16 10:59:00+00:00,5660.321850059288,0,4,0,1,2,1.0,1,0.75,0
2026-01-16 12:17:00+00:00,692.8813413878528,0,1,0,1,349,1.0,1,0.0,0
2026-01-16 12:49:00+00:00,680.1702788757626,1,1,2,3,311,1.0,2,0.0,1
2026-01-16 13:34:00+00:00,1538.404781587713,0,2,0,0,294,1.0,2,0.5,0
2026-01-16 13:39:00+00:00,1035.3003196970578,1,1,0,0,306,1.0,1,0.0,0
2026-01-16 13:39:00+00:00,380.90245516629614,0,3,0,2,37,1.0,1,0.6666666666666666,0
2026-01-16 13:51:00+00:00,351.03445718402605,1,4,0,1,353,1.0,1,0.75,0
2026-01-16 14:22:00+00:00,495.7028270400085,0,4,0,1,314,1.0,1,0.75,0
2026-01-16 14:46:00+00:00,421.93773702751065,0,1,0,1,284,1.0,2,0.0,0
2026-01-16 14:50:00+00:00,921.6312221162293,1,2,0,0,154,1.0,1,0.5,0
2026-01-16 14:59:00+00:00,297.7288969757318,1,1,0,1,28,1.0,1,0.0,0
2026-01-16 15:04:00+00:00,831.6981436901867,1,1,0,0,239,1.0,3,0.0,0
2026-01-16 15:51:00+00:00,151.65491724315285,0,2,0,0,255,1.0,1,0.5,0
2026-01-16 16:41:00+00:00,2788.463705975135,1,1,0,1,268,1.0,1,0.0,1
2026-01-16 16:46:00+00:00,39.12439257424322,0,3,0,1,95,1.0,2,0.6666666666666666,0
2026-01-16 16:52:00+00:00,914.2137981808596,0,1,0,1,50,1.0,3,0.0,1
2026-01-16 16:56:00+00:00,727.9012492421986,0,1,0,0,138,1.0,1,0.0,0
2026-01-16 17:51:00+00:00,528.6912049496658,0,1,0,3,111,1.0,2,0.0,0
2026-01-16 18:12:00+00:00,638.4268563158688,1,1,0,0,36,1.0,1,0.0,0
2026-01-16 18:14:00+00:00,1656.789573949306,0,1,0,4,330,1.0,1,0.0,0
2026-01-16 18:58:00+00:00,1100.8531316785727,0,4,2,2,40,1.0,1,0.75,0
2026-01-16 21:52:00+00:00,33.77175021792882,0,1,0,4,208,1.0,1,0.0,0
2026-01-16 22:11:00+00:00,802.3616716959634,0,1,0,3,69,1.0,2,0.0,0
2026-01-16 22:16:00+00:00,1388.895859302005,1,4,0,0,352,1.0,1,0.75,0
2026-01-16 22:28:00+00:00,69.03584107738698,0,1,0,0,213,1.0,1,0.0,0
2026-01-16 23:15:00+00:00,2217.551423272182,0,1,0,1,22,1.0,1,0.0,0
2026-01-16 23:24:00+00:00,158.54357756463574,1,4,0,1,133,1.0,1,0.75,0
2026-01-17 00:09:00+00:00,474.4959648984465,1,1,0,2,110,1.0,1,0.0,0
2026-01-17 00:12:00+00:00,145.5846903073778,0,4,0,0,200,1.0,1,0.75,0
2026-01-17 00:25:00+00:00,1300.0966932381425,0,3,0,0,106,1.0,1,0.6666666666666666,0
2026-01-17 00:46:00+00:00,232.15786240937666,0,1,0,0,313,1.0,1,0.0,0
2026-01-17 00:51:00+00:00,3341.871645670001,1,1,0,0,340,1.0,2,0.0,1
2026-01-17 02:25:00+00:00,308.9228393566817,0,4,0,1,109,1.0,2,0.75,0
2026-01-17 02:39:00+00:00,900.756215109386,1,1,0,0,65,1.0,1,0.0,0
2026-01-17 03:16:00+00:00,1351.167092724406,1,1,0,0,51,1.0,1,0.0,0
2026-01-17 03:27:00+00:00,3254.468231423364,0,2,0,0,157,1.0,1,0.5,0
2026-01-17 03:28:00+00:00,1457.6722296738214,0,1,0,1,129,1.0,2,0.0,0
2026-01-17 03:39:00+00:00,166.2011945015298,0,1,0,1,292,1.0,1,0.0,0
2026-01-17 03:55:00+00:00,8728.725981353731,1,1,0,1,179,1.0,1,0.0,0
2026-01-17 04:03:00+00:00,168.98615236021334,0,1,0,1,20,1.0,1,0.0,0
2026-01-17 04:04:00+00:00,888.328524612753,0,1,0,0,243,1.0,3,0.0,0
2026-01-17 04:09:00+00:00,424.1055679997928,0,1,0,0,12,1.0,1,0.0,0
2026-01-17 04:10:00+00:00,607.4949711690318,0,4,0,1,126,1.0,1,0.75,0
2026-01-17 04:32:00+00:00,1808.3744948494573,0,1,0,1,169,1.0,2,0.0,0
2026-01-17 04:41:00+00:00,270.71845235498927,0,1,0,0,155,1.0,1,0.0,0
2026-01-17 04:51:00+00:00,1665.4249353450496,0,1,0,0,16,1.0,1,0.0,0
2026-01-17 05:01:00+00:00,1198.2319614029002,0,2,0,1,356,1.0,3,0.5,0
2026-01-17 05:42:00+00:00,970.5217135260318,0,1,0,0,242,1.0,1,0.0,0
2026-01-17 05:46:00+00:00,245.7003199702373,0,1,0,0,348,1.0,1,0.0,1
2026-01-17 05:47:00+00:00,277.7005816649764,0,1,0,2,24,1.0,2,0.0,0
2026-01-17 06:08:00+00:00,241.52991130896768,0,2,0,2,172,1.0,2,0.5,0
2026-01-17 06:19:00+00:00,621.7089676165609,0,1,0,0,174,1.0,1,0.0,0
2026-01-17 06:29:00+00:00,173.49192853474176,1,1,0,0,84,1.0,1,0.0,0
2026-01-17 06:46:00+00:00,879.7076356096187,0,1,0,2,168,1.0,2,0.0,0
2026-01-17 08:05:00+00:00,3104.13339269144,0,1,0,1,166,1.0,1,0.0,0
2026-01-17 08:28:00+00:00,1802.2320126488917,0,1,0,0,218,1.0,1,0.0,0
2026-01-17 08:35:00+00:00,468.4837237990535,0,1,0,1,95,1.0,1,0.0,1
2026-01-17 08:39:00+00:00,881.1055831679583,1,1,0,3,40,1.0,1,0.0,0
2026-01-17 08:52:00+00:00,1097.7415670472842,0,1,0,1,240,1.0,1,0.0,0
2026-01-17 09:44:00+00:00,328.42875902796334,0,1,0,2,271,1.0,1,0.0,0
2026-01-17 10:08:00+00:00,417.594423976554,0,1,0,1,152,1.0,2,0.0,0
2026-01-17 10:24:00+00:00,609.9771342851046,0,1,0,0,69,1.0,2,0.0,0
2026-01-17 11:05:00+00:00,3142.964690697045,0,1,0,0,322,1.0,1,0.0,0
2026-01-17 11:23:00+00:00,402.66472814424003,1,1,0,0,29,1.0,1,0.0,0
2026-01-17 11:52:00+00:00,774.589265017989,1,1,0,2,149,1.0,1,0.0,0
2026-01-17 12:17:00+00:00,212.11241314395147,0,1,0,2,233,1.0,2,0.0,0
2026-01-17 12:22:00+00:00,1539.7891136680869,0,1,0,2,33,1.0,1,0.0,0
2026-01-17 13:14:00+00:00,220.6034987397629,0,1,2,4,103,1.0,1,0.0,1
2026-01-17 14:00:00+00:00,266.98474495149947,1,1,0,0,147,1.0,2,0.0,0
2026-01-17 15:20:00+00:00,1379.3198585702753,0,1,0,0,151,1.0,1,0.0,0
2026-01-17 15:49:00+00:00,2648.155910962926,0,3,1,4,354,1.0,1,0.6666666666666666,0
2026-01-17 16:42:00+00:00,298.1234121372985,0,2,0,0,153,1.0,2,0.5,0
2026-01-17 16:45:00+00:00,6345.154401032192,0,1,0,3,78,1.0,1,0.0,0
2026-01-17 17:11:00+00:00,586.0727905475857,1,1,0,1,136,1.0,1,0.0,0
2026-01-17 17:39:00+00:00,275.8122004122128,1,1,0,0,161,1.0,1,0.0,0
2026-01-17 18:22:00+00:00,263.3856402701944,1,1,0,1,76,1.0,1,0.0,0
2026-01-17 21:00:00+00:00,1672.852435495994,1,1,0,1,125,1.0,1,0.0,0
2026-01-17 21:54:00+00:00,495.7027131508079,0,1,0,0,301,1.0,1,0.0,0
2026-01-17 21:54:00+00:00,1693.1181759330614,0,1,0,1,29,1.0,1,0.0,0
2026-01-17 22:03:00+00:00,599.2065606841871,0,2,0,3,135,1.0,1,0.5,0
2026-01-17 22:46:00+00:00,1004.554884760199,0,1,0,0,111,1.0,1,0.0,0
2026-01-17 23:15:00+00:00,229.19644115736241,1,1,1,1,27,1.0,1,0.0,1
2026-01-18 00:22:00+00:00,4915.107057078001,0,1,0,1,310,1.0,1,0.0,0
2026-01-18 00:22:00+00:00,1635.4412125798342,0,3,0,1,15,1.0,2,0.6666666666666666,0
2026-01-18 00:58:00+00:00,1047.0984107628883,0,1,0,1,358,1.0,1,0.0,0
2026-01-18 01:04:00+00:00,316.92813334394117,0,1,0,1,48,1.0,3,0.0,0
2026-01-18 01:56:00+00:00,587.8495820050441,0,1,0,3,184,1.0,2,0.0,0
2026-01-18 02:24:00+00:00,561.5279933313935,1,1,0,1,321,1.0,2,0.0,0
2026-01-18 02:48:00+00:00,515.1023699166017,1,2,0,0,147,1.0,1,0.5,0
2026-01-18 03:40:00+00:00,1563.2452272694381,0,1,0,0,49,1.0,1,0.0,0
2026-01-18 05:46:00+00:00,311.759462496216,1,1,1,3,74,1.0,2,0.0,1
2026-01-18 06:20:00+00:00,271.7328771452122,0,1,0,2,135,1.0,1,0.0,0
2026-01-18 07:18:00+00:00,120.91480133544235,0,1,0,1,129,1.0,2,0.0,0
2026-01-18 07:51:00+00:00,385.5209526466898,0,1,0,1,84,1.0,1,0.0,0
2026-01-18 08:16:00+00:00,791.1517611769457,0,1,0,1,182,1.0,1,0.0,0
2026-01-18 09:00:00+00:00,1182.5390490348123,0,2,0,1,31,1.0,1,0.5,0
2026-01-18 09:33:00+00:00,1019.764624622989,1,1,0,0,246,1.0,1,0.0,0
2026-01-18 10:23:00+00:00,400.52464725749576,0,1,0,1,357,1.0,2,0.0,0
2026-01-18 12:35:00+00:00,6937.463117637115,0,1,0,1,241,1.0,1,0.0,0
2026-01-18 13:19:00+00:00,1117.5509782410663,0,2,0,1,168,1.0,2,0.5,0
2026-01-18 14:25:00+00:00,227.49671404895594,1,1,0,1,3,1.0,1,0.0,0
2026-01-18 14:31:00+00:00,201.4466869792189,0,1,0,0,180,1.0,1,0.0,0
2026-01-18 14:48:00+00:00,659.9951523082747,0,1,0,2,327,1.0,1,0.0,0
2026-01-18 14:58:00+00:00,150.25282447734247,0,1,0,1,0,1.0,1,0.0,0
2026-01-18 15:15:00+00:00,677.3140794648732,0,1,0,1,224,1.0,1,0.0,0
2026-01-18 16:17:00+00:00,328.6615064561796,0,1,0,1,10,1.0,2,0.0,0
2026-01-18 16:24:00+00:00,799.2312536164412,1,1,0,1,192,1.0,2,0.0,0
2026-01-18 16:54:00+00:00,2304.675611670971,1,1,0,1,146,1.0,1,0.0,0
2026-01-18 17:17:00+00:00,239.07993874376356,0,1,0,2,307,1.0,2,0.0,0
2026-01-18 17:25:00+00:00,424.30010624187963,0,1,0,2,93,1.0,2,0.0,0
2026-01-18 17:56:00+00:00,221.72658900448258,0,1,0,1,251,1.0,2,0.0,0
2026-01-18 17:59:00+00:00,1702.6393092170997,0,1,0,0,228,1.0,2,0.0,0
2026-01-18 18:32:00+00:00,1414.8026303799932,1,1,1,5,357,1.0,1,0.0,1
2026-01-18 18:35:00+00:00,93.22263756358555,0,1,0,0,282,1.0,1,0.0,0
2026-01-18 19:31:00+00:00,837.166789358006,0,1,0,5,154,1.0,1,0.0,0
2026-01-18 19:55:00+00:00,123.54068927597245,0,2,0,1,257,1.0,1,0.5,0
2026-01-18 20:31:00+00:00,454.084387453987,0,1,0,1,240,1.0,2,0.0,0
2026-01-18 20:59:00+00:00,406.8570570677931,0,1,0,2,236,1.0,1,0.0,0
2026-01-18 21:21:00+00:00,3188.5605172856226,0,1,0,1,203,1.0,2,0.0,0
2026-01-18 21:52:00+00:00,207.30111109828883,1,1,0,0,80,1.0,1,0.0,0
2026-01-18 22:25:00+00:00,689.2604224731127,0,3,0,1,39,1.0,1,0.6666666666666666,0
2026-01-18 23:41:00+00:00,1176.3984101924214,0,1,0,2,140,1.0,2,0.0,0
2026-01-18 23:45:00+00:00,6554.446921152062,0,1,0,1,213,1.0,2,0.0,0
2026-01-19 00:14:00+00:00,3134.571147409228,0,1,0,1,334,1.0,1,0.0,0
2026-01-19 00:18:00+00:00,1256.252229251468,0,1,0,0,103,1.0,1,0.0,0
2026-01-19 00:19:00+00:00,147.7615216354586,0,1,0,0,297,1.0,2,0.0,0
2026-01-19 00:19:00+00:00,397.5796231495475,0,1,0,1,359,1.0,1,0.0,0
2026-01-19 00:25:00+00:00,301.113223536026,1,1,0,3,177,1.0,1,0.0,0
2026-01-19 00:34:00+00:00,1061.381639888052,0,1,0,0,37,1.0,1,0.0,0
2026-01-19 01:09:00+00:00,2174.2371117739863,0,1,0,1,309,1.0,2,0.0,0
2026-01-19 01:11:00+00:00,548.3727983284963,1,1,0,1,137,1.0,2,0.0,0
2026-01-19 01:46:00+00:00,217.63469214613792,0,1,0,0,344,1.0,1,0.0,0
2026-01-19 02:29:00+00:00,1475.2122505058314,0,1,0,1,192,1.0,1,0.0,0
2026-01-19 02:41:00+00:00,645.9741722851321,0,1,0,3,260,1.0,2,0.0,0
2026-01-19 02:46:00+00:00,168.3233626756422,0,1,0,1,289,1.0,1,0.0,0
2026-01-19 03:28:00+00:00,418.3836609341928,0,1,0,1,162,1.0,2,0.0,0
2026-01-19 03:40:00+00:00,270.14224372521664,1,2,0,1,341,1.0,1,0.5,0
2026-01-19 03:55:00+00:00,430.27076061704383,0,4,0,2,88,1.0,1,0.75,0
2026-01-19 04:00:00+00:00,507.90398981008286,0,1,0,0,168,1.0,1,0.0,0
2026-01-19 04:10:00+00:00,744.1632044492471,0,1,0,0,139,1.0,1,0.0,0
2026-01-19 05:50:00+00:00,796.6913788674774,1,1,0,0,95,1.0,1,0.0,0
2026-01-19 07:42:00+00:00,579.3448281484583,0,2,0,0,81,1.0,1,0.5,0
2026-01-19 07:45:00+00:00,59.93337974384599,0,1,0,1,71,1.0,2,0.0,0
2026-01-19 07:53:00+00:00,287.9458535065172,0,1,0,1,211,1.0,1,0.0,0
2026-01-19 08:31:00+00:00,502.4617440597771,1,1,0,0,335,1.0,1,0.0,0
2026-01-19 08:42:00+00:00,527.949226850274,1,1,0,3,288,1.0,2,0.0,0
2026-01-19 09:45:00+00:00,2032.184642782409,0,1,0,0,59,1.0,2,0.0,0
2026-01-19 10:33:00+00:00,34.115313164521325,0,1,0,0,313,1.0,2,0.0,0
2026-01-19 10:52:00+00:00,2577.503886847601,0,1,0,0,215,1.0,1,0.0,0
2026-01-19 11:33:00+00:00,3941.022265450388,1,1,0,2,81,1.0,1,0.0,1
2026-01-19 11:36:00+00:00,686.9270831751296,1,3,0,1,59,1.0,1,0.6666666666666666,0
2026-01-19 12:01:00+00:00,470.5280172983007,0,1,0,2,208,1.0,2,0.0,0
2026-01-19 12:14:00+00:00,171.15190659167865,0,1,0,1,266,1.0,2,0.0,0
2026-01-19 13:08:00+00:00,611.0762671205496,0,1,0,0,323,1.0,1,0.0,0
2026-01-19 13:34:00+00:00,1030.0784311912257,1,1,0,0,201,1.0,1,0.0,0
2026-01-19 13:37:00+00:00,550.8478032478429,0,1,0,0,300,1.0,1,0.0,0
2026-01-19 13:51:00+00:00,377.25439399601396,1,1,0,1,67,1.0,1,0.0,0
2026-01-19 14:02:00+00:00,273.14406676619365,0,1,0,0,331,1.0,1,0.0,0
2026-01-19 14:30:00+00:00,567.7510830459178,0,1,0,1,254,1.0,4,0.0,0
2026-01-19 14:37:00+00:00,1001.6157649099795,0,1,0,3,107,1.0,1,0.0,0
2026-01-19 14:46:00+00:00,157.06738926522303,0,1,0,1,137,1.0,3,0.0,0
2026-01-19 15:12:00+00:00,655.781073257009,0,1,1,2,303,1.0,2,0.0,1
2026-01-19 16:48:00+00:00,1458.6828370329545,0,1,0,1,259,1.0,1,0.0,0
2026-01-19 16:48:00+00:00,28.467457921957397,1,4,0,0,211,1.0,2,0.75,0
2026-01-19 17:10:00+00:00,1170.979378068534,0,2,0,1,148,1.0,1,0.5,0
2026-01-19 17:22:00+00:00,130.75406774518052,0,1,0,0,209,1.0,2,0.0,0
2026-01-19 18:43:00+00:00,598.8952515427467,0,1,0,0,211,1.0,2,0.0,0
2026-01-19 18:44:00+00:00,624.6572525127539,0,1,0,0,134,1.0,1,0.0,0
2026-01-19 21:17:00+00:00,713.9219602227977,0,1,0,1,194,1.0,1,0.0,0
2026-01-19 21:33:00+00:00,144.44553059679595,0,1,0,1,137,1.0,1,0.0,0
2026-01-19 22:28:00+00:00,659.8033293679554,1,1,0,0,52,1.0,1,0.0,0
2026-01-19 23:02:00+00:00,4552.437525225245,0,1,0,0,133,1.0,1,0.0,0
2026-01-19 23:07:00+00:00,1400.9114252200563,0,1,2,3,314,1.0,1,0.0,1
2026-01-19 23:28:00+00:00,1669.396619771196,0,1,0,0,102,1.0,1,0.0,0
2026-01-19 23:50:00+00:00,1271.5496720082683,0,1,1,2,305,1.0,2,0.0,0
2026-01-20 01:44:00+00:00,165.17484227614324,1,1,0,2,92,1.0,1,0.0,0
2026-01-20 01:52:00+00:00,473.8131086994384,0,1,0,0,169,1.0,2,0.0,0
2026-01-20 02:52:00+00:00,228.52870432524128,1,1,0,1,61,1.0,1,0.0,0
2026-01-20 03:24:00+00:00,97.9155200724648,0,1,0,1,268,1.0,1,0.0,0
2026-01-20 04:32:00+00:00,1293.221249464474,0,3,1,3,140,1.0,2,0.6666666666666666,0
2026-01-20 05:03:00+00:00,2220.504890043953,1,2,0,1,183,1.0,1,0.5,1
2026-01-20 05:16:00+00:00,144.99728299355954,1,1,2,2,63,1.0,1,0.0,1
2026-01-20 05:52:00+00:00,223.8749716047867,1,1,0,1,18,1.0,3,0.0,1
2026-01-20 05:56:00+00:00,624.1039990267999,0,1,1,4,200,1.0,2,0.0,1
2026-01-20 06:03:00+00:00,1097.4875411680487,1,3,0,0,283,1.0,1,0.6666666666666666,0
2026-01-20 06:37:00+00:00,1092.5645916427532,0,1,0,1,97,1.0,1,0.0,0
2026-01-20 07:08:00+00:00,1231.27508411227,0,1,0,1,148,1.0,1,0.0,0
2026-01-20 07:18:00+00:00,3423.769764056506,0,1,0,2,331,1.0,1,0.0,0
2026-01-20 08:03:00+00:00,1274.632202132633,0,1,0,1,286,1.0,1,0.0,0
2026-01-20 08:16:00+00:00,536.5461606968607,0,2,0,1,242,1.0,1,0.5,0
2026-01-20 08:16:00+00:00,929.3069687581296,1,1,0,1,230,1.0,1,0.0,0
2026-01-20 08:37:00+00:00,1868.6525826527986,0,1,0,0,243,1.0,2,0.0,0
2026-01-20 09:09:00+00:00,532.0550430013908,0,1,0,1,254,1.0,1,0.0,0
2026-01-20 09:38:00+00:00,210.60177828843342,0,1,0,1,279,1.0,2,0.0,0
2026-01-20 11:47:00+00:00,237.60603450529118,1,1,0,2,110,1.0,3,0.0,0
2026-01-20 12:02:00+00:00,1528.9778058380407,0,3,0,0,351,1.0,1,0.6666666666666666,0
2026-01-20 13:01:00+00:00,271.51897966380903,1,2,0,0,296,1.0,1,0.5,0
2026-01-20 13:05:00+00:00,947.6844907258826,0,2,0,1,280,1.0,2,0.5,0
2026-01-20 13:11:00+00:00,1086.8312299906956,0,1,0,1,251,1.0,1,0.0,0
2026-01-20 13:24:00+00:00,344.61984891250995,0,2,0,1,57,1.0,1,0.5,0
2026-01-20 13:39:00+00:00,425.78057684736814,1,2,0,1,54,1.0,1,0.5,0
2026-01-20 14:02:00+00:00,3517.8769245018752,0,1,0,0,253,1.0,1,0.0,0
2026-01-20 14:51:00+00:00,1001.5610336785815,0,3,0,3,97,1.0,2,0.6666666666666666,0
2026-01-20 15:01:00+00:00,533.0894882010167,0,1,0,1,350,1.0,2,0.0,0
2026-01-20 15:35:00+00:00,284.9782384130436,0,4,0,0,140,1.0,1,0.75,0
2026-01-20 16:08:00+00:00,301.3391456513673,0,1,0,0,305,1.0,2,0.0,0
2026-01-20 16:23:00+00:00,2387.588701287164,0,1,0,0,284,1.0,1,0.0,0
2026-01-20 16:45:00+00:00,2159.1527624765404,0,2,0,0,311,1.0,3,0.5,0
2026-01-20 17:00:00+00:00,109.63997746894448,0,1,2,4,320,1.0,1,0.0,1
2026-01-20 18:37:00+00:00,414.29933156621144,0,2,0,1,15,1.0,2,0.5,0
2026-01-20 18:41:00+00:00,525.370519545143,1,1,0,1,304,1.0,4,0.0,1
2026-01-20 19:41:00+00:00,1074.475044194805,1,2,0,1,76,1.0,1,0.5,0
2026-01-20 21:05:00+00:00,1526.7910668427794,1,1,0,2,15,1.0,1,0.0,0
2026-01-20 21:13:00+00:00,474.97804036127997,1,1,0,0,38,1.0,2,0.0,0
2026-01-20 21:51:00+00:00,912.1489450530034,1,1,0,1,146,1.0,1,0.0,0
2026-01-20 22:38:00+00:00,4219.616650441836,0,1,0,0,226,1.0,1,0.0,0
2026-01-20 22:52:00+00:00,4313.4490215589,1,1,0,0,309,1.0,1,0.0,1
2026-01-20 23:16:00+00:00,700.167902549391,0,1,0,0,76,1.0,1,0.0,0
2026-01-20 23:55:00+00:00,277.8319860894516,0,1,0,0,259,1.0,1,0.0,0
2026-01-21 00:03:00+00:00,145.17654862780785,1,3,0,1,203,1.0,1,0.6666666666666666,0
2026-01-21 00:10:00+00:00,355.9359778844705,1,1,0,0,264,1.0,2,0.0,0
2026-01-21 00:34:00+00:00,538.0895571297898,0,1,0,1,289,1.0,1,0.0,0
2026-01-21 01:16:00+00:00,411.78774564192287,0,1,0,1,338,1.0,1,0.0,0
2026-01-21 01:24:00+00:00,272.84570440092375,0,1,0,2,253,1.0,2,0.0,0
2026-01-21 01:25:00+00:00,280.00366677423085,1,1,0,1,146,1.0,1,0.0,0
2026-01-21 01:40:00+00:00,64.16445372254329,0,1,0,2,353,1.0,2,0.0,0
2026-01-21 02:06:00+00:00,124.93661788127463,1,1,0,2,357,1.0,1,0.0,0
2026-01-21 02:10:00+00:00,282.4685727108216,1,2,0,0,83,1.0,1,0.5,0
2026-01-21 02:10:00+00:00,55.794370923209236,0,1,1,3,44,1.0,2,0.0,0
2026-01-21 03:12:00+00:00,950.7013053899609,0,1,0,2,39,1.0,1,0.0,0
2026-01-21 04:08:00+00:00,201.4404831408551,0,1,0,0,164,1.0,3,0.0,0
2026-01-21 04:15:00+00:00,345.11007751816186,0,1,0,0,326,1.0,2,0.0,0
2026-01-21 04:23:00+00:00,903.8640165780339,0,4,0,2,11,1.0,1,0.75,0
2026-01-21 04:32:00+00:00,1199.237114241394,0,1,0,0,58,1.0,1,0.0,0
2026-01-21 04:44:00+00:00,3593.5718709417165,0,1,0,0,243,1.0,1,0.0,0
2026-01-21 04:46:00+00:00,756.6994151764056,1,1,0,0,98,1.0,2,0.0,0
2026-01-21 04:47:00+00:00,250.6641961178454,1,1,0,0,4,1.0,1,0.0,0
2026-01-21 04:52:00+00:00,590.2578969173591,0,1,0,0,350,1.0,2,0.0,0
2026-01-21 04:52:00+00:00,711.1454915316159,0,1,0,1,102,1.0,1,0.0,0
2026-01-21 06:05:00+00:00,1836.9375224252954,0,1,0,2,142,1.0,1,0.0,0
2026-01-21 07:07:00+00:00,437.91400635815023,0,1,0,0,276,1.0,1,0.0,0
2026-01-21 07:37:00+00:00,365.5725617417637,0,1,0,1,52,1.0,1,0.0,0
2026-01-21 08:21:00+00:00,806.8665038175169,1,1,0,1,37,1.0,1,0.0,0
2026-01-21 08:40:00+00:00,83.31873114848466,1,2,0,1,36,1.0,1,0.5,0
2026-01-21 08:52:00+00:00,1506.2375816414212,0,1,0,3,353,1.0,1,0.0,0
2026-01-21 08:56:00+00:00,932.7518741230399,1,2,0,2,12,1.0,2,0.5,0
2026-01-21 09:05:00+00:00,517.2155887701942,1,1,2,2,93,1.0,2,0.0,1
2026-01-21 09:22:00+00:00,991.1688254069428,0,3,0,0,247,1.0,2,0.6666666666666666,1
2026-01-21 09:35:00+00:00,1069.049035360777,0,2,0,1,310,1.0,3,0.5,0
2026-01-21 09:41:00+00:00,114.72890500890124,0,1,0,1,38,1.0,2,0.0,0
2026-01-21 10:02:00+00:00,425.24464468967676,1,1,0,1,140,1.0,1,0.0,0
2026-01-21 10:30:00+00:00,567.9789211200809,1,2,0,1,42,1.0,1,0.5,1
2026-01-21 11:33:00+00:00,829.3784132286548,0,1,0,1,360,1.0,1,0.0,0
2026-01-21 12:25:00+00:00,1413.309862683821,0,1,0,1,138,1.0,2,0.0,0
2026-01-21 12:30:00+00:00,282.88586407308264,1,1,0,0,43,1.0,3,0.0,0
2026-01-21 13:12:00+00:00,359.0710745642327,0,1,0,1,310,1.0,1,0.0,0
2026-01-21 14:21:00+00:00,1226.9918994683587,0,1,0,2,346,1.0,1,0.0,0
2026-01-21 14:30:00+00:00,1636.010118155321,0,1,0,0,80,1.0,1,0.0,0
2026-01-21 14:40:00+00:00,425.30751881505114,1,1,0,1,89,1.0,2,0.0,0
2026-01-21 15:09:00+00:00,336.53396079775695,0,1,0,1,2,1.0,2,0.0,0
2026-01-21 15:11:00+00:00,364.8281298564646,1,1,0,1,259,1.0,2,0.0,0
2026-01-21 15:14:00+00:00,477.26408030680307,0,1,0,4,33,1.0,1,0.0,0
2026-01-21 15:17:00+00:00,563.1427685067257,1,3,0,1,349,1.0,1,0.6666666666666666,0
2026-01-21 15:25:00+00:00,1396.367446151814,1,1,0,0,21,1.0,1,0.0,0
2026-01-21 16:17:00+00:00,365.5532360483786,0,1,0,1,162,1.0,1,0.0,0
2026-01-21 16:33:00+00:00,1989.58750882494,0,4,0,0,123,1.0,1,0.75,0
2026-01-21 16:53:00+00:00,700.7684853445511,1,1,1,1,240,1.0,2,0.0,1
2026-01-21 17:53:00+00:00,239.09148597748873,0,3,0,1,99,1.0,2,0.6666666666666666,0
2026-01-21 18:02:00+00:00,832.0663310887586,0,1,0,2,82,1.0,1,0.0,0
2026-01-21 19:16:00+00:00,376.4063704205734,0,1,1,3,174,1.0,1,0.0,1
2026-01-21 19:44:00+00:00,2533.207642769573,0,1,0,1,180,1.0,1,0.0,0
2026-01-21 19:52:00+00:00,1650.8495213257754,1,4,0,0,26,1.0,1,0.75,0
2026-01-21 21:03:00+00:00,903.9188999691988,0,1,0,3,331,1.0,1,0.0,0
2026-01-21 21:39:00+00:00,2177.66650416348,1,4,0,2,1,1.0,1,0.75,1
2026-01-21 21:46:00+00:00,417.60220827403907,0,1,0,1,20,1.0,2,0.0,0
2026-01-21 21:51:00+00:00,449.9962022486577,0,1,0,1,199,1.0,2,0.0,0
2026-01-22 00:17:00+00:00,902.6299685432957,0,1,0,0,67,1.0,1,0.0,0
2026-01-22 00:30:00+00:00,218.4817584923506,0,1,0,0,265,1.0,1,0.0,0
2026-01-22 01:06:00+00:00,3868.9456997640145,1,1,0,3,32,1.0,1,0.0,1
2026-01-22 01:41:00+00:00,207.12027368642094,1,1,0,2,295,1.0,2,0.0,0
2026-01-22 01:46:00+00:00,369.613144042448,0,1,0,2,15,1.0,1,0.0,0
2026-01-22 01:48:00+00:00,126.20132021909956,1,1,0,2,73,1.0,1,0.0,1
2026-01-22 01:55:00+00:00,85.53228108401487,0,1,0,0,342,1.0,2,0.0,0
2026-01-22 02:13:00+00:00,529.5247991567065,0,1,0,0,41,1.0,1,0.0,0
2026-01-22 03:27:00+00:00,205.28924665527288,1,1,0,1,262,1.0,1,0.0,0
2026-01-22 03:28:00+00:00,258.4011671344357,0,1,0,0,224,1.0,1,0.0,0
2026-01-22 03:41:00+00:00,143.24152513151023,1,1,0,0,229,1.0,3,0.0,0
2026-01-22 04:00:00+00:00,487.4633936523434,0,1,0,0,102,1.0,1,0.0,0
2026-01-22 04:51:00+00:00,891.3901717700504,0,2,0,0,19,1.0,1,0.5,0
2026-01-22 04:55:00+00:00,1364.3776257906025,1,1,0,0,36,1.0,2,0.0,1
2026-01-22 06:51:00+00:00,130.43244064035673,0,1,0,1,254,1.0,2,0.0,0
2026-01-22 06:53:00+00:00,4371.6655626912,0,1,0,0,123,1.0,1,0.0,0
2026-01-22 07:22:00+00:00,516.1211327082273,0,1,0,4,295,1.0,1,0.0,0
2026-01-22 09:11:00+00:00,610.3407609593934,0,1,0,0,346,1.0,2,0.0,0
2026-01-22 09:15:00+00:00,274.37697072864245,0,1,0,0,138,1.0,2,0.0,0
2026-01-22 10:06:00+00:00,781.9546864447088,0,1,1,0,259,1.0,2,0.0,0
2026-01-22 11:16:00+00:00,1176.4474982012987,0,1,0,3,41,1.0,2,0.0,0
2026-01-22 11:49:00+00:00,1098.1828940049809,0,4,0,2,4,1.0,3,0.75,1
2026-01-22 12:47:00+00:00,2780.0670185205718,0,1,0,0,270,1.0,1,0.0,0
2026-01-22 12:57:00+00:00,581.9563709281501,0,1,0,0,79,1.0,1,0.0,0
2026-01-22 13:04:00+00:00,45.67771424573507,0,3,0,0,78,1.0,1,0.6666666666666666,0
2026-01-22 14:05:00+00:00,536.1434273970266,0,3,0,2,204,1.0,1,0.6666666666666666,0
2026-01-22 14:25:00+00:00,290.9455945370876,0,1,0,1,75,1.0,1,0.0,0
2026-01-22 15:19:00+00:00,100.03188145270514,0,1,0,0,230,1.0,2,0.0,0
2026-01-22 15:34:00+00:00,1167.6003071600212,0,1,0,0,30,1.0,1,0.0,0
2026-01-22 15:46:00+00:00,928.7714423534603,1,1,0,0,326,1.0,1,0.0,0
2026-01-22 18:03:00+00:00,1081.8698946391219,0,1,0,1,57,1.0,1,0.0,0
2026-01-22 18:28:00+00:00,996.0743278401455,0,1,0,1,142,1.0,2,0.0,0
2026-01-22 18:37:00+00:00,704.5130875812006,0,2,0,1,236,1.0,1,0.5,0
2026-01-22 18:47:00+00:00,4727.822465719021,0,2,0,0,279,1.0,1,0.5,0
2026-01-22 18:48:00+00:00,857.5955352748537,0,1,0,1,59,1.0,2,0.0,0
2026-01-22 18:59:00+00:00,1425.2137741720417,0,1,0,2,101,1.0,1,0.0,0
2026-01-22 19:05:00+00:00,2862.397140235471,1,1,0,1,204,1.0,1,0.0,0
2026-01-22 19:21:00+00:00,2465.8523121886356,1,4,0,1,284,1.0,2,0.75,0
2026-01-22 19:42:00+00:00,70.27726459359867,0,2,0,1,156,1.0,1,0.5,0
2026-01-22 20:58:00+00:00,235.75371642335966,0,1,0,1,315,1.0,1,0.0,0
2026-01-22 21:33:00+00:00,473.9020589702023,0,1,0,2,57,1.0,1,0.0,1
2026-01-22 21:41:00+00:00,627.477929061125,0,1,0,2,315,1.0,2,0.0,0
2026-01-22 21:51:00+00:00,1410.1485584723853,0,1,0,2,70,1.0,1,0.0,0
2026-01-22 21:51:00+00:00,1808.057408250475,0,4,0,0,335,1.0,1,0.75,0
2026-01-22 21:56:00+00:00,305.31556954511484,0,1,1,5,282,1.0,2,0.0,0
2026-01-22 22:08:00+00:00,533.3687581300672,0,1,0,0,144,1.0,1,0.0,0
2026-01-22 22:25:00+00:00,881.1778342676611,1,4,0,2,145,1.0,1,0.75,0
2026-01-22 22:29:00+00:00,653.2857402121665,0,1,0,1,105,1.0,1,0.0,0
2026-01-22 22:38:00+00:00,939.5948891231305,0,1,0,1,328,1.0,3,0.0,0
2026-01-22 22:41:00+00:00,1285.9463852903896,0,4,0,2,286,1.0,2,0.75,1
2026-01-22 23:05:00+00:00,925.7193338867688,0,1,0,0,73,1.0,2,0.0,0
2026-01-22 23:09:00+00:00,370.5697101087036,1,1,0,2,161,1.0,3,0.0,1
2026-01-22 23:33:00+00:00,1370.5689906584767,0,1,1,1,292,1.0,3,0.0,1
2026-01-22 23:35:00+00:00,485.6901347044766,0,1,0,0,244,1.0,2,0.0,0
2026-01-22 23:53:00+00:00,451.5127761136869,1,1,0,2,305,1.0,1,0.0,0
2026-01-23 00:48:00+00:00,896.1407164116115,0,1,0,1,45,1.0,2,0.0,0
2026-01-23 01:38:00+00:00,2987.905248854999,1,1,0,0,9,1.0,2,0.0,0
2026-01-23 02:19:00+00:00,540.4076536593542,0,1,0,4,67,1.0,1,0.0,0
2026-01-23 02:22:00+00:00,423.93398416804536,0,1,0,1,252,1.0,1,0.0,0
2026-01-23 02:26:00+00:00,4991.006553038907,0,1,0,2,65,1.0,2,0.0,0
2026-01-23 02:31:00+00:00,69.04556966360676,0,1,0,0,347,1.0,2,0.0,0
2026-01-23 02:52:00+00:00,1918.787494862324,0,1,0,2,172,1.0,1,0.0,0
2026-01-23 06:29:00+00:00,151.32593909553898,0,1,0,0,122,1.0,2,0.0,0
2026-01-23 06:43:00+00:00,407.235783194983,0,1,0,2,185,1.0,1,0.0,0
2026-01-23 06:48:00+00:00,128.40495757851963,1,3,0,1,58,1.0,1,0.6666666666666666,0
2026-01-23 06:57:00+00:00,647.8275831947369,1,1,0,0,307,1.0,2,0.0,0
2026-01-23 07:01:00+00:00,164.42117602820701,1,1,0,0,171,1.0,1,0.0,0
2026-01-23 07:25:00+00:00,789.6947474921303,1,1,1,1,17,1.0,1,0.0,1
2026-01-23 07:52:00+00:00,29.121837703336393,1,1,0,2,135,1.0,1,0.0,0
2026-01-23 07:54:00+00:00,378.4879092735343,0,1,0,3,11,1.0,1,0.0,0
2026-01-23 08:01:00+00:00,244.36542508999747,0,1,0,0,50,1.0,2,0.0,0
2026-01-23 08:14:00+00:00,362.6784056233507,0,1,1,4,9,1.0,2,0.0,1
2026-01-23 08:57:00+00:00,459.30387020789135,1,1,0,1,14,1.0,2,0.0,0
2026-01-23 09:10:00+00:00,414.434252220725,0,1,0,2,138,1.0,1,0.0,0
2026-01-23 09:34:00+00:00,3430.725805875652,1,1,0,1,186,1.0,1,0.0,1
2026-01-23 09:45:00+00:00,1021.7353422005807,0,1,0,2,147,1.0,2,0.0,0
2026-01-23 10:52:00+00:00,1305.8096625227145,0,1,0,2,229,1.0,2,0.0,0
2026-01-23 11:16:00+00:00,41.28610167855027,0,1,0,1,257,1.0,1,0.0,0
2026-01-23 11:31:00+00:00,401.5702855170844,0,3,0,1,77,1.0,1,0.6666666666666666,0
2026-01-23 11:36:00+00:00,141.28622751178733,0,1,0,1,156,1.0,1,0.0,1
2026-01-23 12:02:00+00:00,681.0433408151591,0,1,0,0,325,1.0,1,0.0,0
2026-01-23 12:13:00+00:00,148.56739739722383,0,1,0,0,128,1.0,2,0.0,0
2026-01-23 12:30:00+00:00,897.1776452203904,0,3,0,0,98,1.0,1,0.6666666666666666,0
2026-01-23 12:41:00+00:00,492.481566085027,1,1,0,1,81,1.0,3,0.0,0
2026-01-23 14:15:00+00:00,1676.620744206395,1,1,0,1,196,1.0,2,0.0,0
2026-01-23 14:23:00+00:00,477.6647747183313,0,1,0,2,351,1.0,1,0.0,0
2026-01-23 14:54:00+00:00,104.35516625383246,1,1,0,2,16,1.0,3,0.0,1
2026-01-23 15:03:00+00:00,98.81400780947097,0,1,0,0,188,1.0,1,0.0,0
2026-01-23 15:54:00+00:00,1877.4531224641476,0,1,0,1,236,1.0,3,0.0,0
2026-01-23 17:11:00+00:00,608.0082975851235,1,1,0,1,276,1.0,2,0.0,0
2026-01-23 17:33:00+00:00,165.56663431781584,0,1,0,1,65,1.0,1,0.0,0
2026-01-23 18:06:00+00:00,49.370116006896964,0,1,0,0,31,1.0,1,0.0,0
2026-01-23 18:09:00+00:00,209.63658382996664,0,1,0,1,288,1.0,1,0.0,0
2026-01-23 19:24:00+00:00,633.9730614365036,1,1,0,1,280,1.0,1,0.0,0
2026-01-23 20:08:00+00:00,760.8875592903034,0,2,0,0,118,1.0,1,0.5,0
2026-01-23 20:50:00+00:00,401.81509427612787,0,1,0,1,247,1.0,1,0.0,0
2026-01-23 21:00:00+00:00,1436.9984088824006,0,1,0,1,262,1.0,2,0.0,0
2026-01-23 21:14:00+00:00,869.5442030419628,0,1,0,1,119,1.0,3,0.0,0
2026-01-23 21:15:00+00:00,2410.912074246966,0,1,0,2,108,1.0,1,0.0,0
2026-01-23 21:26:00+00:00,359.5769628170074,0,1,0,0,330,1.0,1,0.0,0
2026-01-23 23:25:00+00:00,237.82550789733548,0,1,0,1,152,1.0,1,0.0,0
2026-01-24 01:25:00+00:00,481.09254444669267,1,1,0,0,206,1.0,2,0.0,0
2026-01-24 02:03:00+00:00,320.1538785798767,0,3,0,1,273,1.0,1,0.6666666666666666,0
2026-01-24 02:36:00+00:00,230.0331871724653,0,3,0,0,130,1.0,2,0.6666666666666666,0
2026-01-24 03:02:00+00:00,105.82347263995204,0,1,0,1,200,1.0,1,0.0,0
2026-01-24 03:20:00+00:00,348.06529437657014,0,2,0,0,0,1.0,2,0.5,0
2026-01-24 03:24:00+00:00,460.4900061333456,0,2,0,2,214,1.0,2,0.5,0
2026-01-24 03:40:00+00:00,279.08030283493554,0,1,0,1,195,1.0,1,0.0,0
2026-01-24 03:51:00+00:00,1144.7455223391576,0,1,0,0,272,1.0,1,0.0,0
2026-01-24 03:59:00+00:00,1902.7057437014048,1,1,0,0,277,1.0,3,0.0,0
2026-01-24 04:17:00+00:00,676.805617247639,0,1,0,0,241,1.0,2,0.0,0
2026-01-24 04:37:00+00:00,410.3006394223092,1,3,0,0,208,1.0,1,0.6666666666666666,0
2026-01-24 05:41:00+00:00,1504.139779084768,0,1,0,1,87,1.0,1,0.0,0
2026-01-24 05:57:00+00:00,537.3873596188644,1,2,0,0,341,1.0,2,0.5,0
2026-01-24 07:05:00+00:00,424.0067649865839,0,1,0,2,274,1.0,2,0.0,0
2026-01-24 08:35:00+00:00,987.4829660601054,1,1,0,0,319,1.0,1,0.0,0
2026-01-24 09:31:00+00:00,371.47008158845694,0,1,0,0,250,1.0,2,0.0,0
2026-01-24 09:37:00+00:00,978.6295076850993,0,1,0,0,15,1.0,2,0.0,0
2026-01-24 09:57:00+00:00,1037.6419861593026,1,1,0,1,38,1.0,1,0.0,0
2026-01-24 10:14:00+00:00,1948.3002561053668,1,4,0,5,15,1.0,3,0.75,1
2026-01-24 10:22:00+00:00,98.53311975918645,0,1,0,1,31,1.0,1,0.0,0
2026-01-24 11:03:00+00:00,294.22614386766975,0,1,0,2,78,1.0,1,0.0,0
2026-01-24 11:07:00+00:00,548.7967939509572,0,1,0,1,5,1.0,1,0.0,0
2026-01-24 11:18:00+00:00,988.5867347847148,0,1,0,3,282,1.0,1,0.0,0
2026-01-24 11:46:00+00:00,458.11096404527484,0,1,0,1,25,1.0,2,0.0,0
2026-01-24 12:08:00+00:00,162.40011663292688,0,1,0,1,72,1.0,3,0.0,0
2026-01-24 12:26:00+00:00,265.65453768520223,1,1,0,0,117,1.0,2,0.0,0
2026-01-24 12:30:00+00:00,682.0895920251492,0,1,0,1,34,1.0,3,0.0,0
2026-01-24 12:32:00+00:00,250.27040037282688,0,1,0,0,231,1.0,2,0.0,0
2026-01-24 12:52:00+00:00,163.19654937164117,0,1,0,1,137,1.0,3,0.0,0
2026-01-24 12:56:00+00:00,207.45794920618056,1,1,0,0,129,1.0,2,0.0,0
2026-01-24 13:33:00+00:00,409.2758942163584,1,1,0,0,172,1.0,1,0.0,0
2026-01-24 14:48:00+00:00,536.1950725461072,0,1,0,1,122,1.0,1,0.0,0
2026-01-24 14:52:00+00:00,412.0406122627253,0,2,0,2,22,1.0,2,0.5,0
2026-01-24 16:04:00+00:00,276.7141343636675,0,1,0,0,357,1.0,1,0.0,0
2026-01-24 16:32:00+00:00,945.2633902637303,0,2,0,1,21,1.0,1,0.5,0
2026-01-24 17:12:00+00:00,138.21466685091906,1,2,0,0,10,1.0,1,0.5,0
2026-01-24 17:20:00+00:00,454.4706063894262,0,1,0,1,262,1.0,2,0.0,0
2026-01-24 18:28:00+00:00,349.09356757608754,1,1,0,0,40,1.0,3,0.0,0
2026-01-24 21:01:00+00:00,50.26871200676023,0,1,0,3,178,1.0,3,0.0,0
2026-01-24 21:17:00+00:00,1114.7321130079506,0,1,0,1,119,1.0,3,0.0,0
2026-01-24 21:29:00+00:00,705.8003125229495,0,1,0,1,269,1.0,3,0.0,0
2026-01-24 22:17:00+00:00,1397.0874502709025,0,1,0,2,94,1.0,1,0.0,0
2026-01-24 23:18:00+00:00,701.6615790712063,0,4,0,2,238,1.0,3,0.75,0
2026-01-24 23:23:00+00:00,1103.319471142864,0,4,0,1,229,1.0,1,0.75,0
2026-01-24 23:31:00+00:00,60.45578072217371,0,1,0,3,353,1.0,1,0.0,0
2026-01-24 23:40:00+00:00,576.9255901758032,1,4,0,1,190,1.0,1,0.75,0
2026-01-24 23:42:00+00:00,90.34035436442032,0,1,0,2,90,1.0,1,0.0,0
2026-01-25 00:00:00+00:00,442.3924257676478,1,1,0,2,93,1.0,2,0.0,1
2026-01-25 00:18:00+00:00,446.03381057301635,1,1,0,1,35,1.0,2,0.0,0
2026-01-25 00:34:00+00:00,253.30032952906356,0,1,0,2,2,1.0,1,0.0,0
2026-01-25 00:40:00+00:00,1065.9911978234263,0,1,0,1,324,1.0,1,0.0,0
2026-01-25 01:02:00+00:00,290.4614275413218,0,1,0,1,155,1.0,1,0.0,0
2026-01-25 01:16:00+00:00,1797.959365271696,0,1,0,1,81,1.0,2,0.0,0
2026-01-25 01:55:00+00:00,583.3922833636126,0,1,0,0,228,1.0,3,0.0,0
2026-01-25 02:01:00+00:00,768.9180854725007,0,1,0,0,35,1.0,2,0.0,0
2026-01-25 02:13:00+00:00,1027.9732271632524,1,1,0,0,330,1.0,1,0.0,0
2026-01-25 02:18:00+00:00,727.8372410557749,1,1,0,0,233,1.0,1,0.0,0
2026-01-25 02:20:00+00:00,311.9774508150214,1,1,0,2,160,1.0,1,0.0,0
2026-01-25 02:21:00+00:00,995.155378806779,0,1,0,0,234,1.0,2,0.0,0
2026-01-25 02:27:00+00:00,1909.8610095975812,0,1,0,1,79,1.0,1,0.0,0
2026-01-25 03:03:00+00:00,356.0770397955573,0,1,0,2,338,1.0,2,0.0,0
2026-01-25 03:13:00+00:00,2636.4429060276193,1,1,0,1,315,1.0,1,0.0,0
2026-01-25 03:14:00+00:00,100.89781377754184,1,4,0,0,138,1.0,4,0.75,0
2026-01-25 03:33:00+00:00,438.40405662764,0,3,0,0,284,1.0,1,0.6666666666666666,0
2026-01-25 03:42:00+00:00,230.866072530296,0,1,0,3,117,1.0,2,0.0,0
2026-01-25 03:45:00+00:00,1944.4552792425486,0,1,0,1,6,1.0,1,0.0,0
2026-01-25 04:31:00+00:00,2241.0089502821297,0,1,0,0,29,1.0,1,0.0,0
2026-01-25 05:51:00+00:00,106.81390739972996,1,1,0,1,3,1.0,2,0.0,0
2026-01-25 06:04:00+00:00,564.3084335004545,1,1,0,1,115,1.0,2,0.0,0
2026-01-25 06:44:00+00:00,235.06947278650543,0,1,0,1,10,1.0,2,0.0,0
2026-01-25 07:30:00+00:00,529.8615091577572,0,1,0,1,245,1.0,3,0.0,0
2026-01-25 07:51:00+00:00,822.5509499345025,1,1,0,0,116,1.0,2,0.0,0
2026-01-25 08:23:00+00:00,147.433133451272,0,3,0,1,356,1.0,2,0.6666666666666666,0
2026-01-25 09:35:00+00:00,228.31872297037532,1,3,0,1,8,1.0,2,0.6666666666666666,0
2026-01-25 10:09:00+00:00,650.7487063345613,1,1,0,0,91,1.0,2,0.0,0
2026-01-25 10:27:00+00:00,164.19417120648006,0,1,0,1,254,1.0,1,0.0,0
2026-01-25 11:42:00+00:00,2497.850884022045,0,1,0,1,110,1.0,2,0.0,0
2026-01-25 12:02:00+00:00,616.6115032872768,1,1,0,1,111,1.0,1,0.0,0
2026-01-25 12:12:00+00:00,1178.98505476919,0,1,0,1,24,1.0,2,0.0,0
2026-01-25 12:35:00+00:00,748.3572896627744,0,1,0,1,227,1.0,2,0.0,0
2026-01-25 13:22:00+00:00,211.23787094184624,0,1,1,7,238,0.26460926751516506,2,0.0,1
2026-01-25 13:27:00+00:00,3353.3251530807634,0,1,1,2,358,1.0,1,0.0,0
2026-01-25 14:35:00+00:00,349.3892374153774,1,1,0,2,170,1.0,4,0.0,0
2026-01-25 16:05:00+00:00,101.48826529984399,1,1,0,1,30,1.0,1,0.0,0
2026-01-25 16:41:00+00:00,716.3488673141899,1,4,0,1,220,1.0,1,0.75,1
2026-01-25 17:05:00+00:00,1332.211736623017,0,1,0,0,238,1.0,1,0.0,0
2026-01-25 17:54:00+00:00,260.72039088059097,0,1,0,0,183,1.0,2,0.0,0
2026-01-25 18:03:00+00:00,697.707386416826,0,2,2,5,61,1.0,1,0.5,1
2026-01-25 19:09:00+00:00,2580.679862683014,0,3,0,0,111,1.0,1,0.6666666666666666,0
2026-01-25 19:33:00+00:00,2312.8286267932535,0,1,0,0,337,1.0,1,0.0,0
2026-01-25 19:39:00+00:00,16.65657483932729,0,1,0,0,13,1.0,1,0.0,1
2026-01-25 19:57:00+00:00,830.4161539648975,0,1,0,0,73,1.0,1,0.0,0
2026-01-25 20:30:00+00:00,1129.5334200549073,0,3,0,0,178,1.0,1,0.6666666666666666,0
2026-01-25 20:54:00+00:00,108.69425794495156,0,1,0,0,276,1.0,1,0.0,0
2026-01-25 21:05:00+00:00,310.3291679834566,0,1,0,1,305,1.0,1,0.0,0
2026-01-25 21:31:00+00:00,29.044073314309863,1,1,0,1,328,1.0,1,0.0,0
2026-01-25 21:43:00+00:00,1494.4396489976577,0,1,0,0,305,1.0,1,0.0,0
2026-01-25 22:17:00+00:00,676.413382782751,0,1,0,1,13,1.0,2,0.0,0
2026-01-25 22:23:00+00:00,429.3945623476449,1,1,0,1,299,1.0,1,0.0,0
2026-01-25 22:51:00+00:00,618.6984297949704,1,1,0,0,360,1.0,2,0.0,0
2026-01-25 23:14:00+00:00,236.830981353167,0,1,2,1,198,1.0,1,0.0,0
2026-01-26 00:21:00+00:00,268.39422062145667,1,1,0,1,70,1.0,2,0.0,0
2026-01-26 00:27:00+00:00,339.19497616481135,0,1,0,2,53,1.0,1,0.0,0
2026-01-26 00:35:00+00:00,632.6355449594913,1,1,0,1,4,1.0,2,0.0,0
2026-01-26 00:59:00+00:00,702.0999760925431,0,1,0,1,102,1.0,1,0.0,0
2026-01-26 01:09:00+00:00,552.2039603184551,1,1,0,1,75,1.0,2,0.0,0
2026-01-26 02:40:00+00:00,237.48316324092093,0,1,0,1,60,1.0,1,0.0,0
2026-01-26 03:07:00+00:00,1828.0385079794894,0,1,0,1,91,1.0,2,0.0,0
2026-01-26 05:04:00+00:00,113.5189471534732,0,2,0,2,356,1.0,2,0.5,0
2026-01-26 05:20:00+00:00,341.1710329386355,0,3,0,2,59,1.0,3,0.6666666666666666,0
2026-01-26 05:21:00+00:00,256.74309284304957,1,1,0,1,331,1.0,1,0.0,0
2026-01-26 06:22:00+00:00,1537.1970760750132,0,1,0,3,184,1.0,1,0.0,0
2026-01-26 06:44:00+00:00,1217.354785611402,0,4,2,5,282,1.0,1,0.75,1
2026-01-26 06:48:00+00:00,2352.3887041733074,1,1,0,1,239,1.0,1,0.0,0
2026-01-26 06:53:00+00:00,247.6148397799809,0,1,0,0,295,1.0,1,0.0,0
2026-01-26 07:25:00+00:00,814.2474442306539,1,1,0,1,197,1.0,1,0.0,0
2026-01-26 07:48:00+00:00,876.4908599213453,0,1,2,4,292,1.0,2,0.0,1
2026-01-26 08:07:00+00:00,1131.0812564569153,0,1,0,1,327,1.0,1,0.0,0
2026-01-26 09:18:00+00:00,515.7374730629305,0,1,0,2,345,1.0,2,0.0,0
2026-01-26 09:21:00+00:00,425.4797069560664,1,1,0,1,254,1.0,2,0.0,0
2026-01-26 09:53:00+00:00,91.37297256222462,0,1,0,2,226,1.0,1,0.0,0
2026-01-26 10:09:00+00:00,180.39056623151308,0,1,0,0,96,1.0,4,0.0,0
2026-01-26 10:31:00+00:00,490.6139166844864,0,1,0,0,211,1.0,1,0.0,0
2026-01-26 11:08:00+00:00,6200.226600280794,1,4,0,0,310,1.0,2,0.75,1
2026-01-26 11:23:00+00:00,89.12587164752212,0,1,0,2,191,1.0,3,0.0,0
2026-01-26 11:53:00+00:00,267.49879019886765,0,1,0,0,50,1.0,4,0.0,0
2026-01-26 14:05:00+00:00,222.4896723753683,1,2,0,0,20,1.0,2,0.5,0
2026-01-26 14:37:00+00:00,325.0438485126975,1,1,0,0,145,1.0,3,0.0,0
2026-01-26 15:48:00+00:00,221.37453409698327,0,1,0,2,215,1.0,2,0.0,0
2026-01-26 16:59:00+00:00,225.18734388487184,0,4,0,1,359,1.0,2,0.75,0
2026-01-26 17:14:00+00:00,187.21144921573756,0,1,0,0,151,1.0,1,0.0,0
2026-01-26 17:32:00+00:00,230.71250396232432,0,1,0,1,166,1.0,1,0.0,0
2026-01-26 17:45:00+00:00,178.83174651058744,0,1,0,0,138,1.0,1,0.0,0
2026-01-26 17:47:00+00:00,385.47554264715916,0,1,0,1,124,1.0,2,0.0,0
2026-01-26 18:51:00+00:00,590.3274720942236,0,1,0,0,235,1.0,3,0.0,0
2026-01-26 18:56:00+00:00,1795.9937016397407,0,1,0,1,330,1.0,1,0.0,0
2026-01-26 19:18:00+00:00,1048.4389665903248,1,1,0,0,270,1.0,2,0.0,0
2026-01-26 19:40:00+00:00,1378.758678940553,0,1,0,1,148,1.0,1,0.0,0
2026-01-26 21:00:00+00:00,901.2964076406656,0,1,0,0,109,1.0,1,0.0,0
2026-01-26 21:05:00+00:00,2226.5536344202737,1,1,0,0,40,1.0,1,0.0,0
2026-01-26 21:11:00+00:00,588.0465086550792,0,1,0,1,70,1.0,1,0.0,0
2026-01-26 21:16:00+00:00,260.76207679059445,0,1,0,1,350,1.0,2,0.0,0
2026-01-26 21:50:00+00:00,164.40701504682548,0,3,0,0,155,1.0,2,0.6666666666666666,0
2026-01-26 22:41:00+00:00,174.59626174895388,1,1,0,0,260,1.0,1,0.0,0
2026-01-26 23:01:00+00:00,640.5679656319097,0,1,0,1,357,1.0,3,0.0,0
2026-01-26 23:04:00+00:00,307.93220414804335,1,1,0,1,343,1.0,1,0.0,0
2026-01-26 23:14:00+00:00,918.1989567876172,0,1,0,1,321,1.0,1,0.0,0
2026-01-26 23:25:00+00:00,474.06943659005975,0,4,0,1,249,1.0,2,0.75,1
2026-01-26 23:32:00+00:00,699.0962941525465,1,1,0,0,212,1.0,3,0.0,0
2026-01-27 00:53:00+00:00,185.54459902068749,0,2,0,1,30,1.0,1,0.5,0
2026-01-27 01:48:00+00:00,2312.000914743895,0,1,0,0,261,1.0,1,0.0,0
2026-01-27 03:21:00+00:00,714.1181637607859,1,2,0,3,303,1.0,2,0.5,0
2026-01-27 03:23:00+00:00,659.6324088278317,0,1,0,1,334,1.0,1,0.0,0
2026-01-27 03:36:00+00:00,138.96590787540606,0,1,0,0,194,1.0,1,0.0,0
2026-01-27 05:03:00+00:00,1285.8242183360178,0,1,0,0,200,1.0,1,0.0,0
2026-01-27 05:32:00+00:00,324.79485605840364,0,1,0,2,218,1.0,1,0.0,0
2026-01-27 05:52:00+00:00,153.40181150763647,1,1,0,3,72,1.0,2,0.0,0
2026-01-27 06:05:00+00:00,1617.6340046934795,0,1,0,2,356,1.0,1,0.0,0
2026-01-27 07:00:00+00:00,635.5793663913896,0,2,0,3,142,1.0,1,0.5,0
2026-01-27 07:19:00+00:00,255.92570902697858,1,1,0,0,181,1.0,1,0.0,0
2026-01-27 07:45:00+00:00,349.2568681459082,0,1,0,0,20,1.0,2,0.0,0
2026-01-27 08:21:00+00:00,655.1672471057534,0,1,0,4,57,1.0,2,0.0,0
2026-01-27 09:20:00+00:00,1624.6277535521112,1,4,2,2,110,1.0,2,0.75,1
2026-01-27 10:04:00+00:00,203.70990994958933,0,1,0,0,221,1.0,1,0.0,0
2026-01-27 10:27:00+00:00,345.59659568653865,1,1,0,1,143,1.0,1,0.0,0
2026-01-27 10:50:00+00:00,706.3895403524056,0,1,0,2,267,1.0,1,0.0,0
2026-01-27 11:02:00+00:00,4003.2370076055804,1,2,1,5,153,1.0,1,0.5,1
2026-01-27 11:34:00+00:00,287.1963535709033,0,1,0,0,36,1.0,1,0.0,0
2026-01-27 12:05:00+00:00,186.43270472430726,0,1,0,0,88,1.0,2,0.0,0
2026-01-27 12:25:00+00:00,279.9474248822586,1,1,0,2,284,1.0,2,0.0,0
2026-01-27 12:51:00+00:00,424.8760527426152,0,1,0,0,133,1.0,1,0.0,0
2026-01-27 14:24:00+00:00,209.41080354850274,0,1,0,1,211,1.0,1,0.0,0
2026-01-27 14:34:00+00:00,415.2906084385536,0,1,1,2,213,1.0,2,0.0,0
2026-01-27 14:53:00+00:00,811.8029347678528,0,1,0,2,160,1.0,2,0.0,0
2026-01-27 15:06:00+00:00,1318.5415520726472,0,1,0,0,38,1.0,2,0.0,0
2026-01-27 15:06:00+00:00,249.5719783119879,1,2,0,1,188,1.0,1,0.5,0
2026-01-27 15:39:00+00:00,1352.64843464735,0,4,0,0,280,1.0,1,0.75,0
2026-01-27 16:09:00+00:00,501.12625991081364,0,1,0,0,4,1.0,2,0.0,0
2026-01-27 17:07:00+00:00,492.44517916213164,1,3,0,1,24,1.0,3,0.6666666666666666,0
2026-01-27 18:26:00+00:00,1107.1678613305453,1,1,0,3,195,1.0,1,0.0,0
2026-01-27 18:27:00+00:00,3745.537886166471,0,1,0,2,129,1.0,3,0.0,0
2026-01-27 18:58:00+00:00,2658.3612442060366,0,1,0,2,180,1.0,1,0.0,0
2026-01-27 19:18:00+00:00,568.8547969385585,0,1,0,2,0,1.0,1,0.0,0
2026-01-27 19:55:00+00:00,553.0710025909381,1,1,0,0,343,1.0,1,0.0,0
2026-01-27 19:58:00+00:00,4396.615320375821,0,1,0,1,29,1.0,3,0.0,0
2026-01-27 20:25:00+00:00,332.515653338669,1,1,0,1,187,1.0,1,0.0,0
2026-01-27 21:09:00+00:00,1599.899218142101,1,1,0,0,147,1.0,1,0.0,0
2026-01-27 21:12:00+00:00,1915.6482184812826,0,1,2,1,319,1.0,1,0.0,1
2026-01-27 21:25:00+00:00,194.89539674707578,0,1,0,0,72,1.0,1,0.0,0
2026-01-27 21:44:00+00:00,1004.0272329428885,0,1,0,2,92,1.0,1,0.0,0
2026-01-27 21:56:00+00:00,1030.8979538319559,0,1,0,2,282,1.0,1,0.0,0
2026-01-27 22:05:00+00:00,867.7074877124664,0,1,0,0,279,1.0,2,0.0,0
2026-01-27 23:51:00+00:00,567.8244609630731,1,1,0,1,361,1.0,2,0.0,0
2026-01-28 00:10:00+00:00,329.3686653640141,1,1,1,4,298,1.0,1,0.0,1
2026-01-28 02:41:00+00:00,2014.9742019202263,1,1,1,3,84,1.0,1,0.0,1
2026-01-28 02:51:00+00:00,558.0632930229929,0,1,0,1,248,1.0,3,0.0,0
2026-01-28 03:02:00+00:00,618.4477241245313,0,1,0,0,128,1.0,2,0.0,0
2026-01-28 03:11:00+00:00,377.4134237694346,0,2,0,0,208,1.0,2,0.5,0
2026-01-28 03:20:00+00:00,525.1433894614339,0,1,0,0,170,1.0,2,0.0,0
2026-01-28 03:21:00+00:00,173.94722597487686,0,1,0,0,156,1.0,2,0.0,0
2026-01-28 03:22:00+00:00,387.72106020026774,1,1,0,1,157,1.0,2,0.0,0
2026-01-28 03:44:00+00:00,705.5277305326447,0,4,0,1,230,1.0,1,0.75,0
2026-01-28 04:28:00+00:00,726.018397305904,0,1,0,1,105,1.0,1,0.0,0
2026-01-28 04:49:00+00:00,289.25935517939104,1,1,0,1,192,1.0,1,0.0,0
2026-01-28 04:58:00+00:00,448.3064797280721,0,1,0,1,147,1.0,1,0.0,0
2026-01-28 05:38:00+00:00,812.1248784343372,0,1,0,1,184,1.0,2,0.0,0
2026-01-28 05:40:00+00:00,4822.276030226477,1,1,0,3,152,1.0,2,0.0,0
2026-01-28 05:56:00+00:00,526.7466253563347,0,4,0,2,205,1.0,1,0.75,0
2026-01-28 06:15:00+00:00,150.9143525875457,1,1,0,1,69,1.0,4,0.0,0
2026-01-28 06:39:00+00:00,407.7449233614152,0,1,1,4,256,1.0,3,0.0,1
2026-01-28 06:58:00+00:00,453.4570679674573,1,1,0,0,196,1.0,2,0.0,0
2026-01-28 07:28:00+00:00,148.92445310724136,0,1,0,3,328,1.0,2,0.0,0
2026-01-28 07:39:00+00:00,612.2074841233883,0,1,0,3,50,1.0,2,0.0,0
2026-01-28 07:46:00+00:00,1049.8993670317839,0,3,0,1,47,1.0,2,0.6666666666666666,0
2026-01-28 07:53:00+00:00,720.5856861563894,0,1,0,0,83,1.0,2,0.0,0
2026-01-28 09:31:00+00:00,165.4168088656924,0,2,0,1,361,1.0,1,0.5,0
2026-01-28 09:57:00+00:00,2143.588123008367,1,4,0,0,299,1.0,3,0.75,0
2026-01-28 10:19:00+00:00,442.68684344396036,0,1,0,0,348,1.0,1,0.0,0
2026-01-28 11:13:00+00:00,1675.2882452647832,0,1,0,0,303,1.0,2,0.0,0
2026-01-28 12:01:00+00:00,1433.5145821873812,0,1,0,2,132,1.0,1,0.0,0
2026-01-28 13:50:00+00:00,2251.2623927192435,1,1,2,5,102,1.0,3,0.0,1
2026-01-28 13:51:00+00:00,127.80371519193216,0,1,0,1,325,1.0,2,0.0,0
2026-01-28 14:29:00+00:00,136.83715403066617,0,2,0,2,250,1.0,1,0.5,0
2026-01-28 14:38:00+00:00,611.8765482626645,0,1,0,0,151,1.0,1,0.0,0
2026-01-28 14:39:00+00:00,1092.3437690638962,0,1,0,0,120,1.0,1,0.0,0
2026-01-28 14:47:00+00:00,2699.2633920880517,0,1,0,2,271,1.0,1,0.0,0
2026-01-28 16:46:00+00:00,940.4899289962282,1,1,0,2,16,1.0,2,0.0,0
2026-01-28 17:01:00+00:00,2026.355804618064,0,2,0,0,46,1.0,1,0.5,0
2026-01-28 17:54:00+00:00,1429.523062599491,0,1,0,1,364,1.0,4,0.0,0
2026-01-28 18:14:00+00:00,677.3904758882815,1,1,0,2,322,1.0,1,0.0,0
2026-01-28 18:26:00+00:00,569.4553941656827,0,1,0,3,29,1.0,2,0.0,0
2026-01-28 19:57:00+00:00,1618.2743604567283,0,1,0,1,300,1.0,1,0.0,0
2026-01-28 20:08:00+00:00,178.7101038939719,0,4,0,1,160,1.0,3,0.75,0
2026-01-28 20:28:00+00:00,769.5537579412137,1,2,0,0,35,1.0,1,0.5,0
2026-01-28 20:56:00+00:00,1660.9527883700878,0,1,0,0,111,1.0,3,0.0,0
2026-01-28 21:02:00+00:00,3146.3369015483245,0,1,0,0,79,1.0,2,0.0,0
2026-01-28 21:09:00+00:00,253.4814139887067,1,1,0,1,332,1.0,1,0.0,0
2026-01-28 21:57:00+00:00,457.2636408621971,1,1,0,0,74,1.0,1,0.0,0
2026-01-28 23:37:00+00:00,395.31410326087723,1,4,1,4,205,1.0,1,0.75,1
2026-01-28 23:58:00+00:00,1944.3767486321926,0,3,0,0,84,1.0,3,0.6666666666666666,0
2026-01-29 00:52:00+00:00,334.0604836427043,0,1,1,6,222,1.0,4,0.0,1
2026-01-29 01:07:00+00:00,857.2933667408529,0,1,0,0,10,1.0,2,0.0,0
2026-01-29 01:10:00+00:00,920.6217070842351,1,1,0,0,253,1.0,1,0.0,0
2026-01-29 01:17:00+00:00,158.26932302739692,0,1,0,1,47,1.0,1,0.0,0
2026-01-29 02:21:00+00:00,1370.6007088139881,0,4,0,0,207,1.0,2,0.75,0
2026-01-29 03:02:00+00:00,201.0110464854031,0,1,0,1,308,1.0,1,0.0,0
2026-01-29 03:10:00+00:00,123.31421787590565,0,2,0,0,159,1.0,2,0.5,0
2026-01-29 03:24:00+00:00,266.99969708843935,0,1,0,1,98,0.3050791368824613,1,0.0,0
2026-01-29 03:42:00+00:00,134.93805756553473,0,1,0,0,305,1.0,1,0.0,0
2026-01-29 04:23:00+00:00,199.01534664232742,0,1,0,0,8,0.28412205214416436,1,0.0,0
2026-01-29 05:13:00+00:00,235.3003598361273,0,1,0,2,39,1.0,2,0.0,0
2026-01-29 05:23:00+00:00,173.71695693535878,0,1,0,0,244,1.0,2,0.0,0
2026-01-29 06:15:00+00:00,605.489384292303,0,4,0,3,338,1.0,2,0.75,0
2026-01-29 06:16:00+00:00,183.3873527934137,1,1,2,3,37,1.0,1,0.0,1
2026-01-29 06:56:00+00:00,1061.9218975454523,0,1,0,0,171,1.0,3,0.0,0
2026-01-29 06:58:00+00:00,893.847253739405,0,1,0,1,89,1.0,3,0.0,0
2026-01-29 08:09:00+00:00,1555.825805061877,0,1,0,1,328,1.0,3,0.0,0
2026-01-29 09:00:00+00:00,378.8102826713609,0,1,0,1,346,1.0,4,0.0,0
2026-01-29 09:03:00+00:00,544.0958969257557,0,1,0,1,243,1.0,2,0.0,0
2026-01-29 09:10:00+00:00,109.43315313496144,0,1,0,2,253,1.0,3,0.0,0
2026-01-29 10:14:00+00:00,5947.126659349808,0,1,0,1,356,1.0,1,0.0,0
2026-01-29 11:05:00+00:00,1911.510067488889,0,1,0,1,124,1.0,2,0.0,0
2026-01-29 11:45:00+00:00,221.26951515719324,0,4,0,2,110,1.0,1,0.75,0
2026-01-29 12:41:00+00:00,272.0904167868471,0,1,1,1,76,1.0,2,0.0,0
2026-01-29 12:50:00+00:00,144.09259854512817,0,1,0,0,128,1.0,1,0.0,0
2026-01-29 13:15:00+00:00,85.5910114088866,0,1,0,0,133,1.0,1,0.0,0
2026-01-29 13:39:00+00:00,5149.441828306312,0,1,0,4,326,1.0,2,0.0,0
2026-01-29 13:57:00+00:00,1176.94282061741,0,1,0,0,260,1.0,1,0.0,0
2026-01-29 14:30:00+00:00,256.6083768185855,0,1,0,2,304,1.0,3,0.0,0
2026-01-29 15:15:00+00:00,761.7170587621864,0,1,0,1,17,1.0,1,0.0,0
2026-01-29 15:36:00+00:00,1333.0136415380916,0,1,0,1,346,1.0,2,0.0,0
2026-01-29 15:49:00+00:00,118.34203345948714,1,1,0,1,237,1.0,1,0.0,0
2026-01-29 16:41:00+00:00,776.4597889338565,1,1,0,1,63,1.0,2,0.0,0
2026-01-29 17:00:00+00:00,1590.9680273827926,0,1,0,0,67,1.0,2,0.0,0
2026-01-29 17:07:00+00:00,1328.955757446581,1,1,0,0,291,1.0,1,0.0,0
2026-01-29 19:16:00+00:00,2707.29098841322,0,1,0,1,289,1.0,3,0.0,0
2026-01-29 19:45:00+00:00,698.7889510740848,1,1,0,2,172,1.0,1,0.0,0
2026-01-29 20:28:00+00:00,90.68500924559957,0,1,0,0,277,1.0,3,0.0,0
2026-01-29 20:48:00+00:00,1566.0634776749296,1,1,0,5,277,1.0,1,0.0,1
2026-01-29 21:26:00+00:00,107.70191857216965,0,3,0,3,283,1.0,1,0.6666666666666666,0
2026-01-29 23:08:00+00:00,516.3389762108878,0,1,0,1,37,1.0,2,0.0,0
2026-01-29 23:22:00+00:00,1104.2522567193882,0,1,0,2,219,1.0,1,0.0,0
2026-01-29 23:43:00+00:00,421.09911727466704,1,1,0,1,194,1.0,1,0.0,0
2026-01-30 00:17:00+00:00,160.1361695686887,0,1,0,1,253,1.0,1,0.0,0
2026-01-30 00:26:00+00:00,398.00673470746716,1,1,0,2,310,1.0,1,0.0,0
2026-01-30 00:40:00+00:00,334.0112504209542,0,1,0,1,180,1.0,1,0.0,0
2026-01-30 01:10:00+00:00,526.8401231086417,0,1,0,1,117,1.0,2,0.0,0
2026-01-30 01:26:00+00:00,3111.6520048498164,0,1,0,0,210,1.0,2,0.0,0
2026-01-30 01:26:00+00:00,230.9389601103062,0,1,0,0,163,1.0,2,0.0,0
2026-01-30 01:49:00+00:00,2223.4759277044536,0,2,0,1,188,1.0,1,0.5,0
2026-01-30 01:53:00+00:00,471.08388608236567,0,3,0,0,12,1.0,1,0.6666666666666666,0
2026-01-30 02:34:00+00:00,266.7709911696732,1,1,0,0,329,1.0,2,0.0,0
2026-01-30 03:14:00+00:00,982.3689506473261,1,1,0,0,144,1.0,2,0.0,0
2026-01-30 03:31:00+00:00,627.290562362999,0,1,0,1,133,1.0,1,0.0,0
2026-01-30 04:39:00+00:00,487.8290525175785,1,2,0,0,323,1.0,1,0.5,0
2026-01-30 04:56:00+00:00,93.35359502949488,1,1,0,2,70,1.0,3,0.0,0
2026-01-30 05:18:00+00:00,731.4795625238206,0,1,0,1,123,1.0,2,0.0,0
2026-01-30 05:32:00+00:00,937.0808504523167,0,1,0,1,264,1.0,1,0.0,0
2026-01-30 06:17:00+00:00,123.25552992667475,0,1,0,0,209,1.0,2,0.0,0
2026-01-30 07:42:00+00:00,1038.0174170365217,1,1,0,0,148,1.0,3,0.0,0
2026-01-30 07:49:00+00:00,627.6208868969557,1,4,0,0,342,1.0,2,0.75,0
2026-01-30 08:51:00+00:00,622.7267525100325,0,1,0,1,4,1.0,3,0.0,0
2026-01-30 08:59:00+00:00,223.01778414676224,1,1,0,0,177,1.0,1,0.0,0
2026-01-30 09:17:00+00:00,492.8559907623293,1,1,0,2,136,1.0,2,0.0,0
2026-01-30 10:46:00+00:00,1032.0302214059097,0,1,0,1,259,1.0,2,0.0,0
2026-01-30 11:18:00+00:00,1094.9766441554023,1,1,0,0,92,1.0,1,0.0,0
2026-01-30 11:44:00+00:00,1719.804089570965,1,1,0,1,299,1.0,1,0.0,0
2026-01-30 12:51:00+00:00,44.051293502377135,1,1,0,2,9,1.0,1,0.0,0
2026-01-30 12:53:00+00:00,490.35382419843484,0,1,0,1,364,1.0,1,0.0,0
2026-01-30 12:54:00+00:00,829.189832935871,0,1,0,1,84,1.0,1,0.0,0
2026-01-30 13:58:00+00:00,353.90814641532154,0,1,0,0,129,1.0,2,0.0,0
2026-01-30 15:08:00+00:00,3149.1727009462984,0,1,0,0,131,1.0,1,0.0,0
2026-01-30 15:14:00+00:00,61.889717074196646,0,2,0,1,349,1.0,2,0.5,0
2026-01-30 15:18:00+00:00,1072.8054256580597,0,1,0,3,8,1.0,2,0.0,0
2026-01-30 15:19:00+00:00,1881.1960295848235,0,1,0,0,226,1.0,1,0.0,0
2026-01-30 16:07:00+00:00,1242.3270158856972,1,1,0,0,210,1.0,1,0.0,0
2026-01-30 17:02:00+00:00,1404.1913466802678,1,1,0,0,83,2.2330481948908374,1,0.0,0
2026-01-30 17:41:00+00:00,316.48622360837805,0,1,0,0,245,1.0,2,0.0,0
2026-01-30 17:48:00+00:00,559.7267542154502,0,1,0,1,180,1.0,3,0.0,0
2026-01-30 19:13:00+00:00,646.6155848845193,1,1,0,1,138,1.0,2,0.0,0
2026-01-30 20:08:00+00:00,484.5421338438981,1,1,0,1,84,1.0,1,0.0,0
2026-01-30 20:41:00+00:00,507.88553210802553,1,1,0,0,96,1.0,2,0.0,0
2026-01-30 20:53:00+00:00,66.80514992021608,0,1,0,0,281,0.06656115583468268,1,0.0,0
2026-01-30 21:19:00+00:00,704.1048078977069,1,1,0,1,47,1.0,2,0.0,0
2026-01-30 21:36:00+00:00,2374.2538093413086,0,1,0,1,113,1.0,3,0.0,0
2026-01-30 21:46:00+00:00,295.4793356296023,1,1,0,0,17,1.0,2,0.0,0
2026-01-30 22:08:00+00:00,1782.632373595841,0,1,0,1,331,1.0,1,0.0,0
2026-01-30 23:22:00+00:00,379.5186809983116,0,1,0,2,26,1.0,1,0.0,0
2026-01-30 23:29:00+00:00,495.5233988331417,0,1,0,0,320,1.0,2,0.0,0
2026-01-31 00:09:00+00:00,614.1233974696232,1,1,0,2,166,1.0,1,0.0,0
2026-01-31 01:49:00+00:00,247.4274605792457,1,1,0,1,173,1.0,1,0.0,0
2026-01-31 04:19:00+00:00,220.1206003401546,1,1,0,2,157,1.0,1,0.0,0
2026-01-31 04:21:00+00:00,418.2221739995339,0,4,0,2,258,1.0,2,0.75,0
2026-01-31 04:32:00+00:00,318.57054286142306,0,1,0,2,163,1.0,1,0.0,0
2026-01-31 04:41:00+00:00,254.5934779698355,0,2,0,1,225,1.0,2,0.5,0
2026-01-31 05:27:00+00:00,912.4809148755205,0,1,0,1,220,1.0,1,0.0,0
2026-01-31 05:39:00+00:00,1070.3536943355923,0,1,0,0,182,1.0,1,0.0,0
2026-01-31 05:41:00+00:00,338.446859137355,0,1,0,0,69,1.0,1,0.0,0
2026-01-31 06:25:00+00:00,1793.3584127090885,0,2,0,0,36,1.0,1,0.5,1
2026-01-31 06:25:00+00:00,420.60444165982756,1,1,0,0,240,1.0,2,0.0,0
2026-01-31 06:58:00+00:00,1811.5890695494375,0,1,2,4,16,1.0,1,0.0,1
2026-01-31 07:22:00+00:00,1347.2145277943869,1,1,0,1,103,1.0,1,0.0,0
2026-01-31 08:43:00+00:00,26.21697196673076,1,1,0,2,105,1.0,1,0.0,0
2026-01-31 08:52:00+00:00,324.3276705774348,1,1,2,2,137,1.0,2,0.0,1
2026-01-31 09:24:00+00:00,567.9775277944013,0,1,0,2,86,1.2991056329453232,2,0.0,0
2026-01-31 10:22:00+00:00,492.0951829053363,1,1,0,1,202,1.0,1,0.0,0
2026-01-31 10:56:00+00:00,1021.677223116273,0,1,0,0,58,1.0,1,0.0,0
2026-01-31 11:30:00+00:00,1841.0510273065847,1,1,0,1,279,1.0,1,0.0,0
2026-01-31 12:05:00+00:00,622.4955848756587,0,2,0,1,237,1.0,2,0.5,0
2026-01-31 12:34:00+00:00,596.270995587291,0,2,0,6,336,1.0,2,0.5,0
2026-01-31 13:08:00+00:00,727.5950202107778,0,1,0,2,35,1.0,2,0.0,0
2026-01-31 13:34:00+00:00,73.04632051562935,0,1,0,0,323,1.0,1,0.0,0
2026-01-31 13:56:00+00:00,236.3943827697867,0,1,0,1,297,1.0,2,0.0,0
2026-01-31 14:01:00+00:00,1692.368224469274,0,4,0,1,19,1.0,2,0.75,0
2026-01-31 15:30:00+00:00,2268.916586240224,0,4,0,1,250,1.0,1,0.75,0
2026-01-31 15:35:00+00:00,371.8668467175226,0,1,1,0,360,1.0,1,0.0,0
2026-01-31 16:34:00+00:00,113.24759753787681,0,1,1,6,226,1.0,1,0.0,1
2026-01-31 17:18:00+00:00,476.1333580853966,0,1,0,0,279,1.0,2,0.0,0
2026-01-31 17:27:00+00:00,217.5500151695747,1,1,0,1,206,1.0,1,0.0,0
2026-01-31 17:42:00+00:00,10000.605572594694,0,1,0,0,165,1.0,3,0.0,0
2026-01-31 18:51:00+00:00,119.95573832249171,0,2,0,0,96,1.0,2,0.5,0
2026-01-31 19:23:00+00:00,623.6027567159032,1,1,0,2,342,1.0,1,0.0,0
2026-01-31 20:39:00+00:00,299.9028813624816,1,1,0,2,224,1.0,2,0.0,0
2026-01-31 20:40:00+00:00,518.5254997459971,0,1,0,1,213,1.0,1,0.0,0
2026-01-31 21:24:00+00:00,111.1922278870941,0,1,0,0,199,1.0,2,0.0,0
2026-01-31 21:38:00+00:00,846.7970804900299,0,1,0,4,104,1.0,1,0.0,0
2026-01-31 21:52:00+00:00,627.8285114758835,0,1,0,3,229,1.0,1,0.0,1
2026-01-31 21:58:00+00:00,2477.041054560016,0,4,0,1,237,1.0,1,0.75,0
2026-01-31 23:58:00+00:00,2745.948316111067,1,1,0,2,287,1.0,1,0.0,1
2026-02-01 00:05:00+00:00,164.44719455056483,0,4,0,2,121,1.0,3,0.75,0
2026-02-01 01:38:00+00:00,514.9426424704968,0,1,0,2,98,1.0,2,0.0,0
2026-02-01 01:39:00+00:00,543.147356991067,0,1,1,3,149,1.0,1,0.0,1
2026-02-01 02:00:00+00:00,238.14268476330142,0,1,0,0,6,1.0,1,0.0,0
2026-02-01 02:12:00+00:00,1094.474730939421,1,4,0,1,47,1.0,1,0.75,0
2026-02-01 02:29:00+00:00,1536.3879404104496,0,3,0,3,126,1.0,3,0.6666666666666666,0
2026-02-01 02:53:00+00:00,452.1406219190227,0,1,0,0,281,1.0,3,0.0,0
2026-02-01 02:56:00+00:00,311.00466216998507,0,1,0,0,30,1.0,3,0.0,0
2026-02-01 04:20:00+00:00,2857.5595255591866,1,1,0,1,18,1.0,2,0.0,1
2026-02-01 04:32:00+00:00,307.6090143372181,0,1,0,1,231,1.0,3,0.0,0
2026-02-01 04:56:00+00:00,475.7558978809001,0,1,0,0,141,1.0,3,0.0,0
2026-02-01 06:02:00+00:00,2278.418574515913,1,1,0,0,257,1.0,1,0.0,1
2026-02-01 06:33:00+00:00,204.34986637244705,0,1,0,1,67,1.0,3,0.0,0
2026-02-01 07:06:00+00:00,1214.2473014175193,0,1,0,0,114,1.0,1,0.0,0
2026-02-01 07:35:00+00:00,1322.5155381232075,0,2,0,0,306,1.0,3,0.5,0
2026-02-01 07:35:00+00:00,3073.6353405086693,0,1,0,0,240,1.0,2,0.0,0
2026-02-01 07:57:00+00:00,325.10540769552756,0,1,0,0,230,1.0,3,0.0,0
2026-02-01 09:06:00+00:00,430.4241900197183,0,2,0,1,22,1.0,1,0.5,0
2026-02-01 09:52:00+00:00,2377.748783418607,0,1,0,0,350,1.0,1,0.0,0
2026-02-01 10:16:00+00:00,2269.3766786538577,0,1,0,0,346,1.0,2,0.0,0
2026-02-01 10:32:00+00:00,2778.601840653732,0,4,0,1,244,1.0,1,0.75,0
2026-02-01 12:19:00+00:00,245.212109283721,0,1,0,1,340,1.0,1,0.0,0
2026-02-01 12:46:00+00:00,121.29965841438238,1,1,0,1,129,0.12542669384055005,3,0.0,0
2026-02-01 13:55:00+00:00,374.2107418501912,1,1,0,0,326,1.0,3,0.0,0
2026-02-01 14:30:00+00:00,458.1748541241269,0,1,0,0,358,1.0,1,0.0,0
2026-02-01 15:01:00+00:00,2348.5770423003783,0,3,0,2,53,1.0,1,0.6666666666666666,0
2026-02-01 15:51:00+00:00,927.3746105948804,0,1,0,1,246,1.0,2,0.0,0
2026-02-01 16:19:00+00:00,600.27029933888,0,4,0,0,73,1.0,3,0.75,0
2026-02-01 16:41:00+00:00,497.214515989402,0,1,0,2,205,1.0,2,0.0,0
2026-02-01 16:47:00+00:00,2511.554574070487,1,1,0,2,98,1.0,1,0.0,0
2026-02-01 16:48:00+00:00,1126.2332854413416,0,4,0,2,20,1.0,1,0.75,0
2026-02-01 17:29:00+00:00,2037.8360641240924,0,1,0,0,312,1.0,1,0.0,0
2026-02-01 17:48:00+00:00,274.09160560298074,0,1,0,1,223,1.0,1,0.0,0
2026-02-01 17:52:00+00:00,427.3143845705489,0,1,0,0,3,1.0,2,0.0,0
2026-02-01 17:54:00+00:00,402.16205837654564,1,1,0,3,303,1.0,1,0.0,0
2026-02-01 18:20:00+00:00,270.1150923862287,0,3,0,0,263,1.0,1,0.6666666666666666,0
2026-02-01 18:51:00+00:00,594.1937329326792,1,1,0,1,275,1.0,1,0.0,0
2026-02-01 19:03:00+00:00,264.25577798472784,0,1,0,0,331,0.37008128654586003,2,0.0,0
2026-02-01 19:04:00+00:00,689.3623528196777,1,1,0,1,244,1.0,2,0.0,0
2026-02-01 19:27:00+00:00,229.37529033786475,0,3,0,2,93,1.0,3,0.6666666666666666,0
2026-02-01 19:53:00+00:00,110.68929287358199,1,2,0,0,165,1.0,2,0.5,0
2026-02-01 19:58:00+00:00,1223.5616490398013,0,1,0,1,237,1.0,1,0.0,0
2026-02-01 20:13:00+00:00,2063.0671953503584,0,1,0,1,292,1.0,1,0.0,0
2026-02-01 20:50:00+00:00,313.6789906807418,0,1,0,2,197,1.0,2,0.0,0
2026-02-01 21:13:00+00:00,393.8073031164541,0,2,0,1,208,1.0,1,0.5,0
2026-02-01 21:29:00+00:00,313.9221659978761,0,2,0,2,26,1.0,2,0.5,0
2026-02-01 22:42:00+00:00,998.8082170341994,0,2,0,1,239,1.0,1,0.5,0
2026-02-01 22:55:00+00:00,578.9343190398401,0,1,0,0,230,1.0,2,0.0,0
2026-02-01 22:55:00+00:00,756.7083531533428,0,1,0,1,26,1.0,1,0.0,0
2026-02-01 23:03:00+00:00,344.1480551776283,1,1,0,1,226,1.0,3,0.0,0
2026-02-01 23:12:00+00:00,1351.7143025556823,0,1,0,0,142,1.0,1,0.0,0
2026-02-02 00:19:00+00:00,1183.1395119159306,0,1,0,1,281,3.4826678233049027,2,0.0,0
2026-02-02 00:21:00+00:00,354.7471820915748,0,4,0,0,267,1.0,1,0.75,0
2026-02-02 00:24:00+00:00,3205.2519070310937,0,3,0,0,235,1.0,3,0.6666666666666666,0
2026-02-02 00:41:00+00:00,991.4085970734585,1,1,0,2,43,1.0,1,0.0,0
2026-02-02 01:14:00+00:00,323.35347823349025,1,3,0,0,321,1.0,2,0.6666666666666666,0
2026-02-02 01:23:00+00:00,369.2912586291269,1,1,0,0,138,1.0,3,0.0,0
2026-02-02 01:57:00+00:00,513.2243685649725,1,1,0,1,141,1.0,3,0.0,0
2026-02-02 02:20:00+00:00,1067.9084421229716,0,1,0,0,243,1.0,2,0.0,0
2026-02-02 02:33:00+00:00,646.0920767363141,0,1,0,0,157,1.0,1,0.0,0
2026-02-02 02:46:00+00:00,547.2229812689976,0,1,0,1,363,1.0,1,0.0,0
2026-02-02 02:50:00+00:00,675.8040834561438,0,2,0,4,259,1.0,1,0.5,0
2026-02-02 03:11:00+00:00,761.2597159150864,0,1,0,0,260,1.0,2,0.0,0
2026-02-02 05:23:00+00:00,677.328408115508,0,4,0,1,340,1.0,3,0.75,0
2026-02-02 05:38:00+00:00,1041.726806312193,0,1,0,2,231,1.0,2,0.0,0
2026-02-02 05:38:00+00:00,773.7822009901539,1,1,0,3,197,1.0,4,0.0,0
2026-02-02 05:47:00+00:00,1749.828720241892,0,1,0,3,35,1.0,1,0.0,0
2026-02-02 07:31:00+00:00,2247.950681177451,0,1,0,0,227,1.0,1,0.0,0
2026-02-02 08:02:00+00:00,1481.5204919693697,0,1,0,0,357,1.0,3,0.0,0
2026-02-02 08:47:00+00:00,1118.5126242196363,1,3,2,4,258,1.0,2,0.6666666666666666,1
2026-02-02 09:18:00+00:00,686.4577805646172,0,1,0,0,233,1.0,2,0.0,0
2026-02-02 09:45:00+00:00,885.9039800573613,0,1,0,1,90,1.0,1,0.0,0
2026-02-02 10:25:00+00:00,1841.2754419538223,1,1,0,0,160,1.0,1,0.0,0
2026-02-02 10:57:00+00:00,419.5553270038767,1,1,0,0,169,1.0,1,0.0,0
2026-02-02 11:26:00+00:00,2582.7953486663114,0,3,0,1,69,1.0,2,0.6666666666666666,0
2026-02-02 12:19:00+00:00,808.1221464797876,0,1,0,0,340,0.9583090608285801,1,0.0,0
2026-02-02 12:50:00+00:00,262.67151208540577,1,1,0,0,31,1.0,3,0.0,0
2026-02-02 12:51:00+00:00,489.6697636984414,0,1,0,1,25,1.0,1,0.0,0
2026-02-02 14:16:00+00:00,149.89058465331541,0,1,0,1,125,1.0,1,0.0,0
2026-02-02 14:20:00+00:00,745.9545301303848,1,4,0,0,163,1.0,1,0.75,0
2026-02-02 14:30:00+00:00,831.0395140108105,1,1,1,4,283,1.0,1,0.0,1
2026-02-02 15:33:00+00:00,628.3777486364314,0,1,0,3,333,1.0,1,0.0,0
2026-02-02 15:34:00+00:00,617.0106084949842,0,1,0,2,288,1.0,1,0.0,0
2026-02-02 16:17:00+00:00,2939.515167548734,1,1,0,2,74,1.0,3,0.0,1
2026-02-02 16:58:00+00:00,322.28383595816365,0,1,0,2,100,1.0,1,0.0,0
2026-02-02 17:11:00+00:00,277.4108636576602,0,1,0,0,57,1.0,3,0.0,0
2026-02-02 17:53:00+00:00,464.42825905371603,0,1,0,2,166,1.0,1,0.0,0
2026-02-02 19:34:00+00:00,621.7288078394588,0,1,0,2,76,1.0,2,0.0,0
2026-02-02 20:35:00+00:00,70.44519976110013,0,1,0,1,195,1.0,1,0.0,0
2026-02-02 20:53:00+00:00,2348.2194513399254,0,1,0,0,220,1.0,1,0.0,0
2026-02-02 21:21:00+00:00,1053.0554357697313,0,1,0,0,28,1.0,1,0.0,0
2026-02-02 21:22:00+00:00,174.32745048189136,0,1,0,2,47,1.0,4,0.0,0
2026-02-02 21:27:00+00:00,667.9560560561514,1,1,0,1,248,1.0,1,0.0,0
2026-02-02 22:56:00+00:00,359.8635465665776,0,1,0,2,117,1.0,3,0.0,0
2026-02-03 01:19:00+00:00,411.33805107426804,1,1,0,1,141,1.0,1,0.0,0
2026-02-03 01:52:00+00:00,703.3289161300543,0,4,0,2,306,1.0,3,0.75,0
2026-02-03 01:58:00+00:00,2800.215138609042,0,1,0,3,280,3.3895576120702953,1,0.0,0
2026-02-03 02:05:00+00:00,522.3686576275303,1,2,0,1,119,1.0,1,0.5,0
2026-02-03 04:19:00+00:00,428.17887064707605,0,1,0,1,101,1.0,1,0.0,1
2026-02-03 04:40:00+00:00,525.4482042745215,0,4,1,4,334,1.0,1,0.75,0
2026-02-03 05:17:00+00:00,186.344204593635,1,1,0,2,208,1.0,2,0.0,0
2026-02-03 05:30:00+00:00,443.0308117485745,1,1,0,0,217,1.0,3,0.0,0
2026-02-03 06:35:00+00:00,218.9058526230536,0,1,0,0,31,1.0,3,0.0,0
2026-02-03 06:44:00+00:00,271.31112354769755,0,1,0,1,52,1.0,1,0.0,0
2026-02-03 07:57:00+00:00,347.88131399610216,0,1,0,2,61,1.0,1,0.0,0
2026-02-03 08:02:00+00:00,1942.1485095916623,0,1,0,1,128,1.0,1,0.0,0
2026-02-03 08:37:00+00:00,335.6955399470751,1,1,0,0,114,1.0,1,0.0,0
2026-02-03 09:08:00+00:00,1480.3432309401474,0,1,0,1,166,1.0,2,0.0,0
2026-02-03 09:53:00+00:00,1195.7850998745917,0,1,0,1,112,1.0,1,0.0,0
2026-02-03 13:20:00+00:00,1174.1115432747913,0,1,0,1,144,1.0,2,0.0,0
2026-02-03 13:55:00+00:00,349.8111302053053,0,2,0,1,263,1.0,2,0.5,0
2026-02-03 14:20:00+00:00,432.43595301440985,0,1,0,0,197,1.0,1,0.0,0
2026-02-03 15:27:00+00:00,858.8863938294976,1,1,0,0,183,1.0,1,0.0,1
2026-02-03 15:36:00+00:00,200.1389504701621,1,1,0,0,229,1.0,2,0.0,0
2026-02-03 15:38:00+00:00,742.3264001970515,0,4,0,1,116,1.0,1,0.75,1
2026-02-03 17:15:00+00:00,4447.999437061658,0,1,0,0,160,1.0,2,0.0,0
2026-02-03 17:51:00+00:00,384.12870461982385,0,1,1,3,210,1.0,2,0.0,1
2026-02-03 18:39:00+00:00,2979.2866352742226,0,1,0,1,339,1.0,1,0.0,0
2026-02-03 20:36:00+00:00,110.51274731984742,0,1,0,0,86,1.0,2,0.0,0
2026-02-03 20:57:00+00:00,775.5594847964129,0,4,0,0,281,1.0,1,0.75,0
2026-02-03 21:04:00+00:00,251.0405201669733,1,1,0,2,29,1.0,1,0.0,0
2026-02-03 21:23:00+00:00,615.8200900517152,1,1,1,0,292,1.0,2,0.0,1
2026-02-03 21:45:00+00:00,1208.665503391795,1,2,0,0,131,1.0,1,0.5,0
2026-02-03 22:28:00+00:00,2494.798581192752,0,1,0,1,236,1.0,2,0.0,0
2026-02-03 22:34:00+00:00,657.9767309968623,0,1,0,0,248,1.0,1,0.0,0
2026-02-03 23:01:00+00:00,101.34102998434432,0,1,0,2,171,1.0,2,0.0,0
2026-02-03 23:24:00+00:00,416.3530556303203,0,1,0,0,330,1.0,2,0.0,0
2026-02-03 23:26:00+00:00,632.7894085657549,1,1,0,0,192,1.0,3,0.0,0
2026-02-03 23:40:00+00:00,565.5566115242694,0,1,0,2,39,1.0,1,0.0,0
2026-02-04 00:24:00+00:00,838.7858896944258,0,1,0,0,212,1.0,1,0.0,0
2026-02-04 01:32:00+00:00,1411.0378102579805,1,1,0,0,94,1.0,5,0.0,0
2026-02-04 01:47:00+00:00,632.5525761409917,0,1,0,0,3,1.0,2,0.0,0
2026-02-04 02:24:00+00:00,1793.2015489986827,0,1,0,0,20,1.0,2,0.0,0
2026-02-04 02:31:00+00:00,596.9267000896142,0,1,0,0,169,1.0,1,0.0,0
2026-02-04 02:35:00+00:00,233.04319430153703,0,1,0,0,37,1.0,2,0.0,0
2026-02-04 03:13:00+00:00,332.65350139480796,1,1,0,4,24,1.0,2,0.0,1
2026-02-04 03:16:00+00:00,438.0132088258304,0,1,0,0,66,1.0,1,0.0,0
2026-02-04 03:30:00+00:00,2666.3056975282307,0,1,0,3,215,1.0,1,0.0,0
2026-02-04 03:38:00+00:00,1213.8173271073576,0,1,0,0,292,1.0,1,0.0,0
2026-02-04 05:02:00+00:00,430.5171874200307,0,1,0,1,348,1.0,4,0.0,0
2026-02-04 05:37:00+00:00,109.83083979866763,0,1,0,2,117,1.0,1,0.0,0
2026-02-04 06:57:00+00:00,2402.1515409131057,0,1,0,3,23,1.0,2,0.0,0
2026-02-04 07:22:00+00:00,3639.634109695089,0,1,0,1,97,1.0,2,0.0,0
2026-02-04 07:27:00+00:00,727.1109212323856,0,3,0,0,58,1.0,1,0.6666666666666666,0
2026-02-04 07:40:00+00:00,1879.897495472821,0,1,0,3,296,3.9140741988519325,1,0.0,0
2026-02-04 07:54:00+00:00,980.1612826513483,0,1,0,2,16,1.0,4,0.0,0
2026-02-04 08:36:00+00:00,659.3661410534062,1,1,0,1,342,1.0,1,0.0,0
2026-02-04 09:22:00+00:00,733.3548273288801,1,1,0,2,15,1.0,2,0.0,0
2026-02-04 10:29:00+00:00,183.64163867576832,0,1,0,3,342,1.0,1,0.0,0
2026-02-04 10:33:00+00:00,2543.7567576313745,1,1,0,0,43,1.0,2,0.0,0
2026-02-04 12:19:00+00:00,250.9781832235771,0,1,0,0,70,1.0,2,0.0,0
2026-02-04 12:28:00+00:00,1549.4070987978525,0,1,0,0,136,1.0,2,0.0,0
2026-02-04 13:28:00+00:00,983.8019332424734,1,4,0,0,111,1.0,1,0.75,0
2026-02-04 14:10:00+00:00,135.5756084717423,0,2,0,3,151,1.0,1,0.5,0
2026-02-04 14:12:00+00:00,256.4180422170454,0,1,0,2,361,1.0,1,0.0,0
2026-02-04 14:12:00+00:00,1865.1610820284072,0,1,0,0,34,1.0,1,0.0,0
2026-02-04 14:32:00+00:00,483.18506384461284,1,2,0,3,74,1.0,1,0.5,1
2026-02-04 14:47:00+00:00,873.0343707220521,0,1,0,0,55,1.0,1,0.0,0
2026-02-04 15:32:00+00:00,319.8069318996563,1,1,0,1,48,1.0,2,0.0,0
2026-02-04 16:56:00+00:00,166.31792062443975,0,1,0,1,258,1.0,2,0.0,0
2026-02-04 17:33:00+00:00,259.7811437925117,0,2,0,2,343,1.0,2,0.5,0
2026-02-04 17:35:00+00:00,1251.5236267559724,0,1,0,1,134,1.0,1,0.0,0
2026-02-04 18:41:00+00:00,1415.4115289108095,0,1,0,1,17,1.0,2,0.0,0
2026-02-04 18:58:00+00:00,1304.444289168043,0,1,0,1,305,1.0,1,0.0,0
2026-02-04 19:00:00+00:00,3720.3969490069276,1,1,0,2,102,1.0,1,0.0,0
2026-02-04 20:40:00+00:00,802.3615643338785,1,1,1,3,318,1.0,1,0.0,0
2026-02-04 21:28:00+00:00,424.69967842384824,0,2,0,1,208,1.0,1,0.5,0
2026-02-04 21:35:00+00:00,369.3275449910741,1,1,0,2,361,1.0,2,0.0,0
2026-02-04 22:10:00+00:00,140.18535983573022,0,1,0,1,324,1.0,2,0.0,0
2026-02-04 22:18:00+00:00,272.9117683861026,0,1,0,1,354,1.0,2,0.0,0
2026-02-04 23:45:00+00:00,1058.8456607638577,0,4,0,0,348,1.0,1,0.75,0
2026-02-04 23:47:00+00:00,656.1259531855563,1,3,0,1,96,1.0,3,0.6666666666666666,0
2026-02-04 23:50:00+00:00,2521.4340196596095,1,1,0,1,18,1.0,1,0.0,1
2026-02-05 00:11:00+00:00,836.6180865012194,0,1,0,1,305,1.0,1,0.0,0
2026-02-05 00:48:00+00:00,1345.6255129765395,0,1,0,1,315,1.0,2,0.0,0
2026-02-05 01:08:00+00:00,146.08310066699718,1,1,0,2,260,1.0,2,0.0,0
2026-02-05 01:48:00+00:00,413.22279366416836,0,1,0,0,192,1.0,1,0.0,0
2026-02-05 01:59:00+00:00,1908.6748332709942,0,1,0,1,230,1.0,4,0.0,0
2026-02-05 03:19:00+00:00,391.08596883945324,0,1,0,1,263,1.0,1,0.0,0
2026-02-05 03:21:00+00:00,548.0231344932085,0,1,0,2,313,1.0,2,0.0,0
2026-02-05 03:32:00+00:00,114.56838821674285,0,1,0,0,174,1.0,2,0.0,0
2026-02-05 03:33:00+00:00,1085.676240794382,1,1,0,0,197,1.0,1,0.0,0
2026-02-05 05:11:00+00:00,603.7582807512288,1,4,0,0,193,1.0,2,0.75,0
2026-02-05 05:13:00+00:00,400.5746642477168,0,1,2,2,33,1.0,1,0.0,1
2026-02-05 05:55:00+00:00,524.4369799730895,0,1,0,2,282,1.0,4,0.0,0
2026-02-05 06:02:00+00:00,686.8888508447968,0,1,0,2,111,1.0,1,0.0,0
2026-02-05 06:52:00+00:00,241.2443819711851,0,4,0,1,251,1.0,2,0.75,0
2026-02-05 06:58:00+00:00,648.9070652252444,0,1,0,0,143,1.0,2,0.0,0
2026-02-05 07:41:00+00:00,217.21044081276884,0,1,0,4,60,1.0,1,0.0,0
2026-02-05 08:13:00+00:00,245.94285722908327,0,1,0,1,75,1.0,2,0.0,0
2026-02-05 08:26:00+00:00,1214.1357821015636,1,1,0,0,309,1.4498533222043997,1,0.0,0
2026-02-05 08:59:00+00:00,207.00174646498422,1,1,0,1,321,1.0,1,0.0,0
2026-02-05 09:00:00+00:00,476.49119485349183,1,2,0,0,92,1.0,2,0.5,0
2026-02-05 09:31:00+00:00,481.7813154302001,1,1,0,0,115,1.0,1,0.0,0
2026-02-05 09:50:00+00:00,1482.0480125068377,0,4,0,0,187,1.0,1,0.75,0
2026-02-05 10:01:00+00:00,938.4788756519893,0,1,0,2,105,1.0,2,0.0,0
2026-02-05 10:12:00+00:00,91.43401160364235,0,1,0,0,59,1.0,4,0.0,0
2026-02-05 10:12:00+00:00,1125.8427292745343,1,1,0,0,329,1.0,1,0.0,0
2026-02-05 10:24:00+00:00,357.19927286986183,0,1,0,1,246,1.0,3,0.0,0
2026-02-05 10:33:00+00:00,1559.6206349791833,0,1,0,0,250,1.0,1,0.0,0
2026-02-05 10:47:00+00:00,1662.6780161491035,0,1,1,4,234,1.0,2,0.0,1
2026-02-05 12:17:00+00:00,183.36496790777144,0,2,0,0,181,1.0,2,0.5,0
2026-02-05 13:15:00+00:00,112.0213526636144,0,2,0,2,297,1.0,4,0.5,0
2026-02-05 13:46:00+00:00,187.76066759361854,0,3,0,1,361,1.0,1,0.6666666666666666,0
2026-02-05 14:32:00+00:00,962.561270269214,1,2,0,2,270,1.0,2,0.5,0
2026-02-05 14:53:00+00:00,539.9532179455233,0,1,0,2,326,1.0,1,0.0,0
2026-02-05 15:22:00+00:00,2900.0569091620678,0,1,0,1,221,1.0,2,0.0,0
2026-02-05 15:56:00+00:00,523.6928324704704,0,1,0,1,21,1.0,1,0.0,0
2026-02-05 16:00:00+00:00,306.23478381745383,0,1,0,1,336,1.0,1,0.0,0
2026-02-05 16:09:00+00:00,1339.0065861545195,0,3,0,2,268,1.0,2,0.6666666666666666,0
2026-02-05 16:14:00+00:00,900.2618574912974,0,1,0,1,187,1.0,3,0.0,0
2026-02-05 16:53:00+00:00,470.23387248023903,0,3,0,0,38,1.0,4,0.6666666666666666,0
2026-02-05 17:54:00+00:00,4845.721316896235,0,4,0,0,158,1.0,1,0.75,0
2026-02-05 18:02:00+00:00,756.0589118537126,0,1,0,1,163,1.0,1,0.0,0
2026-02-05 19:27:00+00:00,403.57205881605705,0,1,0,2,206,1.0,2,0.0,0
2026-02-05 19:34:00+00:00,299.24277952522107,0,1,0,0,14,1.0,1,0.0,0
2026-02-05 20:31:00+00:00,195.68833422053157,0,1,2,7,135,1.0,1,0.0,1
2026-02-05 20:44:00+00:00,174.9163468840831,0,2,0,0,168,1.0,2,0.5,0
2026-02-05 21:03:00+00:00,1047.094916630853,0,1,0,2,341,1.0,1,0.0,0
2026-02-05 21:30:00+00:00,513.7732966979563,0,1,0,1,238,1.0,4,0.0,0
2026-02-05 21:47:00+00:00,668.5984244353402,1,1,0,1,12,1.0,1,0.0,0
2026-02-05 21:57:00+00:00,591.2660426235899,0,3,0,1,15,1.0,2,0.6666666666666666,0
2026-02-05 22:25:00+00:00,679.5479426508247,0,1,0,0,272,1.0,1,0.0,0
2026-02-05 23:06:00+00:00,196.755148069016,1,1,0,0,327,1.0,1,0.0,0
2026-02-05 23:51:00+00:00,840.4775241083478,0,1,0,0,177,1.0,1,0.0,0
2026-02-06 01:13:00+00:00,2538.3093001446646,0,1,0,0,157,1.0,2,0.0,0
2026-02-06 01:24:00+00:00,3644.1769021881737,0,1,0,1,22,1.0,1,0.0,0
2026-02-06 01:34:00+00:00,119.73915825363413,0,1,0,3,258,1.0,2,0.0,0
2026-02-06 02:02:00+00:00,2020.1427577435684,0,1,0,1,141,1.0,1,0.0,0
2026-02-06 02:17:00+00:00,126.38142204293874,1,1,1,3,101,1.0,3,0.0,1
2026-02-06 02:30:00+00:00,445.3704725615298,1,1,0,3,63,1.0,1,0.0,0
2026-02-06 02:31:00+00:00,1029.2325520989102,0,1,0,2,350,1.0,5,0.0,0
2026-02-06 02:39:00+00:00,432.5206537407093,0,2,0,0,199,1.0,2,0.5,0
2026-02-06 02:43:00+00:00,564.7576997846874,0,1,0,1,271,1.0,1,0.0,0
2026-02-06 03:01:00+00:00,136.2212748708801,0,2,0,0,151,1.0,1,0.5,0
2026-02-06 03:46:00+00:00,313.05917062714065,1,2,0,1,241,1.0,1,0.5,0
2026-02-06 04:27:00+00:00,129.58728633729984,0,1,0,1,206,1.0,2,0.0,0
2026-02-06 04:47:00+00:00,636.6181931297842,1,1,0,1,128,1.0,2,0.0,0
2026-02-06 04:52:00+00:00,2627.0104023019767,0,1,0,2,92,1.0,2,0.0,0
2026-02-06 06:27:00+00:00,660.5651015303214,0,1,0,2,94,1.0,1,0.0,0
2026-02-06 06:43:00+00:00,549.2034033758164,0,1,0,1,81,1.0,5,0.0,0
2026-02-06 07:05:00+00:00,2102.525829617121,0,1,1,5,117,1.0,1,0.0,0
2026-02-06 08:15:00+00:00,2432.425069405555,0,1,0,1,313,1.0,3,0.0,0
2026-02-06 08:15:00+00:00,663.2302076389888,1,1,0,2,220,1.0,2,0.0,0
2026-02-06 08:24:00+00:00,267.7251104117406,0,1,0,0,169,1.0,1,0.0,0
2026-02-06 09:09:00+00:00,274.46222393400024,1,1,0,3,167,1.0,2,0.0,0
2026-02-06 09:48:00+00:00,1686.4458569269123,0,2,0,4,162,1.0,1,0.5,0
2026-02-06 10:06:00+00:00,509.1651390688747,0,3,0,0,334,1.0,1,0.6666666666666666,1
2026-02-06 10:47:00+00:00,604.3424929915194,1,1,0,0,342,1.0,2,0.0,0
2026-02-06 11:28:00+00:00,110.70220182468444,0,1,0,1,216,1.0,1,0.0,0
2026-02-06 13:15:00+00:00,782.1966309256658,0,1,0,0,28,1.0,1,0.0,0
2026-02-06 14:11:00+00:00,522.2948172172939,0,2,0,1,265,1.0,1,0.5,0
2026-02-06 14:46:00+00:00,1271.6183072702163,0,1,0,0,248,1.0,2,0.0,0
2026-02-06 17:10:00+00:00,2214.661631499484,0,1,0,2,179,1.0,2,0.0,0
2026-02-06 18:01:00+00:00,199.24013118125842,0,1,0,0,150,1.0,1,0.0,0
2026-02-06 18:10:00+00:00,100.88617411655048,0,2,0,1,276,1.0,1,0.5,0
2026-02-06 18:29:00+00:00,297.05759061995406,0,1,1,3,273,1.0,3,0.0,1
2026-02-06 18:55:00+00:00,466.4754741924454,1,1,0,1,212,1.0,1,0.0,0
2026-02-06 19:30:00+00:00,616.4999275994196,0,1,0,1,44,1.0,1,0.0,0
2026-02-06 19:39:00+00:00,245.33348450406774,0,1,0,0,159,1.0,2,0.0,0
2026-02-06 19:44:00+00:00,216.54353355394915,0,1,0,1,42,1.0,1,0.0,0
2026-02-06 20:11:00+00:00,703.0537481018168,0,1,0,1,319,1.0,2,0.0,0
2026-02-06 20:13:00+00:00,779.1438557240214,0,1,0,1,154,1.0,1,0.0,0
2026-02-06 20:32:00+00:00,31.628480753484276,0,2,0,2,358,1.0,3,0.5,0
2026-02-06 22:15:00+00:00,46.631705563669286,0,1,0,0,54,1.0,2,0.0,0
2026-02-06 22:58:00+00:00,446.48192717388923,0,4,0,1,279,1.0,2,0.75,0
2026-02-06 23:31:00+00:00,155.44533415692578,0,1,0,1,212,1.0,1,0.0,0
2026-02-06 23:48:00+00:00,431.64418841939994,1,1,0,1,223,1.0,2,0.0,0
2026-02-06 23:56:00+00:00,582.6815383983553,0,1,0,1,126,1.0,2,0.0,0
2026-02-07 00:31:00+00:00,258.6481986414261,1,1,0,2,54,1.0,2,0.0,0
2026-02-07 00:53:00+00:00,354.8339508604659,0,1,0,1,359,1.0,2,0.0,0
2026-02-07 01:12:00+00:00,52.697940558768934,0,1,0,1,255,1.0,2,0.0,0
2026-02-07 02:13:00+00:00,2390.693625855214,0,1,0,0,163,1.0,1,0.0,0
2026-02-07 02:44:00+00:00,1934.8610316999384,0,2,0,1,128,1.0,1,0.5,0
2026-02-07 04:26:00+00:00,164.81441950779544,0,1,0,0,176,1.0,3,0.0,0
2026-02-07 04:31:00+00:00,340.3284548797211,0,1,0,1,219,1.0,4,0.0,0
2026-02-07 05:12:00+00:00,1695.5636595917667,1,3,0,1,132,1.0,1,0.6666666666666666,0
2026-02-07 05:54:00+00:00,159.66164275777234,0,1,1,3,56,1.0,1,0.0,0
2026-02-07 06:24:00+00:00,364.0933648073627,0,2,0,1,356,1.0,3,0.5,0
2026-02-07 06:47:00+00:00,257.1932109801405,1,1,0,0,297,1.0,3,0.0,0
2026-02-07 08:51:00+00:00,2806.726925736623,0,1,0,2,46,1.0,4,0.0,0
2026-02-07 09:02:00+00:00,1027.1173880437113,1,1,0,1,91,1.0,2,0.0,0
2026-02-07 10:29:00+00:00,1433.6328754373862,0,1,0,1,83,1.0,1,0.0,0
2026-02-07 10:35:00+00:00,566.9852856706406,0,1,0,1,164,1.0,3,0.0,0
2026-02-07 11:07:00+00:00,188.47263792739147,0,1,0,0,183,1.0,2,0.0,0
2026-02-07 11:57:00+00:00,782.4817970283209,0,3,1,1,16,1.0,2,0.6666666666666666,1
2026-02-07 12:28:00+00:00,4926.653467464686,1,2,0,0,272,1.0,1,0.5,0
2026-02-07 12:40:00+00:00,399.4506446827551,0,2,0,0,295,1.0,1,0.5,0
2026-02-07 13:18:00+00:00,750.7707772271492,0,1,0,2,65,1.0,2,0.0,0
2026-02-07 13:50:00+00:00,40.96062606692713,0,1,0,0,5,1.0,1,0.0,0
2026-02-07 14:24:00+00:00,395.1048445699478,0,1,0,0,159,1.0,2,0.0,0
2026-02-07 15:09:00+00:00,109.7764637867828,0,1,0,0,260,1.0,3,0.0,0
2026-02-07 15:15:00+00:00,582.4463901302279,0,2,0,2,30,1.0,2,0.5,0
2026-02-07 15:33:00+00:00,3390.7471402845504,1,3,0,0,263,1.0,2,0.6666666666666666,0
2026-02-07 15:45:00+00:00,4008.458446837125,0,3,0,0,305,1.0,1,0.6666666666666666,0
2026-02-07 15:58:00+00:00,251.30309785389676,1,1,0,1,281,1.0,1,0.0,0
2026-02-07 16:05:00+00:00,420.850353604907,1,1,0,1,225,1.0,2,0.0,0
2026-02-07 17:30:00+00:00,291.1298582346127,0,1,0,1,223,1.0,1,0.0,0
2026-02-07 17:53:00+00:00,275.3258473870868,0,1,0,1,247,1.0,2,0.0,0
2026-02-07 18:02:00+00:00,986.4132016249686,0,1,0,0,86,1.0,3,0.0,0
2026-02-07 18:40:00+00:00,3646.3519828253316,1,1,0,0,51,1.0,1,0.0,0
2026-02-07 19:17:00+00:00,272.43973608871,0,1,0,1,105,1.0,3,0.0,0
2026-02-07 19:40:00+00:00,1521.7763799483712,1,1,0,0,197,1.0,2,0.0,0
2026-02-07 19:40:00+00:00,482.0876398253177,0,1,0,1,187,1.0,1,0.0,0
2026-02-07 21:15:00+00:00,105.99420553246885,0,1,0,1,218,1.0,1,0.0,0
2026-02-07 21:35:00+00:00,1215.6538541349785,1,4,0,0,277,1.0,2,0.75,0
2026-02-07 22:24:00+00:00,2121.9501268875324,0,1,0,1,116,1.0,1,0.0,0
2026-02-07 22:33:00+00:00,801.3023910236438,1,1,0,1,177,1.0,2,0.0,0
2026-02-07 22:45:00+00:00,2806.208599715592,1,1,0,0,13,1.0,2,0.0,0
2026-02-07 23:12:00+00:00,215.76444526034035,0,1,0,2,5,1.0,1,0.0,0
2026-02-07 23:15:00+00:00,1316.6531437369215,0,1,0,0,284,1.0,2,0.0,0
2026-02-07 23:31:00+00:00,2255.5401952548614,0,1,0,0,150,1.0,2,0.0,0
2026-02-07 23:48:00+00:00,1503.3635218039453,1,2,0,2,249,1.0,1,0.5,0
2026-02-08 00:02:00+00:00,371.9704108276182,0,1,0,2,256,1.0,2,0.0,0
2026-02-08 00:25:00+00:00,1346.8201444013275,1,1,0,0,244,1.0,2,0.0,0
2026-02-08 00:28:00+00:00,922.2722389024595,0,1,0,2,177,1.0,3,0.0,0
2026-02-08 00:46:00+00:00,139.32103204858987,0,3,0,1,324,1.0,5,0.6666666666666666,0
2026-02-08 01:06:00+00:00,203.10366620570122,1,1,0,0,211,1.0,1,0.0,0
2026-02-08 01:16:00+00:00,312.5641507394901,1,1,0,2,324,1.0,1,0.0,0
2026-02-08 01:43:00+00:00,107.85344404929117,1,1,1,4,338,1.0,2,0.0,1
2026-02-08 02:46:00+00:00,256.9750374878885,0,1,1,4,28,1.0,2,0.0,0
2026-02-08 03:17:00+00:00,698.3377180119295,1,1,0,0,27,1.0,3,0.0,0
2026-02-08 03:35:00+00:00,111.21870814231687,0,1,0,5,111,1.0,3,0.0,0
2026-02-08 03:43:00+00:00,461.4542334040013,0,1,0,0,16,1.0,2,0.0,0
2026-02-08 04:02:00+00:00,213.7481444092527,0,1,0,1,327,1.0,1,0.0,0
2026-02-08 04:10:00+00:00,226.6919580873364,0,2,0,0,23,0.3123581214266728,3,0.5,0
2026-02-08 04:46:00+00:00,52.009525259926185,0,1,0,1,218,1.0,3,0.0,0
2026-02-08 04:56:00+00:00,1304.8951876905603,1,1,0,1,300,1.0,2,0.0,0
2026-02-08 05:43:00+00:00,514.3575237610949,0,4,0,0,354,1.0,2,0.75,0
2026-02-08 05:57:00+00:00,181.53215809766922,0,1,0,1,70,1.0,2,0.0,0
2026-02-08 06:27:00+00:00,32.803027722064606,0,2,0,0,232,1.0,2,0.5,0
2026-02-08 07:07:00+00:00,1427.1799976705197,0,1,0,2,274,1.0,2,0.0,0
2026-02-08 07:22:00+00:00,821.4000814734538,1,1,1,3,125,1.0,1,0.0,1
2026-02-08 07:42:00+00:00,4057.626141987102,1,1,0,2,268,1.0,2,0.0,0
2026-02-08 08:30:00+00:00,147.30125985342778,0,1,0,2,144,1.0,1,0.0,0
2026-02-08 09:04:00+00:00,1232.1208236554576,0,1,0,0,24,1.0,2,0.0,0
2026-02-08 09:58:00+00:00,453.2864176787791,0,1,0,1,306,1.0,2,0.0,0
2026-02-08 10:17:00+00:00,153.8813629115963,1,1,0,0,235,1.0,2,0.0,0
2026-02-08 10:30:00+00:00,524.4451351689014,0,2,2,1,238,1.0,1,0.5,1
2026-02-08 11:10:00+00:00,239.31988858028473,0,1,0,3,14,1.0,1,0.0,0
2026-02-08 11:46:00+00:00,456.81085084249736,0,1,0,1,77,1.0,2,0.0,0
2026-02-08 12:39:00+00:00,574.9556694323169,0,1,0,1,266,1.0,1,0.0,0
2026-02-08 12:40:00+00:00,150.23740011245275,0,4,0,1,194,1.0,3,0.75,0
2026-02-08 12:46:00+00:00,605.3334898648443,1,2,0,2,291,1.0,2,0.5,0
2026-02-08 13:01:00+00:00,499.2692865685524,0,1,0,0,262,1.0,1,0.0,0
2026-02-08 13:14:00+00:00,155.72904509829885,0,1,0,3,180,1.0,2,0.0,0
2026-02-08 13:56:00+00:00,601.3410683279906,0,1,0,2,143,1.0,2,0.0,0
2026-02-08 14:31:00+00:00,1068.227970264518,1,1,0,0,66,1.0,3,0.0,0
2026-02-08 14:49:00+00:00,446.98232312700577,1,4,0,1,349,1.0,1,0.75,1
2026-02-08 14:49:00+00:00,1959.0287745542473,1,1,0,2,10,1.0,2,0.0,0
2026-02-08 14:52:00+00:00,840.3299815101888,0,4,0,5,271,1.0,2,0.75,0
2026-02-08 16:59:00+00:00,125.54982041861294,0,1,0,0,108,1.0,1,0.0,0
2026-02-08 17:05:00+00:00,451.0137237205692,0,4,0,2,297,1.0,4,0.75,1
2026-02-08 17:41:00+00:00,272.4715784987132,0,1,0,3,249,1.0,2,0.0,0
2026-02-08 17:57:00+00:00,3356.240113227857,1,1,0,1,301,1.0,1,0.0,0
2026-02-08 17:58:00+00:00,1373.7846832717732,0,1,0,1,293,1.0,1,0.0,0
2026-02-08 18:05:00+00:00,1054.9787535578614,0,1,0,0,319,1.0,4,0.0,0
2026-02-08 18:23:00+00:00,240.3176499531424,0,4,0,2,92,0.5671237782659552,3,0.75,0
2026-02-08 18:30:00+00:00,363.6750921427132,1,2,0,0,21,1.0,2,0.5,0
2026-02-08 18:41:00+00:00,677.4453929032093,1,1,0,1,18,1.0,3,0.0,0
2026-02-08 19:03:00+00:00,1241.5740716217335,0,1,0,1,147,1.0,2,0.0,0
2026-02-08 19:58:00+00:00,1049.8790601826179,1,1,0,0,16,1.0,3,0.0,1
2026-02-08 20:14:00+00:00,1952.274483407762,0,1,0,0,260,1.0,1,0.0,0
2026-02-08 21:09:00+00:00,295.34789378989774,1,1,0,1,48,1.0,3,0.0,0
2026-02-08 21:37:00+00:00,461.7956180664456,0,2,0,0,97,1.0,1,0.5,0
2026-02-08 22:56:00+00:00,529.1242181679821,1,1,0,1,129,1.0,2,0.0,0
2026-02-08 23:16:00+00:00,1531.512029007795,1,1,0,0,260,1.0,1,0.0,0
2026-02-09 00:16:00+00:00,1136.1798438415494,0,1,0,2,210,1.0,2,0.0,0
2026-02-09 00:18:00+00:00,776.9777318258275,1,1,0,0,173,1.0,1,0.0,0
2026-02-09 01:53:00+00:00,198.44298185492804,0,1,0,1,312,1.0,2,0.0,0
2026-02-09 02:27:00+00:00,599.5887300126607,1,1,0,0,236,1.0,3,0.0,0
2026-02-09 03:04:00+00:00,3454.8314657339706,0,1,0,1,324,1.0,2,0.0,0
2026-02-09 03:18:00+00:00,609.8766372048066,0,1,0,0,285,1.0,1,0.0,0
2026-02-09 03:56:00+00:00,279.0833597238192,0,1,0,1,285,1.0,2,0.0,0
2026-02-09 04:47:00+00:00,197.10538840315922,1,1,0,0,5,1.0,2,0.0,0
2026-02-09 05:21:00+00:00,314.04619259918866,1,1,0,1,278,1.0,2,0.0,0
2026-02-09 05:32:00+00:00,334.44594515276106,0,3,0,1,303,1.0,1,0.6666666666666666,0
2026-02-09 05:34:00+00:00,373.1178807476854,1,1,0,1,220,1.0,1,0.0,0
2026-02-09 06:52:00+00:00,836.9662194974969,1,1,0,1,111,1.0,1,0.0,0
2026-02-09 07:53:00+00:00,1439.205671364709,0,1,0,1,30,1.0,2,0.0,0
2026-02-09 07:55:00+00:00,1208.4935841676586,0,1,0,0,298,1.0,1,0.0,0
2026-02-09 08:43:00+00:00,489.77350245958354,0,1,0,0,304,1.0,2,0.0,0
2026-02-09 08:57:00+00:00,271.27291226172326,0,4,0,2,207,1.0,1,0.75,0
2026-02-09 09:31:00+00:00,169.94548609749097,0,1,0,1,89,1.0,4,0.0,1
2026-02-09 09:47:00+00:00,602.110658614725,0,1,0,0,313,1.0,1,0.0,0
2026-02-09 09:54:00+00:00,170.6738899309079,0,1,0,1,27,1.0,3,0.0,0
2026-02-09 11:46:00+00:00,1017.334134449752,1,1,0,1,353,1.0,3,0.0,0
2026-02-09 12:08:00+00:00,140.78152331667096,0,1,0,1,3,1.0,3,0.0,0
2026-02-09 12:09:00+00:00,737.7893039603514,0,1,0,0,159,1.0,2,0.0,0
2026-02-09 13:18:00+00:00,2562.626901717458,0,1,0,0,151,1.0,1,0.0,0
2026-02-09 13:45:00+00:00,338.6561011596374,0,1,0,0,109,1.0,1,0.0,0
2026-02-09 14:22:00+00:00,588.3231532114855,0,1,0,1,284,1.0,1,0.0,0
2026-02-09 15:02:00+00:00,1053.0068026971246,0,1,0,0,297,1.0,2,0.0,0
2026-02-09 15:48:00+00:00,64.85943061362575,0,3,0,2,182,1.0,5,0.6666666666666666,0
2026-02-09 16:04:00+00:00,2111.3588041762177,0,1,0,0,40,1.0,1,0.0,0
2026-02-09 16:14:00+00:00,502.0371867854729,1,1,0,1,76,1.0,2,0.0,0
2026-02-09 16:54:00+00:00,3295.2475562693226,1,1,0,2,280,1.0,4,0.0,1
2026-02-09 16:55:00+00:00,1578.1897789461916,1,1,0,1,302,1.0,1,0.0,0
2026-02-09 17:16:00+00:00,597.2260363664831,1,1,0,1,243,1.0,1,0.0,0
2026-02-09 17:16:00+00:00,2058.6925273151946,0,3,0,0,260,1.0,2,0.6666666666666666,0
2026-02-09 17:41:00+00:00,109.66328771931475,0,1,0,0,273,1.0,1,0.0,0
2026-02-09 18:01:00+00:00,491.4852090763577,1,1,0,1,175,1.0,1,0.0,0
2026-02-09 21:30:00+00:00,652.1314091945621,0,2,0,0,335,0.5884907593800202,1,0.5,0
2026-02-09 22:00:00+00:00,6066.745919339368,0,1,0,1,5,1.0,1,0.0,0
2026-02-09 22:12:00+00:00,2104.9735869187048,0,1,0,0,90,1.0,3,0.0,0
2026-02-09 22:25:00+00:00,1736.6528376009906,0,1,0,0,129,1.0,1,0.0,0
2026-02-09 23:05:00+00:00,888.3916749180098,0,1,0,0,111,1.0,1,0.0,0
2026-02-10 00:16:00+00:00,946.0963792364964,0,1,0,0,128,1.0,2,0.0,0
2026-02-10 00:45:00+00:00,671.9025874457657,0,1,0,1,321,1.0,2,0.0,0
2026-02-10 01:16:00+00:00,167.28606463605126,0,1,0,0,155,1.0,1,0.0,0
2026-02-10 01:56:00+00:00,134.6043674413946,0,2,0,1,45,1.0,1,0.5,0
2026-02-10 02:10:00+00:00,650.2876658063428,1,1,0,1,229,1.0,2,0.0,0
2026-02-10 02:55:00+00:00,1266.5622411629438,0,4,0,1,269,1.0,2,0.75,0
2026-02-10 03:06:00+00:00,124.67898367643551,0,1,0,0,72,1.0,1,0.0,0
2026-02-10 03:24:00+00:00,245.1190906748825,0,3,0,0,39,1.0,2,0.6666666666666666,0
2026-02-10 03:24:00+00:00,68.73893358790019,1,3,0,0,95,1.0,1,0.6666666666666666,0
2026-02-10 03:43:00+00:00,409.76965122484495,0,1,0,1,235,1.0,2,0.0,0
2026-02-10 03:56:00+00:00,213.03234665685653,0,1,0,0,265,1.0,2,0.0,0
2026-02-10 05:39:00+00:00,625.4322073802979,0,1,0,0,9,1.0,2,0.0,0
2026-02-10 06:26:00+00:00,247.71881577601283,0,1,0,3,159,1.0,2,0.0,0
2026-02-10 06:33:00+00:00,739.6142303988706,0,1,0,0,116,1.0,2,0.0,0
2026-02-10 06:45:00+00:00,440.91532247092033,0,1,0,1,316,1.0,3,0.0,0
2026-02-10 06:48:00+00:00,741.5578616363006,0,1,0,0,48,1.0,2,0.0,0
2026-02-10 07:06:00+00:00,250.78003005977163,0,3,2,2,72,1.0,2,0.6666666666666666,1
2026-02-10 07:11:00+00:00,352.59751058598994,1,1,0,1,40,1.0,3,0.0,1
2026-02-10 07:27:00+00:00,349.5789024092993,1,1,0,0,54,1.0,1,0.0,0
2026-02-10 08:25:00+00:00,281.8695684002791,1,1,0,0,149,1.0,2,0.0,0
2026-02-10 08:43:00+00:00,667.6307541657995,0,1,0,3,244,1.0,3,0.0,0
2026-02-10 10:19:00+00:00,361.1212457653193,1,1,0,1,362,1.0,2,0.0,0
2026-02-10 10:43:00+00:00,879.337901805716,0,1,0,0,111,1.0,1,0.0,0
2026-02-10 13:02:00+00:00,390.2255657908154,1,1,0,1,218,1.0,3,0.0,0
2026-02-10 13:28:00+00:00,251.87106953533007,1,1,0,1,105,1.0,1,0.0,0
2026-02-10 14:13:00+00:00,1694.2716170172685,0,2,0,0,168,1.0,3,0.5,0
2026-02-10 14:38:00+00:00,376.2342408240102,0,1,0,1,4,1.0,1,0.0,0
2026-02-10 14:40:00+00:00,91.3948266367227,0,1,0,1,321,1.0,2,0.0,0
2026-02-10 14:41:00+00:00,645.227566668528,0,4,0,1,356,1.0,2,0.75,0
2026-02-10 16:00:00+00:00,836.3762224242544,1,1,0,1,302,1.0,2,0.0,0
2026-02-10 16:00:00+00:00,769.9378573739635,1,2,0,0,307,1.0,1,0.5,0
2026-02-10 16:36:00+00:00,509.43509429957254,0,2,0,0,241,1.0,3,0.5,0
2026-02-10 16:41:00+00:00,361.90374635518447,1,1,0,1,18,1.0,2,0.0,0
2026-02-10 17:25:00+00:00,402.99707979906594,0,1,0,0,51,1.0,1,0.0,0
2026-02-10 17:33:00+00:00,1170.3939420862882,0,1,0,1,29,1.0,1,0.0,0
2026-02-10 17:35:00+00:00,3295.750058711749,0,1,0,0,78,1.0,2,0.0,0
2026-02-10 18:12:00+00:00,3230.693933623089,0,1,0,1,197,1.0,1,0.0,0
2026-02-10 18:26:00+00:00,295.25650200765574,1,1,0,0,37,1.0,2,0.0,0
2026-02-10 19:01:00+00:00,333.90320185916323,1,1,0,3,201,1.0,2,0.0,0
2026-02-10 19:15:00+00:00,327.1700919877737,1,1,0,0,84,1.0,1,0.0,0
2026-02-10 19:44:00+00:00,651.9198942365208,1,2,0,1,118,1.0,1,0.5,0
2026-02-10 20:10:00+00:00,746.8290818007617,0,1,0,1,293,1.0,3,0.0,0
2026-02-10 20:19:00+00:00,986.4978335709011,1,2,0,2,348,1.0,1,0.5,0
2026-02-10 20:29:00+00:00,1935.195693573721,1,1,0,2,206,1.0,1,0.0,0
2026-02-10 21:10:00+00:00,133.06725010325988,0,4,0,0,37,1.0,1,0.75,0
2026-02-10 21:11:00+00:00,1001.1520104330616,1,4,0,0,148,1.0,3,0.75,0
2026-02-10 22:39:00+00:00,736.4672533499354,1,1,0,1,296,1.0,1,0.0,0
2026-02-11 00:32:00+00:00,3800.315567995948,0,1,0,1,111,1.0,2,0.0,0
2026-02-11 01:01:00+00:00,844.0485127462439,0,1,0,1,35,1.0,2,0.0,0
2026-02-11 01:29:00+00:00,260.4479852177888,0,4,0,2,67,1.0,4,0.75,0
2026-02-11 01:55:00+00:00,265.1123750922492,0,1,0,0,8,1.0,1,0.0,0
2026-02-11 02:03:00+00:00,877.7638704693528,0,1,0,1,156,1.0,1,0.0,0
2026-02-11 02:04:00+00:00,409.74741985751047,0,4,0,3,210,1.0,1,0.75,0
2026-02-11 02:22:00+00:00,474.77841992107653,0,1,0,1,313,1.0,2,0.0,0
2026-02-11 03:02:00+00:00,858.6801373143022,0,4,0,0,308,1.0,1,0.75,0
2026-02-11 03:14:00+00:00,1037.9319632141764,1,1,0,1,102,1.0,2,0.0,0
2026-02-11 03:18:00+00:00,538.5842938608059,0,1,0,1,10,1.0,1,0.0,0
2026-02-11 04:41:00+00:00,52.15288307465251,0,2,0,3,355,1.0,1,0.5,0
2026-02-11 05:39:00+00:00,254.09681555699188,0,1,0,2,28,1.0,2,0.0,0
2026-02-11 07:40:00+00:00,512.574900041951,0,1,0,1,239,1.0,4,0.0,0
2026-02-11 07:40:00+00:00,557.7992649849342,1,1,0,1,325,1.0,2,0.0,0
2026-02-11 08:30:00+00:00,1476.1719745102605,0,1,0,1,221,1.0,4,0.0,0
2026-02-11 08:47:00+00:00,460.9637593604725,1,1,1,5,336,1.0,3,0.0,1
2026-02-11 09:42:00+00:00,327.84696142490253,0,1,0,2,288,1.0,1,0.0,0
2026-02-11 10:36:00+00:00,84.1110138716979,0,1,0,1,134,1.0,1,0.0,0
2026-02-11 11:22:00+00:00,222.0161845870828,0,1,0,2,102,1.0,2,0.0,0
2026-02-11 12:06:00+00:00,14.11867766496886,0,1,0,0,321,1.0,1,0.0,0
2026-02-11 12:18:00+00:00,339.85888759042814,1,1,0,2,329,1.0,3,0.0,0
2026-02-11 12:47:00+00:00,401.89383081240135,0,1,0,3,136,1.0,1,0.0,0
2026-02-11 13:01:00+00:00,416.77193279898245,1,1,0,0,186,1.0,1,0.0,0
2026-02-11 13:51:00+00:00,938.4450984760472,0,1,0,3,36,1.3795887061989547,3,0.0,0
2026-02-11 14:04:00+00:00,1301.8110056463183,1,1,0,1,199,1.0,2,0.0,0
2026-02-11 15:06:00+00:00,291.50786806716786,0,1,0,0,260,1.0,2,0.0,0
2026-02-11 15:09:00+00:00,833.4048386101824,0,1,0,0,123,1.0,3,0.0,0
2026-02-11 15:40:00+00:00,409.32980615794895,1,1,0,1,71,1.0,1,0.0,0
2026-02-11 16:38:00+00:00,517.258772162747,1,1,0,3,84,1.0,4,0.0,0
2026-02-11 17:11:00+00:00,1412.143972641431,1,1,0,1,99,1.0,2,0.0,0
2026-02-11 17:31:00+00:00,4767.61836897877,0,3,0,0,19,1.0,2,0.6666666666666666,0
2026-02-11 17:47:00+00:00,3666.4170126094714,0,1,0,0,209,1.0,1,0.0,0
2026-02-11 17:50:00+00:00,781.0459100998676,0,1,0,0,92,1.0,3,0.0,0
2026-02-11 18:08:00+00:00,1572.8019766105635,0,1,0,0,246,1.0,1,0.0,0
2026-02-11 18:28:00+00:00,545.188984014799,1,1,0,0,325,1.0,2,0.0,0
2026-02-11 19:06:00+00:00,250.8059089328344,0,4,1,2,299,1.0,2,0.75,0
2026-02-11 19:24:00+00:00,643.6032851559421,0,1,0,1,212,1.0,1,0.0,0
2026-02-11 20:21:00+00:00,245.53730530779183,1,4,0,0,193,1.0,2,0.75,1
2026-02-11 20:32:00+00:00,1144.5115448406896,1,1,0,1,110,1.0,2,0.0,0
2026-02-11 20:39:00+00:00,375.45182910178164,0,1,0,1,30,1.0,1,0.0,0
2026-02-11 20:42:00+00:00,267.90996529345364,0,4,0,1,198,1.0,3,0.75,0
2026-02-11 21:54:00+00:00,142.02121759248473,0,1,0,1,261,1.0,1,0.0,0
2026-02-11 22:20:00+00:00,1487.154747414475,0,2,0,1,230,1.0,1,0.5,0
2026-02-11 23:08:00+00:00,402.7960860228703,1,1,0,4,242,1.0,1,0.0,0
2026-02-11 23:10:00+00:00,115.70143400411453,1,1,0,1,218,1.0,1,0.0,0
2026-02-12 00:40:00+00:00,331.3043891375204,1,1,0,1,5,1.0,2,0.0,0
2026-02-12 01:05:00+00:00,129.71409843288768,0,1,1,1,165,1.0,2,0.0,0
2026-02-12 01:21:00+00:00,431.54798288599625,0,1,0,1,300,1.0,1,0.0,0
2026-02-12 02:45:00+00:00,2216.236891581963,0,3,0,0,331,1.0,1,0.6666666666666666,0
2026-02-12 02:53:00+00:00,4833.857792747611,0,1,0,1,248,1.0,2,0.0,0
2026-02-12 02:54:00+00:00,633.17355098107,0,1,0,0,278,1.0,1,0.0,0
2026-02-12 03:32:00+00:00,160.71817066989234,0,1,0,1,299,1.0,1,0.0,0
2026-02-12 06:08:00+00:00,437.1329597869374,0,1,0,2,324,1.0,1,0.0,0
2026-02-12 07:48:00+00:00,202.54105622778047,0,2,0,0,203,1.0,1,0.5,0
2026-02-12 08:41:00+00:00,2578.254767638773,1,2,0,0,134,1.0,3,0.5,1
2026-02-12 09:12:00+00:00,416.36162088371344,1,1,0,2,175,1.0,1,0.0,0
2026-02-12 09:43:00+00:00,804.5370946046146,0,1,0,3,124,1.0,1,0.0,0
2026-02-12 10:07:00+00:00,96.67163456336897,0,1,0,1,63,1.0,1,0.0,0
2026-02-12 11:20:00+00:00,59.40328706794024,1,1,0,1,273,1.0,1,0.0,0
2026-02-12 11:29:00+00:00,800.2245973701787,0,1,0,0,160,1.0,2,0.0,0
2026-02-12 11:52:00+00:00,1640.102371862134,0,1,0,0,3,1.0,1,0.0,0
2026-02-12 12:15:00+00:00,392.3019820660976,0,1,0,3,107,1.0,1,0.0,0
2026-02-12 12:40:00+00:00,1903.7718226381885,1,1,0,1,79,1.0,2,0.0,0
2026-02-12 13:00:00+00:00,2931.8979602055147,1,1,0,0,25,1.0,1,0.0,0
2026-02-12 13:04:00+00:00,888.552790203061,0,1,0,1,241,1.0,2,0.0,0
2026-02-12 13:12:00+00:00,638.7298122663755,0,4,0,2,354,1.0,4,0.75,0
2026-02-12 13:33:00+00:00,779.059777490728,0,2,1,1,361,1.0,5,0.5,1
2026-02-12 13:45:00+00:00,176.19498538988054,1,1,0,2,60,1.0,1,0.0,0
2026-02-12 14:40:00+00:00,897.6778280675792,1,1,0,2,284,1.0,3,0.0,0
2026-02-12 14:47:00+00:00,4355.731652945034,0,1,0,2,113,1.0,5,0.0,0
2026-02-12 15:08:00+00:00,711.5910868589474,0,1,0,1,203,1.0,2,0.0,0
2026-02-12 15:14:00+00:00,371.0691736501439,0,1,0,1,105,1.0,1,0.0,0
2026-02-12 16:36:00+00:00,113.18706241346396,0,1,0,1,5,1.0,1,0.0,0
2026-02-12 16:40:00+00:00,206.19214237483277,1,1,0,2,170,1.0,2,0.0,0
2026-02-12 17:54:00+00:00,415.82333018433326,1,1,0,2,212,1.0,2,0.0,0
2026-02-12 18:02:00+00:00,1483.2050027403247,1,1,0,0,244,1.0,2,0.0,0
2026-02-12 18:36:00+00:00,1644.909710105774,0,1,0,0,334,1.0,1,0.0,0
2026-02-12 18:37:00+00:00,242.3717253197614,1,1,0,1,364,1.0,2,0.0,0
2026-02-12 18:42:00+00:00,844.4083188973685,1,1,0,3,359,1.0,2,0.0,0
2026-02-12 18:46:00+00:00,242.07603551699523,0,1,0,1,230,1.0,1,0.0,0
2026-02-12 19:09:00+00:00,84.31839679527725,1,1,0,3,154,1.0,3,0.0,0
2026-02-12 19:45:00+00:00,281.8833248053062,0,1,0,2,272,1.0,3,0.0,0
2026-02-12 20:35:00+00:00,335.61582620248123,0,2,0,1,251,1.0,1,0.5,0
2026-02-12 21:08:00+00:00,1750.176154442406,0,1,0,2,210,1.0,1,0.0,0
2026-02-12 21:13:00+00:00,781.4617916152079,0,2,0,0,138,1.0,2,0.5,0
2026-02-12 22:13:00+00:00,944.1558861606426,1,4,0,0,84,1.0,1,0.75,0
2026-02-12 22:21:00+00:00,87.96458566005383,1,1,0,3,328,1.0,1,0.0,0
2026-02-12 22:42:00+00:00,518.5101840701434,0,4,0,0,188,1.0,2,0.75,0
2026-02-12 22:44:00+00:00,553.5171366918412,1,1,0,1,341,1.0,3,0.0,0
2026-02-12 22:58:00+00:00,136.49131854720363,1,1,0,2,37,1.0,5,0.0,0
2026-02-12 23:08:00+00:00,128.28206862445919,0,4,0,0,20,1.0,3,0.75,0
2026-02-12 23:17:00+00:00,2411.455091187365,0,1,0,1,179,1.0,1,0.0,0
2026-02-13 00:09:00+00:00,3909.396644817176,0,3,0,1,54,1.0,4,0.6666666666666666,0
2026-02-13 01:41:00+00:00,2155.3339050210575,0,1,0,2,128,1.0,3,0.0,0
2026-02-13 02:21:00+00:00,598.4426084112696,0,1,0,0,272,1.0,3,0.0,0
2026-02-13 02:28:00+00:00,364.1866104320567,0,1,0,0,312,0.4125774051240945,1,0.0,0
2026-02-13 02:45:00+00:00,502.990584540118,0,1,0,0,215,1.0,3,0.0,0
2026-02-13 03:12:00+00:00,366.2368313888993,0,1,0,1,316,1.0,1,0.0,0
2026-02-13 03:19:00+00:00,235.32640670005532,1,1,0,0,135,1.0,2,0.0,0
2026-02-13 04:22:00+00:00,1202.1719603927224,1,1,0,0,132,1.0,4,0.0,0
2026-02-13 05:02:00+00:00,1931.3010577084299,0,1,0,1,79,1.0,2,0.0,0
2026-02-13 05:41:00+00:00,702.7147280288618,1,1,0,0,263,1.7872759734659505,2,0.0,0
2026-02-13 06:07:00+00:00,761.8924421016585,0,1,0,3,74,1.0,1,0.0,0
2026-02-13 06:12:00+00:00,56.35211729977502,0,1,0,0,273,1.0,2,0.0,0
2026-02-13 06:12:00+00:00,1145.9037291746208,1,1,0,0,81,1.0,2,0.0,1
2026-02-13 08:24:00+00:00,613.6729079017418,0,1,0,1,274,1.0,2,0.0,0
2026-02-13 08:33:00+00:00,926.3894577462736,0,1,0,0,11,1.0,4,0.0,0
2026-02-13 09:11:00+00:00,310.1525203805251,1,1,0,1,95,1.0,2,0.0,1
2026-02-13 09:41:00+00:00,411.4581131878304,0,1,0,1,358,1.0,3,0.0,0
2026-02-13 09:47:00+00:00,362.4914576884765,0,2,0,0,294,1.0,4,0.5,0
2026-02-13 10:23:00+00:00,153.1061380402255,0,1,0,2,341,0.3538901858985051,1,0.0,0
2026-02-13 10:31:00+00:00,506.6202183100918,1,2,0,0,225,0.4272437167355709,1,0.5,0
2026-02-13 10:56:00+00:00,164.4311198275774,1,1,0,0,142,1.0,2,0.0,0
2026-02-13 11:18:00+00:00,197.14131298591832,0,1,0,1,89,1.0,1,0.0,0
2026-02-13 12:59:00+00:00,167.44546176266635,0,1,0,0,332,1.0,3,0.0,0
2026-02-13 13:12:00+00:00,1703.2430010734217,0,1,0,1,234,1.0,1,0.0,0
2026-02-13 14:20:00+00:00,1356.8878958547884,1,1,0,4,48,1.0,1,0.0,0
2026-02-13 14:21:00+00:00,2039.223218032551,1,1,0,0,46,1.0,2,0.0,0
2026-02-13 14:24:00+00:00,216.03536204555735,0,1,0,1,97,1.0,1,0.0,0
2026-02-13 14:25:00+00:00,81.82198047556204,0,1,0,0,11,1.0,4,0.0,0
2026-02-13 14:52:00+00:00,183.38185778219378,0,1,0,2,166,1.0,1,0.0,0
2026-02-13 15:03:00+00:00,302.1908122416987,0,1,1,1,243,1.0,2,0.0,0
2026-02-13 16:14:00+00:00,809.2898252586631,0,2,0,2,110,1.0,2,0.5,0
2026-02-13 16:21:00+00:00,351.64914713326596,0,1,0,2,340,1.0,2,0.0,0
2026-02-13 17:47:00+00:00,589.5966300404172,0,1,0,1,209,1.0,3,0.0,0
2026-02-13 17:59:00+00:00,53.90055460796234,1,1,0,1,100,1.0,1,0.0,0
2026-02-13 18:14:00+00:00,407.7377946907078,1,2,0,3,166,1.0,2,0.5,0
2026-02-13 18:37:00+00:00,1649.772034444575,0,1,0,0,208,1.0,2,0.0,0
2026-02-13 19:19:00+00:00,203.257473168524,0,1,0,2,206,1.0,2,0.0,0
2026-02-13 19:23:00+00:00,845.8273552809469,1,1,0,0,109,1.0,2,0.0,0
2026-02-13 19:35:00+00:00,1134.9042542363293,0,1,0,2,103,1.0,2,0.0,0
2026-02-13 20:13:00+00:00,2855.1205559742184,0,1,0,1,334,1.0,1,0.0,0
2026-02-13 20:18:00+00:00,158.66164386393106,0,1,0,1,313,1.0,2,0.0,0
2026-02-13 21:10:00+00:00,1703.5937473728438,0,3,0,2,29,1.0,3,0.6666666666666666,0
2026-02-13 21:32:00+00:00,1492.9457271013714,1,1,0,0,157,1.0,2,0.0,0
2026-02-13 21:47:00+00:00,654.6738705218672,0,2,0,1,118,1.0,4,0.5,0
2026-02-13 21:50:00+00:00,2097.633739989361,0,1,0,2,211,1.0,1,0.0,0
2026-02-13 21:52:00+00:00,313.15115428201017,1,3,0,0,133,1.0,2,0.6666666666666666,0
2026-02-13 22:08:00+00:00,640.7862792600749,1,1,2,2,193,1.0,2,0.0,1
2026-02-13 22:55:00+00:00,708.219746363298,1,1,0,1,163,1.0,4,0.0,0
2026-02-14 02:50:00+00:00,526.001400338392,0,4,0,2,16,1.0535127395387582,1,0.75,0
2026-02-14 04:10:00+00:00,23.610494644069348,0,2,0,0,0,1.0,2,0.5,0
2026-02-14 04:46:00+00:00,1559.0391249907568,0,2,0,1,24,1.0,3,0.5,0
2026-02-14 06:25:00+00:00,443.7856752959335,0,2,0,3,18,1.0,3,0.5,0
2026-02-14 06:33:00+00:00,825.4542753223858,0,1,0,1,278,1.0,3,0.0,0
2026-02-14 07:31:00+00:00,212.8612612735634,0,1,0,2,20,1.0,2,0.0,0
2026-02-14 08:30:00+00:00,287.57182796963116,0,1,0,0,232,0.15447905203233728,1,0.0,0
2026-02-14 08:39:00+00:00,185.1595121521697,0,3,0,1,230,0.3266220952484281,2,0.6666666666666666,0
2026-02-14 08:44:00+00:00,148.98795414377048,0,1,0,0,273,1.0,3,0.0,0
2026-02-14 08:48:00+00:00,190.8083916762163,0,1,0,1,227,0.1672584282840842,2,0.0,0
2026-02-14 09:28:00+00:00,344.8552289110606,1,1,0,1,151,1.0,1,0.0,0
2026-02-14 09:36:00+00:00,418.51600800556076,1,1,0,1,120,1.0,1,0.0,0
2026-02-14 10:05:00+00:00,602.505813375174,0,1,0,1,211,1.0,2,0.0,0
2026-02-14 10:12:00+00:00,1852.4172304868475,0,1,1,2,18,1.0,3,0.0,1
2026-02-14 11:07:00+00:00,235.64662433925764,0,1,0,0,283,1.0,1,0.0,0
2026-02-14 11:08:00+00:00,678.5382737928568,0,1,0,1,321,1.0,1,0.0,0
2026-02-14 11:24:00+00:00,363.3268865431047,0,1,0,1,140,1.0,1,0.0,0
2026-02-14 11:57:00+00:00,1050.3787429623496,0,1,0,1,110,1.0,1,0.0,0
2026-02-14 12:30:00+00:00,523.4329733550621,0,1,0,3,10,0.5873110942502953,1,0.0,0
2026-02-14 14:00:00+00:00,573.0337826374491,1,3,0,0,260,1.0,1,0.6666666666666666,0
2026-02-14 14:22:00+00:00,459.9889275823873,0,2,0,1,134,1.0,2,0.5,0
2026-02-14 14:30:00+00:00,872.5962538708296,1,1,0,2,319,1.0,1,0.0,0
2026-02-14 15:26:00+00:00,100.97204384062854,0,1,0,0,286,1.0,2,0.0,0
2026-02-14 15:28:00+00:00,3120.148974552926,1,3,0,2,99,1.0,2,0.6666666666666666,0
2026-02-14 15:31:00+00:00,2909.663167986789,0,1,0,2,166,1.0,2,0.0,0
2026-02-14 15:47:00+00:00,170.42983199853427,0,1,0,1,30,1.0,3,0.0,0
2026-02-14 16:03:00+00:00,210.0965925425508,0,1,1,4,234,1.0,1,0.0,0
2026-02-14 16:04:00+00:00,545.4029822362437,1,1,0,2,320,1.0,1,0.0,0
2026-02-14 16:20:00+00:00,1225.314130359401,0,1,0,1,36,1.0,1,0.0,0
2026-02-14 16:53:00+00:00,291.6494493758126,0,1,0,0,206,1.0,3,0.0,0
2026-02-14 16:57:00+00:00,483.52303814784057,0,1,0,1,179,1.0,1,0.0,0
2026-02-14 17:04:00+00:00,670.7793617419586,0,1,0,1,299,1.0,1,0.0,0
2026-02-14 17:49:00+00:00,3207.656539848829,1,1,0,2,183,1.0,1,0.0,1
2026-02-14 18:10:00+00:00,359.4120199907942,0,1,0,1,57,1.0,2,0.0,0
2026-02-14 19:55:00+00:00,308.63838738941274,0,1,0,2,221,1.0,1,0.0,0
2026-02-14 20:31:00+00:00,1375.4240148672409,0,1,0,1,210,1.594991587858363,2,0.0,0
2026-02-14 23:32:00+00:00,1668.66845883604,1,1,0,1,307,1.0,1,0.0,0
2026-02-15 00:20:00+00:00,376.63369294074835,0,2,0,2,205,1.0,2,0.5,0
2026-02-15 00:29:00+00:00,964.6068159453291,0,1,0,1,103,1.0,3,0.0,0
2026-02-15 02:05:00+00:00,120.23902356548055,0,1,0,1,194,1.0,2,0.0,0
2026-02-15 02:06:00+00:00,722.3290348182268,0,1,0,2,107,1.0,3,0.0,0
2026-02-15 03:38:00+00:00,5164.468651701832,1,1,0,2,23,1.0,3,0.0,0
2026-02-15 03:50:00+00:00,1404.0061243069163,0,1,0,0,305,1.0,1,0.0,0
2026-02-15 05:33:00+00:00,147.05858319107645,1,1,0,1,32,1.0,3,0.0,0
2026-02-15 05:40:00+00:00,71.57612271190422,1,1,0,0,199,1.0,2,0.0,0
2026-02-15 05:49:00+00:00,430.46507037138747,0,1,0,1,363,1.0,5,0.0,0
2026-02-15 06:24:00+00:00,1828.6431204156145,0,1,0,1,133,1.0,2,0.0,0
2026-02-15 08:38:00+00:00,1992.904745234077,0,1,1,2,295,1.0,1,0.0,1
2026-02-15 08:53:00+00:00,3505.7027630305925,0,3,0,0,158,1.0,3,0.6666666666666666,0
2026-02-15 09:10:00+00:00,329.37508466960685,0,1,0,0,214,1.0,2,0.0,0
2026-02-15 10:28:00+00:00,158.31097460350486,0,1,0,1,281,0.21296272183860884,3,0.0,0
2026-02-15 10:31:00+00:00,522.6902636659709,1,1,0,1,56,1.0,2,0.0,0
2026-02-15 10:39:00+00:00,649.1124434285358,0,1,0,0,160,1.0,2,0.0,0
2026-02-15 10:50:00+00:00,1517.878912351994,1,1,2,4,252,1.0,2,0.0,1
2026-02-15 11:20:00+00:00,337.2847880698132,0,1,0,1,190,1.0,1,0.0,0
2026-02-15 12:04:00+00:00,644.4438715635868,0,1,0,0,269,1.0,1,0.0,0
2026-02-15 12:25:00+00:00,1019.3337363754973,0,1,0,1,73,1.0,2,0.0,0
2026-02-15 13:04:00+00:00,327.1947563368376,1,1,0,0,203,1.0,2,0.0,0
2026-02-15 13:34:00+00:00,2563.4858855801085,0,1,0,1,9,1.0,1,0.0,0
2026-02-15 13:53:00+00:00,388.3720773474655,0,1,0,2,137,1.0,2,0.0,0
2026-02-15 14:01:00+00:00,1414.4971974663295,1,3,0,2,74,1.0,4,0.6666666666666666,0
2026-02-15 14:39:00+00:00,670.644881334153,0,1,0,0,337,1.0,3,0.0,0
2026-02-15 15:25:00+00:00,101.38282463931856,0,1,0,0,347,1.0,1,0.0,0
2026-02-15 15:26:00+00:00,3690.052882541959,1,1,0,4,258,1.0,2,0.0,1
2026-02-15 15:56:00+00:00,291.3770214248121,0,3,0,0,254,1.0,1,0.6666666666666666,0
2026-02-15 16:25:00+00:00,243.27472224874998,1,1,0,0,123,1.0,1,0.0,0
2026-02-15 16:34:00+00:00,645.9270387261314,0,2,0,2,199,1.0,2,0.5,0
2026-02-15 17:47:00+00:00,167.18370046112062,0,1,0,1,294,1.0,2,0.0,0
2026-02-15 18:08:00+00:00,1287.0347533984466,0,1,0,2,272,1.0,2,0.0,0
2026-02-15 18:21:00+00:00,514.0325434004993,1,2,0,2,295,1.0,3,0.5,0
2026-02-15 18:28:00+00:00,2884.921945417592,1,1,0,1,27,1.0,2,0.0,0
2026-02-15 19:02:00+00:00,223.7071121336994,0,1,0,1,273,1.0,2,0.0,0
2026-02-15 19:13:00+00:00,129.88616797656206,0,1,0,2,311,1.0,3,0.0,0
2026-02-15 19:42:00+00:00,792.1347522099918,0,2,0,0,201,1.0,1,0.5,0
2026-02-15 20:17:00+00:00,818.5604842887158,0,1,1,0,123,1.0,1,0.0,0
2026-02-15 21:00:00+00:00,671.345031608543,1,1,0,1,287,1.0,2,0.0,0
2026-02-15 21:33:00+00:00,901.5572096270987,0,1,0,0,1,1.0,2,0.0,0
2026-02-15 22:13:00+00:00,449.1050398739333,0,1,0,2,67,1.0,3,0.0,0
2026-02-15 22:30:00+00:00,463.0591798807308,0,1,0,0,142,1.0,2,0.0,0
2026-02-15 23:08:00+00:00,2800.200384822114,0,2,0,0,256,1.0,1,0.5,0
2026-02-15 23:17:00+00:00,534.7953176589945,0,2,0,0,171,1.0,3,0.5,0
2026-02-15 23:23:00+00:00,524.6027544662622,1,3,0,3,215,1.0,1,0.6666666666666666,0
2026-02-15 23:36:00+00:00,122.71123558542813,0,1,0,0,40,1.0,3,0.0,0
2026-02-15 23:54:00+00:00,5545.594295831375,0,3,0,3,268,1.0,2,0.6666666666666666,0
2026-02-16 00:13:00+00:00,2743.20699526534,0,1,0,0,21,1.0,2,0.0,0
2026-02-16 00:22:00+00:00,112.7115460468952,0,1,0,0,315,1.0,4,0.0,0
2026-02-16 00:27:00+00:00,1950.1916079774564,0,1,0,1,94,1.0,3,0.0,0
2026-02-16 01:20:00+00:00,485.66467444983255,0,3,0,4,116,1.0,1,0.6666666666666666,0
2026-02-16 01:23:00+00:00,246.83091505878085,0,1,0,1,221,0.2890897261175541,2,0.0,0
2026-02-16 01:54:00+00:00,1699.5469565455826,0,3,1,2,215,1.0,2,0.6666666666666666,0
2026-02-16 01:58:00+00:00,643.0393312825646,0,1,0,0,31,1.0,1,0.0,0
2026-02-16 02:21:00+00:00,5916.911644545217,0,1,0,1,33,1.0,6,0.0,0
2026-02-16 02:58:00+00:00,121.7955356289538,0,1,0,3,230,1.0,1,0.0,0
2026-02-16 03:13:00+00:00,116.37077346141284,0,3,0,0,124,1.0,3,0.6666666666666666,0
2026-02-16 03:26:00+00:00,568.138489477502,0,1,0,0,143,1.0,1,0.0,0
2026-02-16 06:17:00+00:00,135.59228185398334,0,1,0,1,117,1.0,2,0.0,0
2026-02-16 07:08:00+00:00,1048.315660255656,0,1,0,0,172,1.0,2,0.0,0
2026-02-16 07:30:00+00:00,2291.428943246261,1,4,0,3,61,1.0,1,0.75,0
2026-02-16 07:31:00+00:00,360.70164637670484,1,1,0,0,267,1.0,2,0.0,0
2026-02-16 07:47:00+00:00,1426.2301888327383,1,1,0,0,120,1.0,1,0.0,0
2026-02-16 08:50:00+00:00,887.567965427762,1,1,0,0,31,1.0,2,0.0,0
2026-02-16 11:12:00+00:00,939.430483081881,0,1,0,1,3,1.0,2,0.0,0
2026-02-16 11:14:00+00:00,350.5818467758538,0,1,0,1,341,1.0,3,0.0,0
2026-02-16 12:23:00+00:00,3650.081176775311,1,1,0,1,279,1.0,2,0.0,0
2026-02-16 12:25:00+00:00,352.3082002872622,0,1,0,0,47,1.0,1,0.0,0
2026-02-16 12:45:00+00:00,1089.8900535798239,0,1,0,1,284,1.0,3,0.0,0
2026-02-16 13:01:00+00:00,227.92842659692454,0,1,0,0,178,1.0,3,0.0,0
2026-02-16 13:35:00+00:00,197.7441573958837,0,4,0,0,194,1.0,2,0.75,0
2026-02-16 15:15:00+00:00,690.1232736489459,0,1,0,2,99,1.0,3,0.0,0
2026-02-16 15:23:00+00:00,1881.0052519314145,0,1,0,1,289,1.0,3,0.0,0
2026-02-16 15:32:00+00:00,686.7889198703183,1,1,0,2,310,1.0,3,0.0,0
2026-02-16 15:54:00+00:00,11722.713844609514,1,2,0,0,36,1.0,4,0.5,1
2026-02-16 16:03:00+00:00,353.47019372704585,0,1,2,3,70,1.0,2,0.0,1
2026-02-16 16:15:00+00:00,1961.871775031707,0,3,0,2,46,1.0,4,0.6666666666666666,0
2026-02-16 17:00:00+00:00,494.6886518325982,1,1,0,2,271,1.0,2,0.0,0
2026-02-16 17:40:00+00:00,1752.7211542985397,0,1,0,3,238,1.0,2,0.0,0
2026-02-16 18:39:00+00:00,608.4543894022935,0,1,0,2,277,1.0,3,0.0,0
2026-02-16 18:44:00+00:00,402.28784831265733,0,3,0,0,275,1.0,1,0.6666666666666666,0
2026-02-16 19:01:00+00:00,238.3366747416271,0,1,0,1,78,1.0,2,0.0,0
2026-02-16 19:16:00+00:00,1684.642627474799,0,1,0,1,5,1.0,2,0.0,0
2026-02-16 19:31:00+00:00,303.87690453548777,0,1,0,0,82,1.0,2,0.0,0
2026-02-16 19:41:00+00:00,233.8796763123733,0,1,0,0,171,1.0,2,0.0,0
2026-02-16 19:55:00+00:00,184.0887222024715,1,1,0,1,83,1.0,4,0.0,1
2026-02-16 20:03:00+00:00,251.75593946780293,1,1,0,0,58,1.0,4,0.0,0
2026-02-16 21:07:00+00:00,3786.7554713755517,1,4,0,1,20,1.0,1,0.75,1
2026-02-16 22:00:00+00:00,701.3013646625653,0,1,0,2,253,1.0,2,0.0,0
2026-02-16 23:22:00+00:00,711.6133291838714,0,1,0,2,208,1.0,1,0.0,0
2026-02-16 23:41:00+00:00,2275.946871730765,0,1,0,2,73,1.0,3,0.0,0
2026-02-17 00:15:00+00:00,178.97445848869464,1,1,0,1,70,1.0,2,0.0,0
2026-02-17 00:48:00+00:00,973.6162225745254,0,2,0,0,10,1.0,1,0.5,0
2026-02-17 01:26:00+00:00,466.85937412211433,1,1,2,6,94,1.0,2,0.0,1
2026-02-17 02:43:00+00:00,248.36707589533947,0,1,0,0,94,1.0,3,0.0,0
2026-02-17 02:50:00+00:00,1160.13805113816,1,2,0,0,78,1.0,1,0.5,0
2026-02-17 02:53:00+00:00,495.3348996262994,0,1,0,2,12,1.0,1,0.0,0
2026-02-17 04:25:00+00:00,1126.909628404495,0,2,0,1,0,1.0,3,0.5,0
2026-02-17 04:37:00+00:00,191.6975815876273,0,1,0,3,56,1.0,6,0.0,0
2026-02-17 04:45:00+00:00,556.5041842192538,0,1,0,0,121,1.0,3,0.0,0
2026-02-17 05:10:00+00:00,123.17395079071515,0,1,0,1,299,0.06149700368400729,3,0.0,0
2026-02-17 05:28:00+00:00,169.89190094608122,1,1,0,0,208,1.0,1,0.0,0
2026-02-17 06:09:00+00:00,487.53778511829285,0,1,0,1,150,1.0,4,0.0,0
2026-02-17 06:16:00+00:00,183.8778819526364,1,1,0,3,4,1.0,3,0.0,1
2026-02-17 06:59:00+00:00,1701.4616744629086,0,2,0,0,321,1.0,4,0.5,0
2026-02-17 07:11:00+00:00,221.80999704089618,0,1,0,1,190,1.0,1,0.0,0
2026-02-17 07:22:00+00:00,2281.0571182330505,0,1,0,2,187,1.0,3,0.0,0
2026-02-17 07:47:00+00:00,1531.0599122900885,0,2,0,0,326,1.0,3,0.5,0
2026-02-17 07:48:00+00:00,822.8873667468099,0,1,0,1,69,1.0,4,0.0,0
2026-02-17 08:47:00+00:00,1195.5016290977578,0,1,0,0,360,3.0138149019461573,2,0.0,0
2026-02-17 09:12:00+00:00,1209.2442667507596,1,1,0,0,188,1.0,1,0.0,0
2026-02-17 09:39:00+00:00,501.1843013468549,0,1,0,2,302,1.0,1,0.0,0
2026-02-17 09:54:00+00:00,540.2378297145908,1,1,0,2,69,1.0,2,0.0,0
2026-02-17 10:24:00+00:00,243.15225764203956,0,1,0,3,153,1.0,2,0.0,0
2026-02-17 10:42:00+00:00,429.7372263023966,0,2,0,0,310,1.0,1,0.5,0
2026-02-17 10:43:00+00:00,254.73727535639557,0,1,0,0,123,1.0,1,0.0,0
2026-02-17 11:04:00+00:00,1072.553489703092,1,2,0,0,160,1.0,4,0.5,0
2026-02-17 11:04:00+00:00,1067.3800967878497,0,1,0,0,320,1.0,2,0.0,0
2026-02-17 11:19:00+00:00,876.3004130273465,0,1,0,2,33,1.1449819219370492,1,0.0,0
2026-02-17 11:28:00+00:00,342.1688993234086,0,1,0,1,193,1.0,1,0.0,0
2026-02-17 11:29:00+00:00,712.2404874290606,1,1,0,1,181,1.0,3,0.0,0
2026-02-17 11:45:00+00:00,284.3740069539191,0,1,0,0,207,1.0,2,0.0,0
2026-02-17 11:48:00+00:00,622.0145246719355,0,1,0,1,305,0.7475028852187473,4,0.0,0
2026-02-17 12:31:00+00:00,175.7154506087944,1,1,0,1,43,1.0,2,0.0,0
2026-02-17 12:47:00+00:00,2105.7250169220283,0,3,0,1,306,1.0,1,0.6666666666666666,0
2026-02-17 13:27:00+00:00,1142.8873442166587,0,1,0,1,213,1.0,3,0.0,0
2026-02-17 13:55:00+00:00,1429.1037726943298,0,1,0,0,301,1.0,3,0.0,0
2026-02-17 15:39:00+00:00,911.7355699139847,1,1,1,6,345,1.0,2,0.0,1
2026-02-17 16:13:00+00:00,282.60276209234837,0,2,0,1,338,1.0,2,0.5,0
2026-02-17 16:42:00+00:00,72.18229438022504,0,1,0,2,210,1.0,3,0.0,0
2026-02-17 17:54:00+00:00,95.26911551587841,0,1,0,0,76,1.0,1,0.0,0
2026-02-17 18:38:00+00:00,939.9540617285005,0,1,0,0,60,1.0,2,0.0,0
2026-02-17 18:43:00+00:00,1224.165839019765,0,2,0,0,175,1.0,2,0.5,0
2026-02-17 19:20:00+00:00,4344.756886568448,0,1,0,0,171,1.0,3,0.0,0
2026-02-17 19:22:00+00:00,611.2233204175694,0,1,1,3,242,1.0,2,0.0,0
2026-02-17 20:40:00+00:00,991.2683011934498,0,1,0,2,148,1.0,1,0.0,0
2026-02-17 20:46:00+00:00,1539.1990285000113,0,2,0,4,36,1.0,2,0.5,0
2026-02-17 21:28:00+00:00,197.16477462927256,0,1,0,2,42,1.0,3,0.0,0
2026-02-17 22:00:00+00:00,296.815717772162,0,1,0,1,272,1.0,1,0.0,0
2026-02-17 23:27:00+00:00,1044.6987987168952,0,1,0,1,66,1.0,2,0.0,0
2026-02-17 23:33:00+00:00,887.0926400538397,0,1,0,1,42,1.0,2,0.0,0
2026-02-17 23:43:00+00:00,980.9968737337774,0,1,0,2,335,1.0,1,0.0,0
2026-02-17 23:49:00+00:00,248.14155784054722,0,1,0,0,277,1.0,2,0.0,1
2026-02-18 00:02:00+00:00,784.8393706465923,0,1,0,0,206,1.0,2,0.0,0
2026-02-18 00:03:00+00:00,150.9442012225473,0,1,0,4,29,1.0,2,0.0,0
2026-02-18 00:45:00+00:00,88.29426914753576,1,1,0,0,283,1.0,1,0.0,0
2026-02-18 01:22:00+00:00,1186.1037326966625,0,2,0,0,64,1.0635210823034256,3,0.5,0
2026-02-18 01:44:00+00:00,845.6421077939148,0,1,0,0,89,1.0,2,0.0,0
2026-02-18 02:34:00+00:00,665.2811401135709,0,1,0,2,268,1.0,3,0.0,0
2026-02-18 02:46:00+00:00,1034.2706683289748,0,1,1,3,9,1.0,2,0.0,0
2026-02-18 02:58:00+00:00,2074.1512511555184,1,1,0,2,348,1.0,2,0.0,0
2026-02-18 03:00:00+00:00,528.212936701778,0,1,0,2,131,1.0,2,0.0,0
2026-02-18 03:41:00+00:00,1233.449664888052,1,3,0,2,19,1.4343838118950227,1,0.6666666666666666,0
2026-02-18 03:51:00+00:00,154.02588810335448,0,1,0,1,344,1.0,2,0.0,0
2026-02-18 04:49:00+00:00,405.5078930509252,1,1,0,0,157,1.0,1,0.0,0
2026-02-18 05:23:00+00:00,1555.315783704292,0,1,0,2,132,1.0,2,0.0,0
2026-02-18 05:33:00+00:00,210.70548459994063,1,1,0,1,68,1.0,3,0.0,0
2026-02-18 06:07:00+00:00,126.83725564390942,0,1,0,2,248,1.0,3,0.0,0
2026-02-18 06:24:00+00:00,318.338368838712,0,1,0,1,237,1.0,1,0.0,0
2026-02-18 06:37:00+00:00,3933.3134048759694,0,1,0,1,159,1.0,2,0.0,0
2026-02-18 06:38:00+00:00,225.77297779855945,0,1,0,0,328,1.0,1,0.0,0
2026-02-18 06:39:00+00:00,543.228837152024,0,4,0,0,263,1.0,4,0.75,0
2026-02-18 06:39:00+00:00,458.43199627912225,1,1,0,1,250,1.0,2,0.0,0
2026-02-18 07:21:00+00:00,671.4504082174601,0,1,0,1,129,1.0,1,0.0,0
2026-02-18 07:50:00+00:00,364.35745701229814,1,1,0,1,43,1.0,3,0.0,1
2026-02-18 08:39:00+00:00,77.69072361667673,0,1,0,0,67,1.0,2,0.0,0
2026-02-18 09:12:00+00:00,741.8939450331738,1,2,0,0,175,1.0,2,0.5,0
2026-02-18 09:27:00+00:00,451.54560970269296,0,3,0,1,262,1.0,1,0.6666666666666666,0
2026-02-18 11:23:00+00:00,667.5772645666258,0,1,0,1,298,1.0,3,0.0,0
2026-02-18 11:32:00+00:00,896.2068408566715,0,1,0,2,105,1.0,3,0.0,0
2026-02-18 11:55:00+00:00,1577.8622732393474,0,1,1,2,122,1.0,3,0.0,0
2026-02-18 11:56:00+00:00,109.93912706642737,0,1,0,1,77,1.0,2,0.0,0
2026-02-18 12:53:00+00:00,306.3866782913495,0,1,0,1,157,1.0,2,0.0,0
2026-02-18 14:54:00+00:00,267.1021278591768,0,3,0,1,63,1.0,1,0.6666666666666666,0
2026-02-18 14:57:00+00:00,611.2932901252142,0,1,0,0,273,1.0,3,0.0,0
2026-02-18 15:01:00+00:00,3499.9489293612664,0,1,0,3,41,1.0,1,0.0,0
2026-02-18 15:08:00+00:00,126.31344907516495,0,1,0,1,164,1.0,3,0.0,0
2026-02-18 15:11:00+00:00,2015.1909385569966,0,1,1,0,258,1.0,4,0.0,0
2026-02-18 16:39:00+00:00,623.9495953402874,1,1,0,2,115,1.0,1,0.0,0
2026-02-18 17:58:00+00:00,633.039991180817,0,1,0,0,311,1.0,1,0.0,0
2026-02-18 17:59:00+00:00,419.4980331064909,0,1,1,4,291,1.0,1,0.0,0
2026-02-18 18:02:00+00:00,446.9333400980383,1,3,0,1,2,1.0,2,0.6666666666666666,0
2026-02-18 18:19:00+00:00,717.6577235478295,1,1,0,2,167,1.0,3,0.0,0
2026-02-18 18:46:00+00:00,562.4245085059656,1,1,0,1,2,1.0,1,0.0,0
2026-02-18 18:48:00+00:00,61.1246543465422,1,1,0,0,263,1.0,2,0.0,0
2026-02-18 19:08:00+00:00,220.6894103870453,0,1,0,2,345,1.0,3,0.0,0
2026-02-18 19:09:00+00:00,310.6468326971798,0,1,0,0,211,1.0,4,0.0,0
2026-02-18 19:23:00+00:00,800.1088447533564,0,1,0,0,119,1.0,3,0.0,0
2026-02-18 19:45:00+00:00,126.2072416967678,0,1,0,1,198,0.16697998006508705,1,0.0,0
2026-02-18 19:49:00+00:00,851.2989992894245,1,1,0,0,43,1.0,2,0.0,1
2026-02-18 19:53:00+00:00,132.6847939012173,0,1,0,2,208,1.0,1,0.0,0
2026-02-18 19:56:00+00:00,1068.5552318365596,0,1,0,3,316,1.0,2,0.0,0
2026-02-18 20:06:00+00:00,2328.790489781663,0,1,0,2,8,1.0,2,0.0,0
2026-02-18 21:02:00+00:00,463.35237877501646,0,1,0,1,150,1.0,3,0.0,0
2026-02-18 21:10:00+00:00,181.33866863163968,0,1,0,0,135,1.0,2,0.0,0
2026-02-18 21:20:00+00:00,1595.2879007446704,0,1,0,1,16,1.0,3,0.0,0
2026-02-18 21:31:00+00:00,734.7604662980501,1,1,1,0,46,1.0,2,0.0,1
2026-02-18 22:08:00+00:00,432.8725053673256,1,1,0,2,178,1.0,4,0.0,0
2026-02-18 22:23:00+00:00,591.000101073353,1,1,0,0,138,1.0,2,0.0,0
2026-02-18 22:27:00+00:00,399.836645168558,0,1,0,2,288,1.0,3,0.0,0
2026-02-18 22:34:00+00:00,109.92266898373734,0,1,0,1,188,1.0,2,0.0,0
2026-02-18 23:33:00+00:00,148.28313726463253,0,1,0,0,62,1.0,2,0.0,0
2026-02-19 01:20:00+00:00,1125.0436608287962,0,4,0,0,0,1.0,2,0.75,0
2026-02-19 01:38:00+00:00,493.0741431013287,0,1,0,0,202,0.5732888642149572,1,0.0,0
2026-02-19 02:49:00+00:00,616.7023023365549,0,1,0,1,94,1.0,2,0.0,0
2026-02-19 03:04:00+00:00,89.79408669317303,1,1,0,1,262,1.0,1,0.0,0
2026-02-19 03:25:00+00:00,1698.7185824252276,0,1,1,6,95,1.0,3,0.0,1
2026-02-19 03:53:00+00:00,510.8661080894319,0,1,0,0,191,1.0,2,0.0,0
2026-02-19 03:59:00+00:00,264.5334489719374,1,1,0,3,343,1.0,2,0.0,0
2026-02-19 04:25:00+00:00,195.19720270377354,0,1,0,0,38,1.0,3,0.0,0
2026-02-19 04:43:00+00:00,1269.333952409125,0,1,0,2,293,1.0,1,0.0,0
2026-02-19 05:04:00+00:00,509.5110437580058,0,1,0,0,5,1.0,1,0.0,0
2026-02-19 06:14:00+00:00,1434.9575449923864,1,1,0,1,90,1.0,2,0.0,0
2026-02-19 07:37:00+00:00,115.65505309810389,0,1,0,1,219,1.0,4,0.0,0
2026-02-19 08:02:00+00:00,239.0352734215399,1,1,0,0,63,1.0,2,0.0,0
2026-02-19 08:05:00+00:00,327.2816569047689,0,1,0,1,14,1.0,2,0.0,0
2026-02-19 08:48:00+00:00,162.0026684366199,0,1,0,2,315,1.0,1,0.0,0
2026-02-19 10:20:00+00:00,316.4682748155912,1,1,0,1,228,1.0,2,0.0,0
2026-02-19 10:36:00+00:00,332.60560516361585,0,1,0,0,82,1.0,1,0.0,0
2026-02-19 11:20:00+00:00,1705.481087067703,0,1,0,0,14,1.0,2,0.0,0
2026-02-19 12:15:00+00:00,248.92943558088714,0,1,0,2,72,1.0,2,0.0,0
2026-02-19 12:29:00+00:00,920.6361662098375,1,1,0,0,119,1.0,4,0.0,0
2026-02-19 12:32:00+00:00,713.6491958401264,0,1,0,1,71,1.0,2,0.0,0
2026-02-19 12:35:00+00:00,74.33364972914208,0,1,0,0,126,1.0,3,0.0,0
2026-02-19 12:45:00+00:00,970.7773020821862,1,1,0,0,25,1.0,2,0.0,0
2026-02-19 12:46:00+00:00,646.2929299978323,0,1,0,1,131,1.0,1,0.0,0
2026-02-19 13:14:00+00:00,275.3384367039094,0,1,0,2,136,1.0,1,0.0,0
2026-02-19 13:16:00+00:00,317.86086319383554,0,2,0,1,247,1.0,1,0.5,0
2026-02-19 13:46:00+00:00,297.57118260878116,0,1,0,0,16,1.0,2,0.0,0
2026-02-19 15:08:00+00:00,726.6193333072338,1,1,0,1,106,1.0,1,0.0,0
2026-02-19 16:04:00+00:00,11882.633483723388,0,2,0,2,138,1.0,3,0.5,0
2026-02-19 16:17:00+00:00,228.4633331135265,0,1,1,4,348,1.0,1,0.0,0
2026-02-19 17:55:00+00:00,686.4214988453638,0,1,0,1,143,1.0,1,0.0,0
2026-02-19 18:48:00+00:00,2283.056534591311,0,1,0,0,58,1.0,3,0.0,0
2026-02-19 18:55:00+00:00,183.60104296908034,0,1,0,3,129,1.0,4,0.0,0
2026-02-19 20:45:00+00:00,347.6017544332907,1,1,0,0,295,1.0,3,0.0,0
2026-02-19 22:27:00+00:00,920.2364328355094,0,1,0,1,336,1.0,1,0.0,0
2026-02-19 22:36:00+00:00,295.26943249132137,0,1,0,0,285,1.0,1,0.0,0
2026-02-19 22:54:00+00:00,831.907248834424,0,1,0,1,74,1.0,4,0.0,0
2026-02-19 22:59:00+00:00,3845.16396484239,0,1,0,0,137,1.0,4,0.0,0
2026-02-19 23:07:00+00:00,370.384803678484,1,1,0,0,75,1.0,3,0.0,1
2026-02-20 01:35:00+00:00,85.00133002135846,0,1,0,1,270,1.0,3,0.0,0
2026-02-20 01:39:00+00:00,5059.517643326482,0,1,0,0,93,1.0,2,0.0,0
2026-02-20 02:58:00+00:00,470.5185312693393,0,1,0,2,268,1.0,1,0.0,0
2026-02-20 03:24:00+00:00,1151.1506858869711,1,1,0,1,189,1.0,1,0.0,0
2026-02-20 03:39:00+00:00,35.382313659796026,0,1,0,4,62,1.0,3,0.0,0
2026-02-20 03:47:00+00:00,231.97199218315532,0,1,0,1,68,1.0,3,0.0,0
2026-02-20 04:00:00+00:00,187.55097094888046,0,2,0,0,287,0.09046628468293347,1,0.5,0
2026-02-20 04:15:00+00:00,1051.012791240367,0,1,0,0,145,1.0,1,0.0,0
2026-02-20 04:15:00+00:00,74.48528250371474,0,1,0,0,353,1.0,2,0.0,0
2026-02-20 04:34:00+00:00,1407.324785593663,0,1,0,0,110,1.0,2,0.0,0
2026-02-20 05:03:00+00:00,428.8047284430226,0,1,0,0,264,1.0,3,0.0,0
2026-02-20 05:07:00+00:00,78.66196244364261,1,1,0,1,121,1.0,1,0.0,0
2026-02-20 06:01:00+00:00,432.442710673265,1,1,0,1,315,1.0,2,0.0,0
2026-02-20 06:34:00+00:00,138.45593867309043,0,1,0,0,41,1.0,1,0.0,0
2026-02-20 08:36:00+00:00,304.10100838795614,1,1,0,0,38,1.0,6,0.0,0
2026-02-20 08:54:00+00:00,1491.2621023995248,0,1,0,0,138,1.0,3,0.0,0
2026-02-20 09:32:00+00:00,990.9135051196398,0,1,0,0,99,1.0,1,0.0,0
2026-02-20 09:33:00+00:00,1892.803298646605,0,1,0,1,342,4.373296824094372,1,0.0,0
2026-02-20 09:37:00+00:00,249.8749717167628,1,1,0,0,251,1.0,2,0.0,0
2026-02-20 09:48:00+00:00,460.91258615728117,0,1,0,1,349,1.0,1,0.0,0
2026-02-20 10:35:00+00:00,497.68446301524943,0,1,0,1,357,1.0,1,0.0,0
2026-02-20 11:24:00+00:00,407.0665167378471,0,1,0,1,51,1.0,2,0.0,0
2026-02-20 11:32:00+00:00,231.44146035928568,0,1,0,3,206,1.0,3,0.0,0
2026-02-20 11:55:00+00:00,1589.9802567141242,0,1,0,1,308,1.0,1,0.0,0
2026-02-20 12:26:00+00:00,1027.3416282818312,0,1,0,2,278,1.0,2,0.0,0
2026-02-20 13:02:00+00:00,1004.0262559595079,0,1,0,1,103,1.0,1,0.0,0
2026-02-20 13:08:00+00:00,1490.0124824460634,0,1,1,6,313,1.0,1,0.0,0
2026-02-20 13:25:00+00:00,2641.0785101418064,1,2,0,3,185,1.0,3,0.5,1
2026-02-20 13:53:00+00:00,296.0461529876279,1,4,0,0,24,1.0,4,0.75,0
2026-02-20 14:07:00+00:00,532.1812334941282,1,2,0,1,283,1.0,1,0.5,0
2026-02-20 14:54:00+00:00,1641.9822498703215,0,1,0,1,92,1.0,2,0.0,0
2026-02-20 15:02:00+00:00,3138.1921071172555,0,1,0,1,311,6.627392712262879,2,0.0,0
2026-02-20 15:08:00+00:00,158.4549324128088,1,2,0,0,71,1.0,2,0.5,0
2026-02-20 15:14:00+00:00,78.16173817006603,1,1,0,1,178,0.050753442032602056,3,0.0,0
2026-02-20 15:30:00+00:00,1177.3354733416272,0,1,0,3,67,1.0,1,0.0,0
2026-02-20 16:31:00+00:00,1930.0723865819318,0,1,0,1,149,1.0,1,0.0,0
2026-02-20 19:28:00+00:00,947.8523123063293,0,1,0,1,56,0.999998785146815,1,0.0,0
2026-02-20 19:29:00+00:00,671.9948409301736,1,2,0,1,142,1.0,1,0.5,0
2026-02-20 21:30:00+00:00,333.1538726683742,0,1,0,0,353,1.0,2,0.0,0
2026-02-20 21:49:00+00:00,51.30852511242739,0,1,0,0,82,1.0,3,0.0,0
2026-02-20 21:53:00+00:00,92.05729742236642,0,1,0,0,162,1.0,1,0.0,0
2026-02-20 23:11:00+00:00,957.4097700017883,0,1,0,2,286,1.0,2,0.0,0
2026-02-20 23:22:00+00:00,1025.4542964719485,1,1,0,0,307,1.0,1,0.0,0
2026-02-20 23:58:00+00:00,2627.318110591649,0,4,0,2,325,1.0,4,0.75,0
2026-02-21 01:06:00+00:00,594.6764282613673,0,1,2,2,35,1.0,2,0.0,1
2026-02-21 01:23:00+00:00,620.6374031463012,0,1,0,0,283,1.0,4,0.0,0
2026-02-21 01:27:00+00:00,708.7968413952386,0,1,0,1,325,1.0,2,0.0,0
2026-02-21 01:35:00+00:00,2962.9635750588895,0,1,0,1,267,1.0,5,0.0,1
2026-02-21 01:51:00+00:00,455.5942519486667,0,1,0,0,207,1.0,5,0.0,0
2026-02-21 02:08:00+00:00,724.7797422068179,1,1,0,3,200,1.0,2,0.0,0
2026-02-21 02:31:00+00:00,1858.0392043139034,0,1,0,1,9,4.187761108467573,2,0.0,1
2026-02-21 02:41:00+00:00,265.25896046673313,0,1,2,3,224,1.0,3,0.0,1
2026-02-21 02:46:00+00:00,275.1693343767236,1,1,0,2,16,1.0,4,0.0,0
2026-02-21 02:49:00+00:00,1007.272015546975,1,1,0,1,119,0.8653372526224619,2,0.0,0
2026-02-21 02:56:00+00:00,1421.1339563154663,1,1,0,0,236,1.0,2,0.0,0
2026-02-21 03:11:00+00:00,741.1529332294946,0,1,0,3,224,1.0,3,0.0,0
2026-02-21 04:06:00+00:00,706.6873419180934,0,1,0,0,113,1.0,5,0.0,0
2026-02-21 04:24:00+00:00,183.1272389950438,0,1,0,1,265,1.0,1,0.0,0
2026-02-21 04:25:00+00:00,1988.0414321067124,0,1,0,0,227,1.0,2,0.0,0
2026-02-21 05:01:00+00:00,921.4677321495752,1,1,0,0,313,1.0,1,0.0,0
2026-02-21 05:41:00+00:00,653.7712034907256,1,1,0,3,155,1.0,1,0.0,0
2026-02-21 06:47:00+00:00,2715.715898328445,1,1,0,0,290,1.0,1,0.0,0
2026-02-21 07:01:00+00:00,345.8874997805059,1,1,0,0,68,1.0,3,0.0,0
2026-02-21 07:09:00+00:00,1256.524717619235,0,1,0,1,310,1.0,2,0.0,0
2026-02-21 07:10:00+00:00,351.34742953535414,0,1,0,2,221,1.0,1,0.0,0
2026-02-21 08:52:00+00:00,384.7821240418717,0,1,0,2,101,1.0,2,0.0,0
2026-02-21 09:17:00+00:00,197.3927446253644,0,1,0,0,272,1.0,4,0.0,0
2026-02-21 10:29:00+00:00,231.34678060030558,0,1,0,1,82,1.0,1,0.0,0
2026-02-21 10:31:00+00:00,633.7501769288012,1,2,0,6,42,1.0,2,0.5,0
2026-02-21 11:23:00+00:00,292.92269695800644,0,1,0,2,319,1.0,2,0.0,0
2026-02-21 12:16:00+00:00,1065.522883608809,1,1,0,3,103,1.0632322633514601,3,0.0,0
2026-02-21 12:31:00+00:00,389.22677186717345,0,1,0,1,13,1.0,2,0.0,0
2026-02-21 12:45:00+00:00,328.7480181837798,1,1,0,0,138,1.0,2,0.0,0
2026-02-21 12:58:00+00:00,535.9610833216796,0,1,0,2,361,1.0,3,0.0,0
2026-02-21 13:11:00+00:00,378.892117851375,0,1,0,0,115,1.0,1,0.0,0
2026-02-21 16:08:00+00:00,257.54770616583727,0,1,0,2,274,0.24463329140721318,1,0.0,0
2026-02-21 17:00:00+00:00,623.4441857261071,0,1,0,0,284,1.0,2,0.0,0
2026-02-21 17:29:00+00:00,364.94133354811225,0,2,0,1,258,1.0,1,0.5,0
2026-02-21 18:33:00+00:00,590.6127922654641,0,1,0,0,215,1.0,4,0.0,0
2026-02-21 18:47:00+00:00,694.929470978773,0,1,0,0,258,1.0,3,0.0,0
2026-02-21 19:21:00+00:00,1926.8618193493667,0,1,0,0,222,1.0,3,0.0,0
2026-02-21 20:54:00+00:00,1044.742277104897,0,1,0,1,356,1.0,3,0.0,0
2026-02-21 21:23:00+00:00,900.933258417861,1,1,0,3,332,1.0,3,0.0,0
2026-02-21 21:40:00+00:00,443.44221566404855,0,1,0,2,264,1.0,1,0.0,0
2026-02-21 21:44:00+00:00,279.93045159225636,0,3,0,0,216,1.0,2,0.6666666666666666,0
2026-02-21 22:44:00+00:00,856.9582019692308,0,1,0,1,231,1.0,3,0.0,0
2026-02-21 22:47:00+00:00,1030.6053881679431,0,1,0,1,41,1.0,1,0.0,0
2026-02-21 22:53:00+00:00,369.36627284279757,0,1,0,2,240,1.0,1,0.0,0
2026-02-21 23:34:00+00:00,783.5046883452728,0,1,0,0,82,1.0,3,0.0,0
2026-02-22 01:20:00+00:00,837.1157983960985,1,1,0,1,217,1.0,4,0.0,0
2026-02-22 01:25:00+00:00,60.97239184353712,0,1,0,1,297,1.0,2,0.0,0
2026-02-22 02:10:00+00:00,428.333982988333,0,1,0,0,70,1.0,2,0.0,0
2026-02-22 03:58:00+00:00,4834.311083222175,0,1,0,2,123,4.248459544152789,2,0.0,0
2026-02-22 06:31:00+00:00,946.9911784103601,0,1,0,1,83,0.5684369178761679,3,0.0,1
2026-02-22 06:37:00+00:00,839.9506147431262,1,1,0,2,166,0.5850377493177824,3,0.0,0
2026-02-22 07:20:00+00:00,1328.7644968368495,0,1,0,3,286,1.0,3,0.0,0
2026-02-22 08:01:00+00:00,309.3904147286231,0,1,0,1,76,1.0,3,0.0,0
2026-02-22 08:28:00+00:00,74.62446151035655,0,1,0,1,175,1.0,1,0.0,0
2026-02-22 08:43:00+00:00,241.974916652692,0,1,0,0,343,1.0,1,0.0,0
2026-02-22 08:58:00+00:00,1148.4944328189893,1,1,0,5,238,1.0,1,0.0,0
2026-02-22 09:31:00+00:00,658.0019113326589,0,1,0,1,38,1.0,1,0.0,0
2026-02-22 10:24:00+00:00,790.4319753207197,0,1,0,2,317,1.0,1,0.0,0
2026-02-22 11:02:00+00:00,1078.973307045062,1,1,1,0,243,1.0,1,0.0,1
2026-02-22 11:42:00+00:00,1347.3206749223295,0,1,0,0,195,1.0,1,0.0,0
2026-02-22 13:43:00+00:00,782.3222867789859,0,1,0,0,177,1.0,3,0.0,0
2026-02-22 13:53:00+00:00,398.13282021387096,0,4,0,0,99,1.0,2,0.75,0
2026-02-22 14:46:00+00:00,187.55599875406304,0,1,0,1,71,1.0,3,0.0,0
2026-02-22 15:11:00+00:00,244.4527675283416,0,1,0,1,258,0.26695766736894555,2,0.0,0
2026-02-22 15:59:00+00:00,654.1235506224648,0,1,0,0,137,1.0,4,0.0,0
2026-02-22 16:11:00+00:00,253.20207474645053,0,1,0,0,212,1.0,1,0.0,0
2026-02-22 17:10:00+00:00,792.5706818143914,0,1,0,0,44,1.0,3,0.0,0
2026-02-22 19:01:00+00:00,3312.9606897027315,0,2,0,3,202,1.0,4,0.5,0
2026-02-22 19:30:00+00:00,4470.408015359514,0,1,0,0,291,1.0,3,0.0,0
2026-02-22 19:57:00+00:00,1978.5926363116548,0,1,0,1,108,1.0,4,0.0,0
2026-02-22 21:13:00+00:00,1699.3845362273933,1,1,0,1,103,1.0,1,0.0,0
2026-02-22 22:08:00+00:00,731.8371197482049,1,1,1,3,175,1.0,2,0.0,1
2026-02-22 22:18:00+00:00,372.2154648663539,0,1,0,1,107,0.3375619388894066,2,0.0,0
2026-02-22 22:29:00+00:00,270.88026850355124,0,1,0,2,11,1.0,7,0.0,0
2026-02-22 22:40:00+00:00,1248.7020414771885,1,3,0,1,286,1.0,3,0.6666666666666666,0
2026-02-22 22:42:00+00:00,678.1206221274213,1,2,0,0,55,1.0,2,0.5,0
2026-02-22 22:53:00+00:00,120.7511176238223,1,1,0,1,311,1.0,1,0.0,0
2026-02-22 22:56:00+00:00,796.1080609711047,0,1,0,0,101,1.0,1,0.0,0
2026-02-22 23:30:00+00:00,926.5176770408101,0,1,0,1,156,1.0,1,0.0,0
2026-02-22 23:38:00+00:00,2240.7078489899563,0,4,0,0,296,1.0,2,0.75,0
2026-02-22 23:52:00+00:00,1096.852032835839,0,2,0,0,185,1.0,4,0.5,0
2026-02-23 00:05:00+00:00,391.6426033542565,0,1,0,0,146,1.0,1,0.0,0
2026-02-23 00:09:00+00:00,157.36612198597982,0,1,0,0,141,1.0,2,0.0,0
2026-02-23 00:41:00+00:00,500.3184682099944,0,1,0,1,44,1.0,3,0.0,0
2026-02-23 00:53:00+00:00,225.68120315242538,0,1,0,2,300,1.0,1,0.0,0
2026-02-23 01:14:00+00:00,515.6795434628807,0,1,0,0,99,1.0,5,0.0,0
2026-02-23 01:16:00+00:00,5176.642116374054,1,2,0,2,231,1.0,3,0.5,1
2026-02-23 01:31:00+00:00,1273.7444744593345,0,2,0,5,194,1.0,1,0.5,0
2026-02-23 01:45:00+00:00,640.8644195272137,1,2,0,1,302,1.0,1,0.5,0
2026-02-23 01:56:00+00:00,989.2436021005126,1,1,0,0,293,1.0,4,0.0,0
2026-02-23 02:38:00+00:00,1091.2562203007617,0,4,0,1,44,1.0,1,0.75,0
2026-02-23 03:15:00+00:00,504.00842702072384,1,2,0,2,267,1.0,4,0.5,0
2026-02-23 03:59:00+00:00,267.3861369642393,0,1,0,2,146,1.0,1,0.0,0
2026-02-23 05:55:00+00:00,808.2933434221819,0,2,0,0,26,1.0,1,0.5,0
2026-02-23 06:13:00+00:00,1747.3688165361946,0,3,0,1,181,1.0,2,0.6666666666666666,0
2026-02-23 06:29:00+00:00,704.9812173206747,1,1,0,1,300,1.0,4,0.0,0
2026-02-23 08:48:00+00:00,371.5876133752857,1,1,0,1,317,1.0,4,0.0,0
2026-02-23 09:05:00+00:00,347.92729860547814,1,1,0,2,361,1.0,2,0.0,0
2026-02-23 09:10:00+00:00,90.9876108480419,0,1,0,0,0,1.0,4,0.0,0
2026-02-23 09:12:00+00:00,54.02812712061228,1,1,0,0,161,0.04963360277030981,3,0.0,0
2026-02-23 09:38:00+00:00,939.8804624823565,0,1,0,1,209,1.0,1,0.0,0
2026-02-23 09:58:00+00:00,697.0399738933745,0,1,0,0,305,1.0,2,0.0,0
2026-02-23 10:26:00+00:00,4989.616194799563,0,2,0,0,292,1.0,1,0.5,0
2026-02-23 12:55:00+00:00,613.0532943658976,0,1,0,0,314,1.0,1,0.0,0
2026-02-23 14:15:00+00:00,888.5530490966238,0,2,0,0,355,1.0,2,0.5,0
2026-02-23 15:05:00+00:00,489.5215658500004,0,1,0,0,360,0.9726816573467181,3,0.0,0
2026-02-23 15:36:00+00:00,221.21918526164367,0,1,0,4,339,1.0,1,0.0,0
2026-02-23 15:41:00+00:00,562.1193400548776,1,1,0,1,3,1.0,1,0.0,0
2026-02-23 15:51:00+00:00,929.519220862793,0,1,0,1,98,1.0,2,0.0,0
2026-02-23 17:20:00+00:00,148.05906205676735,0,1,0,1,50,1.0,2,0.0,0
2026-02-23 17:33:00+00:00,444.01241715119914,0,1,0,1,292,1.0,1,0.0,0
2026-02-23 18:42:00+00:00,2792.1748858155934,0,1,0,1,281,1.0,1,0.0,0
2026-02-23 18:54:00+00:00,224.49984434465395,1,3,0,0,308,1.0,2,0.6666666666666666,0
2026-02-23 19:15:00+00:00,127.31813719982142,0,1,0,0,33,1.0,3,0.0,0
2026-02-23 19:45:00+00:00,622.0904714673457,0,1,0,1,47,1.0,3,0.0,0
2026-02-23 19:46:00+00:00,341.52259335733845,0,2,0,0,180,1.0,2,0.5,0
2026-02-23 19:51:00+00:00,242.00666812406408,0,1,0,1,204,1.0,1,0.0,0
2026-02-23 19:54:00+00:00,1507.8065196670993,0,1,0,2,103,2.737764802729533,1,0.0,0
2026-02-23 20:05:00+00:00,1437.5929709399948,0,1,0,2,326,1.0,1,0.0,0
2026-02-23 20:07:00+00:00,2971.84718577517,0,1,0,1,306,1.0,1,0.0,0
2026-02-23 20:55:00+00:00,429.6441572363108,1,1,0,2,235,1.0,3,0.0,0
2026-02-23 21:17:00+00:00,944.1978039640402,0,1,0,2,263,1.0,1,0.0,0
2026-02-23 21:23:00+00:00,95.72842515374113,1,1,0,0,0,1.0,2,0.0,0
2026-02-23 21:26:00+00:00,389.46771518490823,0,1,0,0,106,1.0,2,0.0,0
2026-02-23 22:18:00+00:00,118.34208506838485,1,4,0,0,31,1.0,2,0.75,0
2026-02-23 22:54:00+00:00,522.9852517082902,0,1,0,2,206,1.0,3,0.0,0
2026-02-24 00:34:00+00:00,354.54753799226535,0,1,0,1,103,1.0,2,0.0,0
2026-02-24 01:22:00+00:00,952.9776566818981,0,2,0,0,83,1.0,2,0.5,0
2026-02-24 02:44:00+00:00,336.5016745188661,1,1,0,0,348,1.0,3,0.0,1
2026-02-24 03:20:00+00:00,1811.361572402453,0,2,0,1,267,1.0,1,0.5,0
2026-02-24 03:23:00+00:00,207.79074759016186,0,1,0,1,355,1.0,1,0.0,0
2026-02-24 03:44:00+00:00,551.5263652842607,0,1,0,2,159,1.0,4,0.0,0
2026-02-24 03:48:00+00:00,821.3672218723709,1,1,0,0,89,1.0,1,0.0,0
2026-02-24 03:54:00+00:00,360.80672858716747,1,1,0,0,353,1.0,2,0.0,0
2026-02-24 04:04:00+00:00,42.86552589511662,0,1,0,3,117,1.0,2,0.0,0
2026-02-24 04:06:00+00:00,309.4647359238471,0,1,0,0,25,1.0,1,0.0,0
2026-02-24 04:12:00+00:00,179.82725230775952,0,1,0,3,311,1.0,4,0.0,0
2026-02-24 04:18:00+00:00,914.2272402394225,0,1,0,2,98,1.0,3,0.0,0
2026-02-24 05:17:00+00:00,350.8297970016625,0,1,0,0,264,1.0,2,0.0,0
2026-02-24 05:37:00+00:00,641.384379854441,0,1,1,2,119,1.0,2,0.0,0
2026-02-24 05:53:00+00:00,350.2134750060887,0,1,0,0,31,1.0,6,0.0,0
2026-02-24 05:56:00+00:00,68.34878827815173,0,1,1,2,85,1.0,3,0.0,0
2026-02-24 07:29:00+00:00,778.7341672301665,0,1,0,1,275,1.0,2,0.0,0
2026-02-24 07:42:00+00:00,404.02856120913896,0,1,0,0,182,1.0,2,0.0,0
2026-02-24 08:09:00+00:00,1014.2476677419857,1,4,0,2,28,1.0,2,0.75,0
2026-02-24 08:38:00+00:00,441.22880049118965,0,1,0,3,19,1.0,2,0.0,0
2026-02-24 08:39:00+00:00,44.96061911647965,1,4,0,1,246,1.0,4,0.75,1
2026-02-24 09:43:00+00:00,443.4448051124212,1,4,0,0,75,1.0,1,0.75,0
2026-02-24 09:56:00+00:00,1328.5984630745697,0,1,0,3,279,1.0,2,0.0,0
2026-02-24 11:02:00+00:00,70.27491705225971,0,1,0,0,229,1.0,3,0.0,0
2026-02-24 12:04:00+00:00,326.157849022795,1,2,0,1,152,1.0,1,0.5,0
2026-02-24 12:33:00+00:00,1513.0058358809843,1,4,0,1,84,3.9192079863071205,3,0.75,0
2026-02-24 12:53:00+00:00,642.5537664355145,1,1,0,4,68,1.0,3,0.0,1
2026-02-24 12:57:00+00:00,277.45832253462703,0,1,0,0,108,1.0,1,0.0,0
2026-02-24 13:47:00+00:00,658.4849671757162,1,1,0,2,256,1.0,2,0.0,0
2026-02-24 14:23:00+00:00,363.52730187415705,0,1,0,2,345,1.0,3,0.0,0
2026-02-24 15:12:00+00:00,189.09606420539785,0,2,0,0,256,1.0,2,0.5,0
2026-02-24 15:12:00+00:00,878.8994809367634,0,1,0,0,129,1.0,2,0.0,0
2026-02-24 17:01:00+00:00,212.3512410662588,1,4,0,2,75,1.0,1,0.75,0
2026-02-24 17:04:00+00:00,82.63803728009927,0,1,0,1,79,1.0,2,0.0,0
2026-02-24 17:35:00+00:00,343.8612159671236,1,1,0,0,127,1.0,5,0.0,1
2026-02-24 18:00:00+00:00,1693.781336058843,0,1,0,1,21,2.102620355823508,1,0.0,0
2026-02-24 18:18:00+00:00,338.0430561203609,0,1,0,0,89,1.0,4,0.0,0
2026-02-24 18:23:00+00:00,398.36748665893504,1,1,0,1,243,1.0,2,0.0,0
2026-02-24 19:47:00+00:00,527.9728737874727,0,1,0,0,66,1.0,1,0.0,0
2026-02-24 20:43:00+00:00,1369.4883400171639,0,1,0,0,222,1.0,3,0.0,0
2026-02-24 21:44:00+00:00,636.05800108147,0,1,0,1,51,1.0,2,0.0,0
2026-02-24 21:51:00+00:00,1240.3312082917191,1,1,0,2,84,1.0,2,0.0,0
2026-02-24 22:03:00+00:00,398.2850146409139,1,2,0,0,282,1.0,2,0.5,0
2026-02-24 23:01:00+00:00,1734.6822712813864,0,1,0,1,10,1.0,3,0.0,0
2026-02-24 23:24:00+00:00,1051.0029646698372,1,3,0,0,322,1.0,3,0.6666666666666666,1
2026-02-24 23:43:00+00:00,496.7050777542286,0,2,0,1,191,1.0,2,0.5,0
2026-02-25 00:11:00+00:00,976.7739065788265,0,1,0,1,107,1.0,2,0.0,0
2026-02-25 01:07:00+00:00,997.1090790968733,0,1,0,0,148,0.7691464586454487,1,0.0,0
2026-02-25 01:13:00+00:00,1951.2699808003936,1,1,1,4,132,1.0,3,0.0,1
2026-02-25 02:15:00+00:00,583.1122468227526,0,1,0,0,195,1.0,3,0.0,0
2026-02-25 02:40:00+00:00,416.75027090979745,1,4,0,2,346,1.0,1,0.75,0
2026-02-25 03:20:00+00:00,1792.9707270355223,0,2,0,1,159,1.6943183114380347,1,0.5,0
2026-02-25 03:56:00+00:00,1619.0996389494503,0,1,0,0,49,1.0,3,0.0,0
2026-02-25 04:19:00+00:00,197.4272019893442,1,1,0,5,72,1.0,3,0.0,0
2026-02-25 04:28:00+00:00,64.89800154887743,0,1,0,2,302,0.07810108601476996,2,0.0,0
2026-02-25 04:32:00+00:00,159.8092907198455,0,1,1,3,294,1.0,2,0.0,0
2026-02-25 05:26:00+00:00,1101.4735879482505,0,1,0,1,149,1.0,2,0.0,0
2026-02-25 05:53:00+00:00,1595.001790714287,0,2,0,0,62,1.0,3,0.5,0
2026-02-25 06:09:00+00:00,485.2482974529258,0,1,0,0,103,1.0,2,0.0,0
2026-02-25 07:02:00+00:00,3761.2678457178736,0,1,0,0,129,1.0,2,0.0,0
2026-02-25 08:18:00+00:00,611.0460673053025,0,2,0,0,339,1.0,2,0.5,0
2026-02-25 08:40:00+00:00,2842.0641063186977,0,1,0,1,229,1.0,2,0.0,0
2026-02-25 08:51:00+00:00,152.1311449791463,1,1,0,2,105,1.0,2,0.0,1
2026-02-25 09:27:00+00:00,882.2986226980572,0,1,0,1,110,1.3660758024176207,1,0.0,0
2026-02-25 09:28:00+00:00,3073.7355475856775,0,1,0,0,2,1.0,2,0.0,0
2026-02-25 09:55:00+00:00,1531.808520656058,0,2,0,1,96,1.0,4,0.5,0
2026-02-25 10:03:00+00:00,98.09058211216184,0,1,0,0,29,1.0,2,0.0,0
2026-02-25 10:18:00+00:00,638.384404190454,1,2,0,0,4,1.0,2,0.5,0
2026-02-25 10:23:00+00:00,1167.4146662396574,0,1,0,0,279,1.0,2,0.0,0
2026-02-25 11:16:00+00:00,1301.546366416403,1,1,0,0,238,1.3268658789032572,3,0.0,0
2026-02-25 11:28:00+00:00,497.2867874731281,1,1,0,3,359,0.5403820516233017,2,0.0,0
2026-02-25 12:24:00+00:00,159.61364683416338,1,1,0,0,310,0.6962720000404833,4,0.0,0
2026-02-25 12:51:00+00:00,709.7492920886125,1,1,0,1,265,1.0,1,0.0,0
2026-02-25 12:53:00+00:00,559.1277268930439,0,2,0,1,122,1.0,2,0.5,0
2026-02-25 13:13:00+00:00,434.7702207856014,1,4,0,3,32,1.0,2,0.75,0
2026-02-25 14:33:00+00:00,1077.5726195939926,0,1,0,0,342,1.0,3,0.0,0
2026-02-25 14:37:00+00:00,149.81120158243763,1,1,0,0,144,0.23054990902381647,2,0.0,0
2026-02-25 15:02:00+00:00,870.3159901442634,0,1,0,2,31,1.0,2,0.0,0
2026-02-25 15:41:00+00:00,1631.7891308418207,1,1,0,2,172,2.871222294226174,2,0.0,0
2026-02-25 15:52:00+00:00,1050.300526976752,0,1,0,1,218,1.0,2,0.0,0
2026-02-25 16:05:00+00:00,782.2801208385532,0,3,0,1,204,1.0,4,0.6666666666666666,0
2026-02-25 16:41:00+00:00,809.7349350794236,0,1,0,2,230,1.0,3,0.0,1
2026-02-25 16:46:00+00:00,523.737918081023,0,1,0,0,162,1.0,2,0.0,0
2026-02-25 17:37:00+00:00,1045.4287240291728,0,1,0,0,171,1.0,2,0.0,0
2026-02-25 18:28:00+00:00,3597.2532409194964,0,1,0,1,241,1.0,3,0.0,0
2026-02-25 19:48:00+00:00,193.98230361081312,0,1,0,0,111,1.0,2,0.0,0
2026-02-25 20:28:00+00:00,1331.527591976242,0,1,0,3,326,1.173137247606294,1,0.0,0
2026-02-25 22:02:00+00:00,177.30792393694483,0,1,0,1,49,1.0,2,0.0,1
2026-02-26 00:34:00+00:00,2140.1660360214973,1,1,0,0,55,1.0,4,0.0,1
2026-02-26 00:51:00+00:00,394.90543689176286,1,1,0,1,77,1.0,4,0.0,0
2026-02-26 01:22:00+00:00,358.4463845671081,1,1,0,0,50,1.0,2,0.0,0
2026-02-26 01:30:00+00:00,875.8562247538362,0,1,0,0,154,1.0,2,0.0,0
2026-02-26 01:38:00+00:00,48.55506659340796,1,1,0,0,278,1.0,2,0.0,0
2026-02-26 02:10:00+00:00,733.3833883875477,1,1,0,0,331,1.0,1,0.0,0
2026-02-26 02:11:00+00:00,409.640349926899,1,1,0,1,51,1.0,3,0.0,0
2026-02-26 02:51:00+00:00,2406.6374766979234,0,1,0,2,43,1.0,2,0.0,0
2026-02-26 03:00:00+00:00,967.1929369729435,1,1,0,0,296,1.0,3,0.0,0
2026-02-26 03:37:00+00:00,863.7419344532898,0,1,0,1,152,1.0,2,0.0,0
2026-02-26 03:43:00+00:00,2596.6486195995362,0,3,0,1,269,1.0,2,0.6666666666666666,0
2026-02-26 04:23:00+00:00,4983.303229452769,1,1,0,0,195,1.0,1,0.0,0
2026-02-26 06:15:00+00:00,812.6841104166799,0,1,1,4,284,1.0,6,0.0,1
2026-02-26 07:00:00+00:00,3066.6995323340543,0,1,0,3,148,1.0,1,0.0,0
2026-02-26 07:50:00+00:00,1353.485859717695,1,3,0,2,106,1.0,2,0.6666666666666666,0
2026-02-26 08:01:00+00:00,552.461495762624,0,1,0,0,159,1.0,3,0.0,0
2026-02-26 08:27:00+00:00,357.2272498471041,0,1,0,1,80,1.0,1,0.0,1
2026-02-26 08:51:00+00:00,1502.8601097766687,0,1,0,1,60,1.0,5,0.0,0
2026-02-26 09:02:00+00:00,2100.397713543972,0,3,0,1,335,3.917428725631992,1,0.6666666666666666,0
2026-02-26 09:19:00+00:00,8127.335510844299,0,1,0,0,234,1.0,2,0.0,0
2026-02-26 09:34:00+00:00,273.1291794025552,0,1,0,0,284,1.0,3,0.0,0
2026-02-26 09:58:00+00:00,651.9522953831996,0,1,0,3,15,0.620233080548843,1,0.0,0
2026-02-26 10:17:00+00:00,1177.980705320272,0,1,0,1,26,1.0,4,0.0,0
2026-02-26 10:24:00+00:00,277.13121310266655,0,1,0,2,287,1.0,1,0.0,0
2026-02-26 10:28:00+00:00,487.36501066437967,1,1,0,1,78,0.20131887106889954,2,0.0,0
2026-02-26 11:17:00+00:00,701.7196338858604,0,1,0,2,260,1.0,3,0.0,0
2026-02-26 12:11:00+00:00,1196.4845090564431,0,1,0,1,261,1.0,3,0.0,0
2026-02-26 13:21:00+00:00,127.06185623136199,0,1,0,1,208,1.0,3,0.0,0
2026-02-26 13:22:00+00:00,186.28088858757437,1,1,0,2,293,1.0,1,0.0,0
2026-02-26 13:42:00+00:00,418.1986457367589,1,1,0,2,149,1.0,1,0.0,0
2026-02-26 13:43:00+00:00,485.81414723212345,1,1,0,2,141,1.0,1,0.0,0
2026-02-26 14:14:00+00:00,551.8800891374613,0,1,0,0,6,1.0,1,0.0,0
2026-02-26 14:35:00+00:00,371.5571619144364,0,1,0,1,62,1.0,2,0.0,0
2026-02-26 15:14:00+00:00,4549.2980583649705,1,1,0,0,55,1.0,3,0.0,0
2026-02-26 15:48:00+00:00,872.4917554983265,0,1,0,0,8,1.0,2,0.0,0
2026-02-26 19:36:00+00:00,632.0303023182997,0,1,0,1,74,1.0,1,0.0,0
2026-02-26 19:55:00+00:00,743.9568911438275,1,1,0,1,290,1.0,2,0.0,0
2026-02-26 20:49:00+00:00,304.7243354488069,1,1,0,0,90,1.0,2,0.0,0
2026-02-26 21:12:00+00:00,1114.7798487409,0,4,0,0,235,3.773342708016749,2,0.75,0
2026-02-26 21:29:00+00:00,507.86442105421725,0,1,0,1,43,0.5358048776372922,4,0.0,0
2026-02-26 21:38:00+00:00,1344.4831707252865,0,2,0,0,286,1.0,3,0.5,0
2026-02-26 21:41:00+00:00,600.1238485805865,0,2,0,1,356,1.0,3,0.5,0
2026-02-26 21:48:00+00:00,364.5951927839528,0,1,0,1,3,1.0,3,0.0,0
2026-02-26 22:12:00+00:00,79.69677841574729,0,1,1,2,226,1.0,1,0.0,0
2026-02-26 22:31:00+00:00,1184.8907327208628,0,4,0,2,105,1.0,1,0.75,0
2026-02-26 22:41:00+00:00,372.9088960590657,1,1,0,0,78,1.0,1,0.0,0
2026-02-26 22:56:00+00:00,1586.7164730397665,1,1,0,1,346,1.0,3,0.0,0
2026-02-26 22:58:00+00:00,1620.788543219653,0,1,0,1,176,1.0,2,0.0,0
2026-02-26 23:54:00+00:00,1418.8452039812787,0,2,0,2,139,1.0,3,0.5,0
2026-02-27 01:12:00+00:00,481.002853643758,0,1,0,1,333,1.0,2,0.0,0
2026-02-27 01:40:00+00:00,442.6971663052876,1,1,0,1,279,1.0,2,0.0,0
2026-02-27 02:03:00+00:00,509.2654334948333,0,1,0,0,288,1.0,1,0.0,0
2026-02-27 02:12:00+00:00,234.15582112159922,0,1,1,2,81,0.3007783050933948,2,0.0,0
2026-02-27 03:19:00+00:00,1138.013564732744,0,2,0,1,30,1.0,2,0.5,0
2026-02-27 03:29:00+00:00,300.2330957365258,0,3,0,0,104,0.25230178243583606,2,0.6666666666666666,0
2026-02-27 03:42:00+00:00,381.66831554966,0,1,0,0,11,1.0,2,0.0,0
2026-02-27 03:55:00+00:00,1166.451735748829,0,1,0,0,4,1.0,2,0.0,0
2026-02-27 05:29:00+00:00,769.4659482563034,1,1,0,1,128,1.0,3,0.0,0
2026-02-27 06:24:00+00:00,990.946915553027,1,4,0,0,189,1.0,3,0.75,0
2026-02-27 06:54:00+00:00,1585.0366184157167,0,1,0,1,338,1.0,2,0.0,0
2026-02-27 07:03:00+00:00,1395.9484336797304,0,1,0,1,25,1.9591939006808639,2,0.0,0
2026-02-27 08:40:00+00:00,234.02525339474397,0,4,0,0,32,0.34489388116350655,1,0.75,0
2026-02-27 09:46:00+00:00,802.7136219105661,0,1,0,0,200,1.0,4,0.0,0
2026-02-27 09:54:00+00:00,1105.4494825159331,0,1,0,2,56,1.0,2,0.0,0
2026-02-27 10:01:00+00:00,4333.890635099626,1,1,0,1,23,1.0,1,0.0,0
2026-02-27 11:05:00+00:00,557.3011524939678,0,1,0,1,298,1.0,2,0.0,0
2026-02-27 11:58:00+00:00,155.44750787238678,0,1,0,1,65,1.0,1,0.0,0
2026-02-27 12:06:00+00:00,156.7921677296293,1,3,0,3,330,1.0,2,0.6666666666666666,0
2026-02-27 12:44:00+00:00,752.4179652266844,1,1,0,1,105,1.0,5,0.0,1
2026-02-27 12:44:00+00:00,1167.3696264748921,0,1,0,3,105,1.0,4,0.0,0
2026-02-27 13:07:00+00:00,75.84819000591467,0,1,0,1,306,1.0,3,0.0,0
2026-02-27 13:19:00+00:00,2051.286364116559,1,1,0,1,180,1.0,5,0.0,0
2026-02-27 13:52:00+00:00,349.73472484833854,0,1,0,0,273,1.0,6,0.0,0
2026-02-27 15:06:00+00:00,137.0619691708886,0,1,0,2,202,1.0,3,0.0,0
2026-02-27 15:07:00+00:00,1659.1470834894792,0,1,1,1,204,1.0,1,0.0,1
2026-02-27 15:09:00+00:00,516.0445177284365,0,1,0,0,171,1.0,2,0.0,0
2026-02-27 15:49:00+00:00,601.8058524759265,1,1,0,0,187,1.0,1,0.0,0
2026-02-27 15:50:00+00:00,1310.0601230116365,0,1,0,1,23,1.0,4,0.0,0
2026-02-27 15:58:00+00:00,213.3146408821331,1,4,0,1,345,1.0,1,0.75,0
2026-02-27 16:09:00+00:00,182.60907524852524,0,1,0,0,244,1.0,3,0.0,0
2026-02-27 17:23:00+00:00,1250.3314188663635,0,1,0,1,361,1.0,3,0.0,0
2026-02-27 18:18:00+00:00,2383.148248027063,1,1,0,1,143,1.0,3,0.0,0
2026-02-27 18:24:00+00:00,44.61715756940642,0,1,1,3,53,0.05731197959634035,1,0.0,0
2026-02-27 18:26:00+00:00,380.07654315188347,0,1,0,3,165,1.0,2,0.0,0
2026-02-27 18:51:00+00:00,3242.073056464256,0,2,0,0,287,1.0,2,0.5,0
2026-02-27 19:56:00+00:00,1931.2299372477305,0,4,0,1,322,1.0,7,0.75,0
2026-02-27 20:11:00+00:00,344.4135716272076,0,1,0,2,277,1.0,6,0.0,0
2026-02-27 20:20:00+00:00,373.71947289896235,0,2,0,2,213,0.3200292685922771,2,0.5,0
2026-02-27 20:57:00+00:00,270.909784411227,0,4,0,0,334,1.0,2,0.75,0
2026-02-27 21:29:00+00:00,634.1704884419748,0,1,0,0,160,1.0,3,0.0,0
2026-02-27 21:44:00+00:00,728.0700215944979,0,1,0,3,228,1.0,2,0.0,0
2026-02-27 22:57:00+00:00,978.2809197345563,0,1,0,1,247,1.0205722518095688,2,0.0,0
2026-02-28 00:04:00+00:00,262.5468600685358,1,1,0,0,252,1.0,4,0.0,1
2026-02-28 00:35:00+00:00,1372.530485097527,0,1,0,1,183,1.0,1,0.0,0
2026-02-28 00:39:00+00:00,284.10627690688807,0,1,0,1,123,1.0,3,0.0,0
2026-02-28 00:40:00+00:00,424.98115777718345,0,1,0,2,279,1.0,1,0.0,0
2026-02-28 01:03:00+00:00,1733.7873798261353,0,1,0,0,139,1.0,5,0.0,0
2026-02-28 01:11:00+00:00,245.32209059586444,0,1,0,1,341,1.0,3,0.0,0
2026-02-28 04:31:00+00:00,552.3018919882358,0,1,0,0,3,1.0,2,0.0,0
2026-02-28 04:33:00+00:00,155.4130960434632,0,1,0,1,304,1.0,2,0.0,0
2026-02-28 04:47:00+00:00,1317.601257480636,0,1,0,0,351,2.4869230496872565,1,0.0,0
2026-02-28 05:00:00+00:00,163.01107244652098,1,1,0,0,137,1.0,2,0.0,0
2026-02-28 05:40:00+00:00,504.16005747736455,1,2,0,2,195,1.0,2,0.5,0
2026-02-28 07:41:00+00:00,1852.7351748309757,0,1,0,1,109,1.0,2,0.0,0
2026-02-28 07:50:00+00:00,89.08344461786044,0,1,0,1,102,1.0,1,0.0,0
2026-02-28 09:16:00+00:00,237.75410152416268,0,1,0,1,92,1.0,1,0.0,0
2026-02-28 09:20:00+00:00,287.652783703598,0,1,0,1,77,1.0,2,0.0,0
2026-02-28 09:22:00+00:00,780.4499973844355,0,1,0,1,120,1.0,6,0.0,0
2026-02-28 09:46:00+00:00,1024.5811588398078,1,2,0,1,283,1.0,2,0.5,0
2026-02-28 10:26:00+00:00,443.1317300708282,0,1,0,0,114,1.0,3,0.0,0
2026-02-28 10:33:00+00:00,4930.420482400515,1,1,0,2,78,1.0,1,0.0,1
2026-02-28 10:59:00+00:00,1170.597763373842,1,1,0,0,17,1.0,1,0.0,0
2026-02-28 11:13:00+00:00,1186.5688256417775,0,1,0,1,186,1.0,4,0.0,0
2026-02-28 12:02:00+00:00,445.72433411550503,0,1,0,0,76,0.8572499553347923,2,0.0,0
2026-02-28 12:18:00+00:00,353.69115262064247,1,1,0,0,212,1.0,1,0.0,0
2026-02-28 12:49:00+00:00,1870.4991843410223,1,2,0,1,107,1.0,4,0.5,0
2026-02-28 12:51:00+00:00,542.2376086238818,1,1,0,0,189,1.0,1,0.0,0
2026-02-28 12:54:00+00:00,571.4831928906397,0,1,0,1,80,1.0,4,0.0,0
2026-02-28 14:03:00+00:00,1996.4254086429378,1,1,0,0,254,1.0,3,0.0,0
2026-02-28 14:21:00+00:00,865.0964315783852,1,1,0,3,4,1.0,3,0.0,0
2026-02-28 15:05:00+00:00,830.0700888181186,1,1,0,0,270,1.0,3,0.0,0
2026-02-28 15:13:00+00:00,615.2169791114078,0,1,1,5,120,1.0,1,0.0,1
2026-02-28 15:38:00+00:00,187.5334186534913,0,4,0,2,27,1.0,3,0.75,1
2026-02-28 16:38:00+00:00,438.7878744829949,0,1,0,1,64,1.0,2,0.0,0
2026-02-28 16:43:00+00:00,856.1594814840128,0,1,0,1,139,1.0,1,0.0,0
2026-02-28 16:46:00+00:00,1034.9482786359174,0,1,0,0,43,1.0,1,0.0,0
2026-02-28 17:37:00+00:00,758.326312339061,0,1,0,2,167,1.0,2,0.0,0
2026-02-28 18:07:00+00:00,212.9028145107337,0,1,0,1,251,0.14239926594401722,2,0.0,0
2026-02-28 18:54:00+00:00,1644.6613067689443,1,2,1,1,226,1.0,2,0.5,1
2026-02-28 19:04:00+00:00,547.4412679033456,0,1,0,2,352,1.0,3,0.0,0
2026-02-28 19:07:00+00:00,577.8584621341845,0,1,0,3,362,1.0,3,0.0,0
2026-02-28 19:38:00+00:00,126.88623211446239,1,1,0,0,8,0.1476430707000224,1,0.0,0
2026-02-28 19:40:00+00:00,261.16838510998593,0,1,0,0,142,1.0,2,0.0,0
2026-02-28 19:43:00+00:00,249.9097572780224,0,1,0,0,338,1.0,1,0.0,0
2026-02-28 19:59:00+00:00,1515.4159593484305,0,1,0,1,231,1.0,1,0.0,0
2026-02-28 20:34:00+00:00,328.8563861813435,0,1,0,1,193,0.41163022317416076,3,0.0,0
2026-02-28 20:41:00+00:00,596.0543581938887,0,1,0,1,269,1.0,1,0.0,0
2026-02-28 21:31:00+00:00,682.006509365623,0,1,0,0,140,1.0086741028915633,2,0.0,0
2026-02-28 21:37:00+00:00,424.8777599927101,0,4,0,1,263,1.0,7,0.75,0
2026-02-28 21:41:00+00:00,1125.0417793005126,0,1,1,4,351,1.0,2,0.0,0
2026-02-28 22:56:00+00:00,456.1589886851367,1,4,0,2,101,1.0,1,0.75,1
2026-03-01 00:21:00+00:00,419.31802578208067,0,1,0,2,300,1.0,4,0.0,0
2026-03-01 00:41:00+00:00,507.907331612392,0,3,0,0,309,0.48758216919721986,2,0.6666666666666666,0
2026-03-01 01:04:00+00:00,1254.8039644066864,0,1,0,0,181,1.0,4,0.0,0
2026-03-01 01:33:00+00:00,478.1212409925711,0,1,0,0,272,1.0,4,0.0,0
2026-03-01 01:38:00+00:00,201.48420149893377,1,3,0,0,111,1.0,3,0.6666666666666666,0
2026-03-01 03:26:00+00:00,377.8495238262643,0,1,0,0,227,1.0,2,0.0,0
2026-03-01 03:38:00+00:00,509.451818068815,0,1,0,1,184,1.0,2,0.0,0
2026-03-01 03:52:00+00:00,1081.6608405580034,0,3,0,1,99,1.0,1,0.6666666666666666,0
2026-03-01 04:05:00+00:00,1088.449623516,1,1,0,0,357,1.0,3,0.0,0
2026-03-01 05:09:00+00:00,1112.16203743391,0,2,0,1,78,1.206024965323647,1,0.5,0
2026-03-01 05:23:00+00:00,271.1152799103637,0,3,0,0,105,0.30364994784763466,5,0.6666666666666666,0
2026-03-01 06:30:00+00:00,837.8509227910678,0,1,0,1,151,1.0,3,0.0,0
2026-03-01 06:46:00+00:00,144.25710680086024,1,1,1,0,211,1.0,1,0.0,1
2026-03-01 07:15:00+00:00,409.7759368933992,0,1,0,0,119,1.0,1,0.0,0
2026-03-01 07:51:00+00:00,137.61434383299564,0,1,0,2,239,1.0,1,0.0,0
2026-03-01 07:55:00+00:00,996.8787962289687,0,1,0,0,307,1.0,2,0.0,0
2026-03-01 08:17:00+00:00,82.3332105189304,1,1,0,0,284,1.0,2,0.0,0
2026-03-01 08:28:00+00:00,326.7425727360494,1,1,0,3,61,1.0,1,0.0,1
2026-03-01 08:34:00+00:00,216.45069534917215,0,1,0,3,94,1.0,1,0.0,0
2026-03-01 09:01:00+00:00,352.12385671563015,1,1,0,0,333,1.0,2,0.0,0
2026-03-01 09:30:00+00:00,760.9819928316091,0,1,0,0,224,1.0,1,0.0,0
2026-03-01 11:17:00+00:00,1509.290624026528,0,1,0,1,105,1.0,2,0.0,0
2026-03-01 12:13:00+00:00,1015.6189498050923,0,3,0,0,248,1.0,1,0.6666666666666666,0
2026-03-01 12:28:00+00:00,280.331766129066,0,1,2,1,137,1.0,2,0.0,0
2026-03-01 13:04:00+00:00,1901.5143350365402,0,1,0,0,361,1.0,3,0.0,0
2026-03-01 13:34:00+00:00,895.0306710058849,1,1,0,2,348,1.0,4,0.0,0
2026-03-01 14:20:00+00:00,745.4036119954334,1,3,0,0,112,1.0,3,0.6666666666666666,0
2026-03-01 16:16:00+00:00,180.42753285931258,0,1,0,2,78,1.0,2,0.0,0
2026-03-01 17:01:00+00:00,170.9536879397845,0,1,0,0,101,1.0,2,0.0,0
2026-03-01 17:10:00+00:00,1370.7811135216389,0,4,0,2,23,1.0,1,0.75,0
2026-03-01 17:19:00+00:00,516.2927162270888,1,1,0,2,276,1.0,2,0.0,0
2026-03-01 17:58:00+00:00,701.186579109462,1,1,0,0,20,0.41499316690748755,2,0.0,0
2026-03-01 19:23:00+00:00,248.45020857507586,1,4,0,1,41,0.4157825436465494,3,0.75,0
2026-03-01 19:24:00+00:00,3041.2671122309375,0,1,0,1,38,1.0,1,0.0,0
2026-03-01 19:26:00+00:00,402.52268481226474,0,1,0,2,162,0.5723557085900421,2,0.0,0
2026-03-01 19:34:00+00:00,676.8994546179183,0,1,0,2,114,1.0,3,0.0,0
2026-03-01 19:55:00+00:00,1477.8907972310858,1,3,1,3,171,1.0,2,0.6666666666666666,1
2026-03-01 20:28:00+00:00,572.44023950957,0,1,0,1,159,1.0,1,0.0,0
2026-03-01 20:42:00+00:00,721.7678268690105,1,1,0,1,67,0.6845740636705822,2,0.0,0
2026-03-01 21:06:00+00:00,364.9320812832474,1,1,0,2,163,0.21241671983476895,3,0.0,0
2026-03-01 21:11:00+00:00,635.2513772238079,1,1,0,0,184,1.0,2,0.0,0
2026-03-01 22:16:00+00:00,166.21509667232726,0,1,0,1,314,1.0,2,0.0,0
2026-03-01 22:30:00+00:00,141.10850902203862,0,1,0,1,281,1.0,2,0.0,0
2026-03-01 22:42:00+00:00,289.82767969934787,0,2,0,2,237,1.0,5,0.5,0
2026-03-01 22:52:00+00:00,219.48161478464212,0,1,0,0,176,1.0,1,0.0,0
2026-03-01 23:06:00+00:00,281.61086469102605,0,3,0,0,133,1.0,1,0.6666666666666666,0
2026-03-01 23:25:00+00:00,297.8231375458083,1,3,0,1,345,1.0,3,0.6666666666666666,0
2026-03-01 23:33:00+00:00,146.48077666308825,0,1,0,3,0,0.1530245255140667,5,0.0,0
2026-03-01 23:54:00+00:00,301.5012074215675,0,1,0,0,226,1.0,4,0.0,0
2026-03-02 00:16:00+00:00,287.85944626934304,0,1,0,1,340,1.0,1,0.0,0
2026-03-02 00:36:00+00:00,149.1189028013598,1,1,0,3,214,1.0,5,0.0,1
2026-03-02 01:26:00+00:00,1903.3691941619427,0,1,0,1,34,2.3902957077412075,1,0.0,0
2026-03-02 01:29:00+00:00,2313.1969492372596,0,1,0,1,309,1.0,3,0.0,0
2026-03-02 01:56:00+00:00,767.2770393989065,0,1,0,0,351,1.0,4,0.0,0
2026-03-02 02:56:00+00:00,537.3250049309697,0,1,0,0,13,1.0,1,0.0,0
2026-03-02 03:10:00+00:00,1208.635980415861,0,1,0,0,317,5.1810640478799455,2,0.0,0
2026-03-02 03:17:00+00:00,1663.6394589315723,0,1,0,0,117,1.0,1,0.0,0
2026-03-02 04:09:00+00:00,1008.4010839937814,1,1,0,3,67,1.0,2,0.0,0
2026-03-02 04:12:00+00:00,4179.710975372392,0,1,0,1,87,1.0,1,0.0,0
2026-03-02 04:32:00+00:00,214.04676618215717,0,2,0,2,5,1.0,2,0.5,0
2026-03-02 04:33:00+00:00,355.37506732243025,0,1,0,2,81,1.0,3,0.0,0
2026-03-02 04:54:00+00:00,552.5836388835952,0,2,0,0,329,1.0,2,0.5,0
2026-03-02 05:16:00+00:00,114.36507538103416,0,1,0,0,80,1.0,2,0.0,0
2026-03-02 05:24:00+00:00,1482.5369810002428,1,1,0,1,34,1.0,3,0.0,0
2026-03-02 06:35:00+00:00,373.48187117115907,0,1,0,0,278,1.0,3,0.0,0
2026-03-02 06:43:00+00:00,342.87221155106585,0,1,0,1,152,1.0,3,0.0,0
2026-03-02 08:45:00+00:00,289.4082744325637,1,3,0,0,36,1.0,3,0.6666666666666666,0
2026-03-02 08:48:00+00:00,484.6990723234409,1,1,0,1,204,1.0,4,0.0,0
2026-03-02 09:44:00+00:00,454.3297851995408,1,1,0,2,88,1.0,3,0.0,0
2026-03-02 09:48:00+00:00,556.5172398292825,0,2,0,1,352,1.0,2,0.5,0
2026-03-02 10:51:00+00:00,476.07922985745313,0,1,0,1,266,1.088439439505011,1,0.0,0
2026-03-02 10:52:00+00:00,306.59198003491485,0,1,0,1,2,1.0,2,0.0,0
2026-03-02 12:02:00+00:00,1249.2816979961697,0,3,0,1,4,1.0,2,0.6666666666666666,0
2026-03-02 12:12:00+00:00,346.786520599346,0,1,0,1,51,1.0,2,0.0,0
2026-03-02 12:34:00+00:00,320.87739651042733,0,1,0,1,44,0.7713829280062047,2,0.0,0
2026-03-02 12:58:00+00:00,1496.5563899857418,1,2,0,3,268,1.5783684273980363,3,0.5,0
2026-03-02 13:32:00+00:00,670.8245470699363,1,1,0,2,302,1.0,3,0.0,0
2026-03-02 13:48:00+00:00,743.5019977278762,1,1,0,3,237,1.0,3,0.0,0
2026-03-02 13:55:00+00:00,416.8745395307253,0,1,0,3,337,1.0,3,0.0,1
2026-03-02 13:56:00+00:00,2053.2486269967135,0,1,0,1,266,1.0,3,0.0,0
2026-03-02 13:58:00+00:00,307.750915293844,1,1,1,0,361,1.0,1,0.0,1
2026-03-02 14:05:00+00:00,740.9357466614235,0,1,0,3,43,1.0,1,0.0,0
2026-03-02 14:25:00+00:00,1070.6103834847338,0,1,0,2,318,1.0,1,0.0,0
2026-03-02 14:33:00+00:00,163.389045143388,0,1,0,2,272,1.0,3,0.0,0
2026-03-02 15:12:00+00:00,314.1249378262938,0,1,0,0,237,1.0,2,0.0,0
2026-03-02 16:02:00+00:00,1388.3721456728747,0,1,0,1,271,1.0,4,0.0,0
2026-03-02 16:28:00+00:00,133.18121407293864,1,1,0,1,110,1.0,4,0.0,0
2026-03-02 17:01:00+00:00,545.8042510574505,0,1,0,2,150,1.0,1,0.0,0
2026-03-02 17:18:00+00:00,618.0540276756412,0,1,0,2,332,1.0,4,0.0,0
2026-03-02 17:33:00+00:00,101.23390802505816,0,1,0,0,145,1.0,2,0.0,0
2026-03-02 17:48:00+00:00,4602.3131475774035,0,1,0,1,343,1.0,3,0.0,1
2026-03-02 18:13:00+00:00,500.2537251265734,0,1,0,1,23,1.0,3,0.0,0
2026-03-02 18:18:00+00:00,601.2007820050057,1,1,0,0,223,1.541014846548042,1,0.0,0
2026-03-02 18:22:00+00:00,746.0314389996831,0,1,0,0,37,1.3649707597100786,3,0.0,0
2026-03-02 18:28:00+00:00,2845.0058505592237,0,3,0,1,169,2.627511768306539,5,0.6666666666666666,0
2026-03-02 19:26:00+00:00,1931.4042981887515,0,1,0,0,308,1.0,2,0.0,0
2026-03-02 19:40:00+00:00,178.11910387175607,0,1,0,1,350,1.0,4,0.0,0
2026-03-02 19:52:00+00:00,589.0132088389142,0,4,0,4,75,1.0,2,0.75,0
2026-03-02 19:53:00+00:00,364.9859782832584,0,1,0,1,223,1.0,1,0.0,0
2026-03-02 21:35:00+00:00,53.6601389312715,1,1,0,3,351,1.0,3,0.0,1
2026-03-02 21:37:00+00:00,224.007310744918,1,1,0,2,108,0.5753337445068252,3,0.0,0
2026-03-02 23:14:00+00:00,445.0481531688836,0,1,0,1,296,1.0,2,0.0,0
2026-03-02 23:16:00+00:00,567.0036226107432,1,1,0,0,255,0.7053825255688546,3,0.0,0
2026-03-02 23:53:00+00:00,405.73821038179585,0,1,1,2,338,0.5544679612313567,1,0.0,0
2026-03-03 00:36:00+00:00,2092.510345845424,1,1,0,2,293,1.0,1,0.0,0
2026-03-03 00:53:00+00:00,366.56612689552554,1,2,0,0,135,1.0,2,0.5,0
2026-03-03 01:22:00+00:00,70.32635355615959,1,1,0,1,349,1.0,2,0.0,1
2026-03-03 01:45:00+00:00,246.51406224900592,0,1,0,0,187,0.16516973564962173,1,0.0,0
2026-03-03 01:48:00+00:00,942.8782533165531,1,1,0,1,347,0.7707695258688373,6,0.0,1
2026-03-03 01:54:00+00:00,1223.9523357452229,0,1,0,1,229,1.0,3,0.0,0
2026-03-03 01:55:00+00:00,319.4473148992771,0,1,0,1,16,1.0,1,0.0,0
2026-03-03 01:58:00+00:00,464.40746941578755,1,1,0,2,50,1.0,2,0.0,0
2026-03-03 02:09:00+00:00,2271.4166737333853,0,1,0,0,141,1.0,1,0.0,1
2026-03-03 02:20:00+00:00,382.7392952449716,0,1,0,1,274,1.0,1,0.0,0
2026-03-03 02:49:00+00:00,2817.0628648641987,1,2,0,2,153,1.0,1,0.5,0
2026-03-03 03:39:00+00:00,1527.993228261198,0,3,0,1,218,1.0,4,0.6666666666666666,0
2026-03-03 04:12:00+00:00,826.4771758891703,1,1,0,2,302,1.6696615811505582,4,0.0,0
2026-03-03 05:11:00+00:00,474.13823802673676,1,1,0,0,261,1.0,4,0.0,0
2026-03-03 06:04:00+00:00,1022.4906252428183,0,1,0,1,344,1.2688392245555864,2,0.0,0
2026-03-03 06:07:00+00:00,339.175367656808,1,1,0,2,307,1.0,2,0.0,0
2026-03-03 07:03:00+00:00,335.29555437992656,0,1,0,0,131,1.0,4,0.0,0
2026-03-03 07:42:00+00:00,241.96312185826844,1,1,0,2,360,1.0,1,0.0,0
2026-03-03 09:42:00+00:00,611.702918940987,0,1,0,0,119,1.0,2,0.0,0
2026-03-03 10:38:00+00:00,1008.7705441181499,1,1,0,0,249,1.0,3,0.0,0
2026-03-03 13:48:00+00:00,388.94519899044633,1,1,0,1,216,1.0,2,0.0,0
2026-03-03 13:48:00+00:00,604.0979536286501,0,1,0,0,72,1.0,2,0.0,0
2026-03-03 14:17:00+00:00,441.36777725240455,0,1,0,2,19,1.0,1,0.0,0
2026-03-03 14:40:00+00:00,828.7872230129209,0,2,0,1,314,1.0,2,0.5,0
2026-03-03 15:01:00+00:00,1085.1337301416263,0,1,0,0,287,1.0,3,0.0,0
2026-03-03 15:40:00+00:00,1320.1602708760065,1,1,0,3,25,1.0,2,0.0,0
2026-03-03 15:51:00+00:00,788.2444187429707,0,1,0,1,50,1.0,3,0.0,0
2026-03-03 16:01:00+00:00,175.13808433308657,0,1,0,1,310,0.31829193668204625,1,0.0,0
2026-03-03 16:35:00+00:00,1897.273870761715,0,1,0,0,29,1.0,3,0.0,0
2026-03-03 17:09:00+00:00,974.1954363326328,0,1,0,1,94,1.0,1,0.0,1
2026-03-03 17:27:00+00:00,99.7438386926148,0,2,0,0,275,1.0,2,0.5,0
2026-03-03 17:59:00+00:00,274.13420347635514,0,1,0,0,339,1.0,3,0.0,0
2026-03-03 18:09:00+00:00,480.927820034923,0,3,0,2,310,1.0,2,0.6666666666666666,0
2026-03-03 18:32:00+00:00,2083.707519699838,1,1,0,2,322,1.0,4,0.0,0
2026-03-03 19:51:00+00:00,81.42051431918729,0,1,0,1,225,1.0,3,0.0,0
2026-03-03 19:57:00+00:00,191.99769978641459,1,1,0,0,360,1.0,3,0.0,0
2026-03-03 20:04:00+00:00,151.0030419160128,0,2,0,2,220,1.0,2,0.5,0
2026-03-03 20:05:00+00:00,287.4800939167886,0,1,0,0,344,1.0,1,0.0,0
2026-03-03 20:11:00+00:00,1560.7656060204908,0,1,0,2,309,1.0,2,0.0,0
2026-03-03 20:41:00+00:00,974.7191590036789,1,1,1,5,236,1.0,3,0.0,1
2026-03-03 20:47:00+00:00,40.84079573384592,1,1,0,0,217,1.0,4,0.0,1
2026-03-03 21:10:00+00:00,1599.4935209740604,1,1,0,2,359,1.0,1,0.0,0
2026-03-03 21:16:00+00:00,300.6088945693657,0,1,0,1,177,1.0,3,0.0,0
2026-03-03 22:26:00+00:00,138.99210907895088,0,2,1,1,167,0.12387902233599181,1,0.5,0
2026-03-03 23:13:00+00:00,621.6938934325394,1,3,0,0,22,1.0,1,0.6666666666666666,0
2026-03-03 23:22:00+00:00,486.780562956614,0,2,0,2,294,1.0,2,0.5,0
2026-03-04 00:19:00+00:00,1566.5339387943905,0,1,0,3,288,1.901658378040543,3,0.0,0
2026-03-04 00:32:00+00:00,1072.4134345155621,1,2,2,5,126,0.5872796587610636,2,0.5,1
2026-03-04 00:46:00+00:00,1256.6659058643975,0,1,0,1,278,1.0,2,0.0,0
2026-03-04 01:13:00+00:00,64.3213901233456,0,2,0,1,300,1.0,2,0.5,0
2026-03-04 01:20:00+00:00,2603.0919100529723,0,1,0,0,242,1.0,2,0.0,0
2026-03-04 01:27:00+00:00,133.31118453481108,0,1,0,3,332,1.0,2,0.0,0
2026-03-04 02:02:00+00:00,457.1923920596071,0,1,0,2,124,1.0,5,0.0,0
2026-03-04 02:24:00+00:00,301.96285010771385,0,1,0,1,243,1.0,2,0.0,0
2026-03-04 03:04:00+00:00,351.65060327505023,0,1,0,1,23,1.0,1,0.0,0
2026-03-04 03:29:00+00:00,4694.40266989564,0,1,0,0,167,1.0,3,0.0,0
2026-03-04 03:46:00+00:00,402.634386293656,1,1,0,2,217,1.0,2,0.0,0
2026-03-04 04:04:00+00:00,3150.3995321639563,1,1,0,1,270,1.0,1,0.0,0
2026-03-04 04:50:00+00:00,658.7611051355789,0,1,0,2,209,1.0,3,0.0,0
2026-03-04 04:51:00+00:00,1984.825675844154,0,1,0,2,41,1.0,3,0.0,0
2026-03-04 05:33:00+00:00,73.27604187276984,1,1,0,0,230,1.0,4,0.0,0
2026-03-04 07:43:00+00:00,218.27702972575042,0,1,0,2,358,1.0,5,0.0,0
2026-03-04 08:20:00+00:00,1140.9773683040876,1,1,0,2,278,1.0,1,0.0,0
2026-03-04 08:32:00+00:00,313.0358337960964,0,1,0,0,108,1.0,1,0.0,0
2026-03-04 08:53:00+00:00,409.9464479034982,1,1,0,1,129,1.0,3,0.0,0
2026-03-04 08:58:00+00:00,1177.3513670804098,0,1,0,0,14,1.1983610947415921,1,0.0,0
2026-03-04 09:26:00+00:00,514.1256981769459,0,1,0,2,159,1.0,4,0.0,0
2026-03-04 09:56:00+00:00,357.1662576845372,0,3,0,0,193,1.0,2,0.6666666666666666,0
2026-03-04 10:50:00+00:00,1173.902769104708,1,1,0,0,26,1.0,1,0.0,0
2026-03-04 11:01:00+00:00,527.3503729119557,0,1,0,0,284,1.0,1,0.0,0
2026-03-04 12:05:00+00:00,520.1133403349395,0,1,0,2,73,1.0,3,0.0,0
2026-03-04 12:09:00+00:00,777.1836423047058,0,1,0,1,162,1.0,4,0.0,0
2026-03-04 12:45:00+00:00,299.209091554717,0,1,0,0,13,1.0,2,0.0,0
2026-03-04 12:54:00+00:00,1168.7886754293143,0,4,0,1,111,1.0,1,0.75,0
2026-03-04 13:33:00+00:00,234.91252679220042,0,1,0,0,8,1.0,3,0.0,0
2026-03-04 13:42:00+00:00,102.4990703550577,0,2,0,1,47,1.0,3,0.5,0
2026-03-04 14:15:00+00:00,1920.614033595661,0,1,0,0,51,1.0,1,0.0,0
2026-03-04 14:20:00+00:00,824.0638872137937,0,1,0,0,163,1.0513253505621776,1,0.0,0
2026-03-04 16:25:00+00:00,12844.339907731715,0,1,0,1,13,1.0,3,0.0,0
2026-03-04 16:32:00+00:00,942.0345920688101,1,1,0,1,334,1.0,1,0.0,0
2026-03-04 17:06:00+00:00,865.8794215378769,0,1,0,2,26,1.0,3,0.0,0
2026-03-04 17:27:00+00:00,1095.353587358644,0,1,0,1,337,1.0,2,0.0,0
2026-03-04 17:53:00+00:00,129.47173614156065,0,1,0,0,55,1.0,1,0.0,0
2026-03-04 18:05:00+00:00,653.8130657764871,0,1,0,1,312,1.0,3,0.0,0
2026-03-04 18:13:00+00:00,357.5172330895472,1,1,0,0,140,1.0,2,0.0,0
2026-03-04 18:25:00+00:00,462.3175833451896,0,2,0,0,88,1.0,4,0.5,0
2026-03-04 18:37:00+00:00,340.3743794363851,0,1,1,1,220,0.500985832359879,3,0.0,0
2026-03-04 18:50:00+00:00,645.2460044771805,1,1,0,1,6,1.0,2,0.0,0
2026-03-04 18:57:00+00:00,401.7459875898638,0,1,0,1,95,1.0,2,0.0,0
2026-03-04 19:33:00+00:00,850.634271178788,1,1,0,1,129,1.0,3,0.0,0
2026-03-04 20:37:00+00:00,1669.1098054412946,0,2,0,0,55,1.0,4,0.5,0
2026-03-04 21:30:00+00:00,3565.924263813168,0,1,0,2,160,1.0,2,0.0,0
2026-03-04 23:18:00+00:00,224.19517916003838,1,1,0,1,177,1.0,3,0.0,0
2026-03-04 23:37:00+00:00,382.6133213750947,0,1,0,2,329,1.0,4,0.0,0
2026-03-04 23:55:00+00:00,1250.0296634513254,0,1,0,1,344,1.0,2,0.0,0
2026-03-05 00:28:00+00:00,87.83332427995083,1,1,0,0,153,1.0,3,0.0,0
2026-03-05 01:35:00+00:00,2968.2344227010885,0,1,0,1,324,1.0,2,0.0,0
2026-03-05 01:47:00+00:00,64.28639826447812,1,1,0,1,185,1.0,4,0.0,0
2026-03-05 02:40:00+00:00,858.2705095594753,0,2,0,0,321,1.0,5,0.5,0
2026-03-05 02:47:00+00:00,799.772069706647,0,1,0,0,189,1.0,2,0.0,0
2026-03-05 03:09:00+00:00,3449.6586176489964,1,1,0,1,232,1.0,5,0.0,0
2026-03-05 03:25:00+00:00,2381.099316033623,0,1,0,1,51,1.0,1,0.0,0
2026-03-05 04:22:00+00:00,155.2689419334115,1,4,1,2,289,0.23275802730096137,3,0.75,1
2026-03-05 04:46:00+00:00,234.03185938106236,0,1,0,0,1,1.0,3,0.0,0
2026-03-05 05:16:00+00:00,581.8905069518762,0,2,0,2,92,1.0,4,0.5,0
2026-03-05 05:18:00+00:00,372.9536895237345,0,1,0,1,220,1.0,3,0.0,0
2026-03-05 05:54:00+00:00,190.2190010040647,0,1,0,2,56,1.0,2,0.0,0
2026-03-05 06:00:00+00:00,237.54755525502887,1,1,0,1,223,1.0,3,0.0,0
2026-03-05 06:08:00+00:00,636.8584129866672,0,3,0,0,232,1.0,2,0.6666666666666666,0
2026-03-05 06:48:00+00:00,341.8270814569459,1,2,0,2,185,1.0,1,0.5,0
2026-03-05 07:01:00+00:00,1748.0293515268695,0,4,0,1,113,1.0,3,0.75,0
2026-03-05 07:30:00+00:00,371.7212539607576,0,2,0,1,46,1.0,2,0.5,0
2026-03-05 07:36:00+00:00,1580.5767145362017,0,1,0,2,117,1.0,3,0.0,0
2026-03-05 07:58:00+00:00,194.70524854833843,1,1,0,1,187,1.0,4,0.0,0
2026-03-05 08:18:00+00:00,648.4399474850762,0,1,0,1,236,1.0,2,0.0,0
2026-03-05 08:28:00+00:00,527.7509416991333,0,1,0,0,24,0.25914356812897693,1,0.0,0
2026-03-05 08:29:00+00:00,1328.4594775796004,0,2,0,1,300,1.0,2,0.5,0
2026-03-05 09:28:00+00:00,190.46981394259103,0,1,0,0,207,1.0,4,0.0,0
2026-03-05 10:01:00+00:00,270.9607385901241,1,1,0,3,21,1.0,2,0.0,0
2026-03-05 10:08:00+00:00,68.07643060316906,0,1,0,3,233,1.0,3,0.0,0
2026-03-05 10:33:00+00:00,200.06347533468616,0,1,0,1,150,1.0,2,0.0,0
2026-03-05 10:37:00+00:00,2645.302535889236,0,1,0,0,205,3.106792848900107,3,0.0,0
2026-03-05 10:42:00+00:00,2797.9867735129656,0,1,0,0,80,1.0,3,0.0,0
2026-03-05 11:16:00+00:00,462.44562162605143,0,1,1,2,157,1.0,2,0.0,0
2026-03-05 12:53:00+00:00,553.7656539538426,1,1,0,2,19,1.0,4,0.0,0
2026-03-05 13:49:00+00:00,86.55892430069107,0,1,0,0,102,1.0,2,0.0,0
2026-03-05 14:03:00+00:00,84.74727370306314,0,1,0,0,223,1.0,2,0.0,0
2026-03-05 14:15:00+00:00,2642.5173218037726,0,1,0,1,288,1.0,4,0.0,0
2026-03-05 15:07:00+00:00,271.324645638223,0,3,0,0,287,1.0,3,0.6666666666666666,0
2026-03-05 15:29:00+00:00,636.8795977413159,0,1,0,0,106,1.0,2,0.0,0
2026-03-05 15:36:00+00:00,217.31187763411305,1,4,0,0,298,1.0,2,0.75,0
2026-03-05 15:38:00+00:00,170.87171628489608,0,1,0,1,222,1.0,3,0.0,0
2026-03-05 15:39:00+00:00,162.02775280378407,0,2,0,1,40,1.0,3,0.5,0
2026-03-05 15:59:00+00:00,2552.966310001837,0,1,0,0,74,1.0,3,0.0,0
2026-03-05 16:56:00+00:00,252.4604275569282,0,1,0,1,106,0.12029878028545192,1,0.0,0
2026-03-05 17:08:00+00:00,132.76446463927843,0,1,0,1,135,1.0,2,0.0,0
2026-03-05 17:11:00+00:00,291.45297682696474,0,4,1,1,259,0.3212353329821123,1,0.75,1
2026-03-05 17:42:00+00:00,2831.619058042119,0,1,0,1,0,1.0,5,0.0,0
2026-03-05 19:05:00+00:00,1825.5941497840508,1,1,0,1,277,1.0,3,0.0,0
2026-03-05 19:05:00+00:00,647.4282682920779,0,2,0,1,95,1.0,2,0.5,0
2026-03-05 19:13:00+00:00,1765.3377122791235,1,1,0,2,28,1.0,2,0.0,0
2026-03-05 19:18:00+00:00,300.42785267007054,0,1,0,2,104,1.0,2,0.0,0
2026-03-05 19:31:00+00:00,322.45447909403305,0,1,0,0,306,1.0,1,0.0,0
2026-03-05 19:51:00+00:00,1296.219873992295,0,1,0,1,143,1.0,1,0.0,0
2026-03-05 20:02:00+00:00,1188.9343496656873,0,1,0,0,287,1.0,4,0.0,0
2026-03-05 21:39:00+00:00,3381.139445615634,1,2,0,0,31,1.0,5,0.5,0
2026-03-05 21:56:00+00:00,838.1910560228589,0,1,0,1,85,1.0,3,0.0,0
2026-03-05 22:51:00+00:00,265.93888464491977,0,2,0,1,112,1.0,3,0.5,0
2026-03-05 23:15:00+00:00,1045.547356901965,0,1,0,1,133,1.0,1,0.0,0
2026-03-05 23:22:00+00:00,123.3958388560194,0,1,0,0,6,1.0,4,0.0,0
2026-03-05 23:24:00+00:00,502.8016736861224,0,1,0,1,165,1.0,2,0.0,0
2026-03-06 00:12:00+00:00,1021.3852170366888,1,1,0,2,259,1.0,1,0.0,0
2026-03-06 00:33:00+00:00,751.556870387916,0,3,0,0,84,1.8782963168729423,3,0.6666666666666666,0
2026-03-06 01:21:00+00:00,508.616336299305,1,1,0,0,7,1.0,2,0.0,1
2026-03-06 01:43:00+00:00,389.3530594241761,0,1,0,1,96,0.3384408014680886,4,0.0,0
2026-03-06 01:44:00+00:00,3890.885276469966,0,1,0,1,59,1.0,3,0.0,0
2026-03-06 01:48:00+00:00,120.85295519608965,0,1,0,1,150,1.0,1,0.0,0
2026-03-06 02:44:00+00:00,526.6315902325504,1,1,0,3,3,1.0,1,0.0,0
2026-03-06 04:16:00+00:00,4892.966618926138,0,1,0,0,231,1.0,4,0.0,0
2026-03-06 05:33:00+00:00,161.82488186444115,1,1,0,0,93,1.0,2,0.0,0
2026-03-06 05:48:00+00:00,4544.17658661264,0,1,0,0,181,1.0,1,0.0,0
2026-03-06 06:34:00+00:00,758.4621792079315,1,1,0,2,23,1.0,3,0.0,0
2026-03-06 06:58:00+00:00,422.4546457630822,1,1,0,0,289,1.0,2,0.0,0
2026-03-06 07:21:00+00:00,979.4135379641307,0,1,0,1,99,1.0,1,0.0,0
2026-03-06 10:04:00+00:00,835.8194507559176,0,1,0,0,331,6.008958325838003,4,0.0,0
2026-03-06 10:09:00+00:00,802.9580077517971,0,1,0,0,66,1.0,2,0.0,0
2026-03-06 10:27:00+00:00,95.12786598260591,0,1,0,0,125,1.0,1,0.0,0
2026-03-06 11:17:00+00:00,483.7186511000447,0,1,0,0,225,1.0,2,0.0,0
2026-03-06 11:30:00+00:00,146.7221798766337,0,4,0,1,18,1.0,2,0.75,0
2026-03-06 11:56:00+00:00,1846.7310694141268,1,1,0,0,337,1.0,2,0.0,0
2026-03-06 12:09:00+00:00,499.3028982202404,0,1,0,2,39,1.0,4,0.0,1
2026-03-06 14:08:00+00:00,261.0546998552201,0,1,2,6,298,0.33062451846206603,1,0.0,1
2026-03-06 15:10:00+00:00,291.861531474281,1,1,0,1,4,1.0,2,0.0,0
2026-03-06 15:18:00+00:00,1048.6748653855707,1,1,0,1,281,1.0,3,0.0,0
2026-03-06 15:19:00+00:00,535.9461314304081,1,1,0,2,84,1.0,3,0.0,1
2026-03-06 15:46:00+00:00,1071.2825433026942,0,1,0,0,93,1.0,1,0.0,0
2026-03-06 15:49:00+00:00,676.0067730824397,1,1,0,0,203,1.0,5,0.0,0
2026-03-06 16:15:00+00:00,1459.918574352114,0,1,0,0,227,1.2953240328423588,4,0.0,0
2026-03-06 17:10:00+00:00,704.3091261009312,1,1,1,3,56,0.5662079673319316,3,0.0,1
2026-03-06 17:40:00+00:00,854.2972698261302,0,1,0,0,56,1.0,2,0.0,0
2026-03-06 18:06:00+00:00,137.75765967263365,1,1,0,1,226,1.0,2,0.0,0
2026-03-06 18:24:00+00:00,549.4828475601005,0,1,0,2,104,1.0,3,0.0,0
2026-03-06 18:29:00+00:00,762.0860931040539,1,1,0,0,72,1.0,3,0.0,0
2026-03-06 18:46:00+00:00,399.04668209033525,0,1,0,0,230,1.0,3,0.0,0
2026-03-06 18:57:00+00:00,1600.241471860371,0,1,0,2,233,1.6701117393727622,1,0.0,0
2026-03-06 19:26:00+00:00,389.07263766589614,0,1,0,3,13,0.6655036624917177,3,0.0,0
2026-03-06 19:30:00+00:00,1742.5483026980385,0,1,0,1,169,1.0,3,0.0,0
2026-03-06 19:44:00+00:00,132.18213280290092,0,1,0,1,13,1.0,3,0.0,0
2026-03-06 20:45:00+00:00,205.33319062150466,0,3,0,2,309,1.0,3,0.6666666666666666,0
2026-03-06 21:28:00+00:00,744.068429851377,1,1,0,2,361,0.8895436845644135,4,0.0,0
2026-03-06 21:29:00+00:00,388.6095088808106,0,1,0,2,147,1.0,3,0.0,0
2026-03-06 21:44:00+00:00,148.9538955848813,0,1,0,2,123,1.0,3,0.0,0
2026-03-06 21:54:00+00:00,340.0888580753566,1,1,0,2,290,0.17399246858320908,3,0.0,0
2026-03-06 21:56:00+00:00,169.56946450865897,0,3,0,0,186,0.10246016601949642,1,0.6666666666666666,0
2026-03-06 22:20:00+00:00,723.2913132472817,0,4,0,3,100,1.0,2,0.75,0
2026-03-06 22:21:00+00:00,491.82050594119397,1,1,0,1,184,0.3772570792722156,3,0.0,0
2026-03-06 22:46:00+00:00,611.3833318408745,0,1,0,2,253,0.8847697071681165,1,0.0,0
2026-03-07 00:07:00+00:00,2083.9780313685105,0,1,0,1,320,2.5381491664735147,2,0.0,0
2026-03-07 00:08:00+00:00,1716.8534347684295,0,1,0,1,243,1.0,3,0.0,0
2026-03-07 00:50:00+00:00,847.8312398656084,0,1,0,0,360,1.0,1,0.0,0
2026-03-07 01:37:00+00:00,1680.7337379991825,1,3,0,0,62,1.0,3,0.6666666666666666,0
2026-03-07 03:03:00+00:00,578.2756410888588,0,1,0,2,290,1.0,2,0.0,0
2026-03-07 03:28:00+00:00,2551.376304900945,0,4,0,4,213,1.0,1,0.75,0
2026-03-07 03:51:00+00:00,315.92416010844556,0,1,0,2,272,1.0,2,0.0,0
2026-03-07 04:08:00+00:00,521.3507511036867,1,1,0,3,278,1.0,5,0.0,1
2026-03-07 05:44:00+00:00,515.4950453129132,1,1,0,1,342,1.0,2,0.0,0
2026-03-07 05:48:00+00:00,1627.9549033524652,0,1,0,0,85,2.0293443920640795,1,0.0,0
2026-03-07 06:58:00+00:00,562.6385834364289,0,3,1,5,169,0.4372863824618108,3,0.6666666666666666,1
2026-03-07 07:04:00+00:00,591.2902442854999,0,1,0,0,169,1.0,2,0.0,0
2026-03-07 07:51:00+00:00,155.60208967421198,0,1,0,0,222,0.34552813127315246,2,0.0,0
2026-03-07 07:54:00+00:00,81.41534828436336,0,1,0,0,161,1.0,2,0.0,0
2026-03-07 08:28:00+00:00,1241.2971857677508,0,1,0,0,165,1.0,2,0.0,0
2026-03-07 08:40:00+00:00,78.48741377021474,0,2,0,3,297,0.08489184392119824,4,0.5,0
2026-03-07 09:14:00+00:00,1001.3155993478995,1,1,0,0,67,1.0,2,0.0,0
2026-03-07 09:39:00+00:00,53.52228142321444,0,1,0,0,8,1.0,4,0.0,0
2026-03-07 10:02:00+00:00,114.42213702360829,0,1,0,1,146,1.0,3,0.0,0
2026-03-07 10:44:00+00:00,90.97053901855709,0,1,0,3,1,1.0,1,0.0,0
2026-03-07 11:10:00+00:00,1323.8797548770538,0,1,0,2,1,1.0,2,0.0,0
2026-03-07 12:26:00+00:00,859.4669073103984,0,1,0,1,66,1.2496325170783025,2,0.0,0
2026-03-07 12:28:00+00:00,122.38586029713917,1,1,0,1,194,1.0,2,0.0,0
2026-03-07 12:57:00+00:00,1275.641865220966,1,1,0,0,79,1.0,3,0.0,0
2026-03-07 13:59:00+00:00,515.2950787946811,1,1,0,0,274,1.0,1,0.0,1
2026-03-07 14:15:00+00:00,385.8779160625199,0,1,1,1,148,0.6016234514625021,1,0.0,0
2026-03-07 14:35:00+00:00,1573.525190331561,0,1,0,1,24,1.0,1,0.0,0
2026-03-07 14:36:00+00:00,804.1065214455225,1,4,0,0,32,1.1787631992652203,2,0.75,0
2026-03-07 14:48:00+00:00,1404.0091513590105,1,1,0,0,192,1.0,3,0.0,0
2026-03-07 15:15:00+00:00,2632.88945215881,0,1,0,0,91,4.647904461187477,2,0.0,0
2026-03-07 15:27:00+00:00,239.38437536678543,0,1,0,0,324,0.5789362551018336,4,0.0,0
2026-03-07 15:33:00+00:00,233.98961870400566,1,1,0,1,2,1.0,4,0.0,0
2026-03-07 16:34:00+00:00,415.60824001843235,1,1,0,4,218,1.0,1,0.0,0
2026-03-07 17:06:00+00:00,940.6285042309675,0,1,0,2,351,1.0,3,0.0,0
2026-03-07 18:22:00+00:00,883.2620298136458,1,1,0,1,43,1.0,4,0.0,1
2026-03-07 18:24:00+00:00,520.357135064287,0,2,0,2,17,1.0,1,0.5,0
2026-03-07 18:35:00+00:00,268.45175002683226,0,4,2,6,231,1.0,2,0.75,1
2026-03-07 19:27:00+00:00,1769.2500203674585,0,1,0,2,206,1.0,1,0.0,0
2026-03-07 19:36:00+00:00,481.7269597393397,0,1,0,3,35,1.0,8,0.0,0
2026-03-07 19:59:00+00:00,452.0188473730234,0,1,0,4,231,1.0,2,0.0,0
2026-03-07 20:26:00+00:00,754.6557419473063,0,1,0,1,216,2.2287146095944155,2,0.0,0
2026-03-07 20:37:00+00:00,521.4097352202893,0,1,0,0,249,1.0,1,0.0,0
2026-03-07 21:16:00+00:00,4753.893946817206,0,1,0,5,242,1.0,5,0.0,0
2026-03-07 21:21:00+00:00,985.8229936576957,0,1,0,1,322,1.0,1,0.0,0
2026-03-07 21:53:00+00:00,1684.7745191157642,1,3,0,1,363,1.7926338795192167,1,0.6666666666666666,0
2026-03-07 21:54:00+00:00,606.5851258246876,0,1,0,0,353,1.0,3,0.0,0
2026-03-07 22:04:00+00:00,1314.1269309593627,0,1,0,0,358,1.0583385929784297,3,0.0,0
2026-03-07 22:17:00+00:00,1316.029080717328,0,3,0,1,140,1.0,2,0.6666666666666666,0
2026-03-07 22:48:00+00:00,387.5376104210741,1,3,0,1,0,1.0,1,0.6666666666666666,0
2026-03-07 22:57:00+00:00,238.05658411125887,0,1,0,1,350,1.0,2,0.0,0
2026-03-07 23:48:00+00:00,4119.028185654116,1,1,0,1,106,1.0,5,0.0,0
2026-03-07 23:48:00+00:00,137.44235402792916,0,1,0,1,246,0.09028195713497365,3,0.0,0
2026-03-08 00:00:00+00:00,923.5961203590646,0,1,2,5,294,1.0,2,0.0,1
2026-03-08 00:02:00+00:00,909.529535181441,0,3,0,1,252,1.0,4,0.6666666666666666,0
2026-03-08 00:17:00+00:00,1482.153522680826,0,1,0,1,306,1.0,3,0.0,0
2026-03-08 00:31:00+00:00,4966.7168676168985,1,2,0,1,22,1.0,5,0.5,0
2026-03-08 00:41:00+00:00,722.9317676201505,0,1,0,1,110,1.2468619303123243,4,0.0,0
2026-03-08 00:41:00+00:00,225.09392318812922,0,1,0,1,24,1.0,2,0.0,0
2026-03-08 01:19:00+00:00,647.0141691228584,1,1,0,1,57,1.0,2,0.0,0
2026-03-08 02:53:00+00:00,560.8706319159047,0,4,0,1,176,0.7612467843823518,2,0.75,0
2026-03-08 03:37:00+00:00,112.28139516258051,0,1,0,0,301,1.0,2,0.0,0
2026-03-08 04:30:00+00:00,1031.494920040012,0,1,0,2,183,1.0,1,0.0,0
2026-03-08 04:55:00+00:00,430.8337247285002,0,1,0,2,150,1.0,5,0.0,0
2026-03-08 05:46:00+00:00,1236.5917157117335,1,1,0,2,49,1.0,1,0.0,0
2026-03-08 06:08:00+00:00,390.5891083182571,0,1,0,0,65,1.0,2,0.0,0
2026-03-08 06:19:00+00:00,180.73287198667953,0,1,0,0,137,0.2697418593430147,4,0.0,0
2026-03-08 06:28:00+00:00,42.608291226679924,0,1,0,2,210,1.0,1,0.0,0
2026-03-08 06:57:00+00:00,446.1572257896108,0,1,0,0,308,1.0,3,0.0,0
2026-03-08 07:02:00+00:00,1032.9349697454152,0,1,0,0,346,1.0,3,0.0,0
2026-03-08 07:34:00+00:00,141.1538186086518,0,1,0,0,239,1.0,2,0.0,0
2026-03-08 08:36:00+00:00,493.7440004595419,0,1,0,1,232,0.2474465849790982,2,0.0,0
2026-03-08 08:38:00+00:00,181.70556038415197,0,1,0,2,165,1.0,1,0.0,0
2026-03-08 09:18:00+00:00,264.7945114468201,0,1,0,0,206,1.0,2,0.0,0
2026-03-08 10:25:00+00:00,1224.7602953908952,0,4,0,1,38,1.0,2,0.75,0
2026-03-08 10:27:00+00:00,1511.4604495371543,0,4,0,2,258,1.0,3,0.75,0
2026-03-08 10:33:00+00:00,1780.3790093422822,1,1,0,0,338,1.0,2,0.0,0
2026-03-08 10:47:00+00:00,1797.4267193575758,0,1,0,2,77,2.377267054320822,5,0.0,0
2026-03-08 10:56:00+00:00,299.36739505162035,1,1,0,1,41,0.39774792121363933,2,0.0,0
2026-03-08 12:01:00+00:00,499.6572598919199,1,1,0,0,328,1.0,2,0.0,0
2026-03-08 12:30:00+00:00,455.2532163398365,0,1,0,2,161,1.0,3,0.0,1
2026-03-08 13:32:00+00:00,1401.875600286735,0,3,0,1,81,2.7829548331296663,1,0.6666666666666666,0
2026-03-08 13:44:00+00:00,316.537705814559,0,1,0,1,7,1.0,1,0.0,0
2026-03-08 13:52:00+00:00,350.8266921631725,0,1,0,1,77,1.0,1,0.0,0
2026-03-08 15:25:00+00:00,5119.013447444244,0,1,0,0,179,1.0,3,0.0,0
2026-03-08 15:45:00+00:00,5980.89268569067,0,1,0,3,174,1.0,2,0.0,0
2026-03-08 16:19:00+00:00,523.5250525442779,0,1,0,0,171,1.0,2,0.0,0
2026-03-08 16:44:00+00:00,1035.495027573474,0,1,0,4,132,1.0,3,0.0,0
2026-03-08 16:55:00+00:00,970.8851922590806,1,1,0,0,195,1.0,2,0.0,0
2026-03-08 16:58:00+00:00,2962.409700913039,0,1,0,0,356,1.0,3,0.0,0
2026-03-08 16:59:00+00:00,8297.575449781943,0,1,0,1,262,1.0,1,0.0,0
2026-03-08 17:51:00+00:00,115.03483510695492,1,1,0,2,69,0.15012754347414653,2,0.0,0
2026-03-08 18:23:00+00:00,819.34785429659,0,1,0,0,340,1.0,1,0.0,0
2026-03-08 18:40:00+00:00,251.45583725309135,1,1,0,0,157,1.0,3,0.0,0
2026-03-08 19:33:00+00:00,159.9521487049717,0,1,0,1,312,1.0,1,0.0,0
2026-03-08 20:59:00+00:00,400.7590082420428,0,3,0,2,305,1.0,2,0.6666666666666666,0
2026-03-08 21:47:00+00:00,1145.9625153902166,0,1,0,0,127,1.0,1,0.0,0
2026-03-08 22:22:00+00:00,846.7073861205155,0,1,0,0,276,1.0,2,0.0,0
2026-03-08 22:33:00+00:00,361.67024408435395,0,2,0,1,162,1.0,4,0.5,0
2026-03-08 23:06:00+00:00,103.49985613320973,1,1,0,1,346,1.0,3,0.0,0
2026-03-08 23:32:00+00:00,253.69491597939538,0,4,0,0,41,0.28182921041042397,1,0.75,0
2026-03-08 23:48:00+00:00,802.731643761951,0,4,1,2,252,1.0,3,0.75,1
2026-03-09 00:14:00+00:00,44.41415515107017,0,1,0,1,305,1.0,1,0.0,0
2026-03-09 00:16:00+00:00,171.4655700267553,0,1,0,1,85,0.23698970478719064,2,0.0,0
2026-03-09 00:22:00+00:00,129.16996212269734,0,1,0,0,355,0.1547332429800619,1,0.0,0
2026-03-09 00:36:00+00:00,889.4988078037138,1,1,0,1,4,1.0,5,0.0,0
2026-03-09 02:46:00+00:00,1886.4654066942264,0,1,0,0,174,1.0,1,0.0,0
2026-03-09 02:51:00+00:00,74.23263982277118,0,1,0,1,122,0.114048481233749,2,0.0,0
2026-03-09 04:02:00+00:00,114.08887025974117,1,1,0,1,33,1.0,2,0.0,0
2026-03-09 04:11:00+00:00,80.84104587489428,0,1,0,2,99,1.0,3,0.0,0
2026-03-09 04:21:00+00:00,96.46900161069226,0,1,0,3,198,1.0,2,0.0,0
2026-03-09 04:28:00+00:00,183.96035811512456,0,1,0,2,36,1.0,2,0.0,0
2026-03-09 06:41:00+00:00,1568.5191676558525,0,1,2,1,109,1.0,5,0.0,1
2026-03-09 07:07:00+00:00,1390.6933170038997,1,4,0,1,97,1.8550561709096194,2,0.75,0
2026-03-09 07:50:00+00:00,204.22726184171734,0,3,0,1,150,1.0,4,0.6666666666666666,0
2026-03-09 07:52:00+00:00,342.99702916254097,0,1,0,1,310,1.0,3,0.0,0
2026-03-09 09:44:00+00:00,504.7262914777405,0,1,0,2,182,0.28695715042631714,3,0.0,0
2026-03-09 10:56:00+00:00,330.0780802201349,0,2,0,0,87,0.4186422448661345,3,0.5,0
2026-03-09 11:30:00+00:00,601.0663161285788,0,1,0,0,157,1.0,1,0.0,0
2026-03-09 12:06:00+00:00,133.49910750062287,0,1,0,0,283,1.0,3,0.0,0
2026-03-09 12:39:00+00:00,2691.1005399716314,1,1,0,3,320,1.7273090541882135,2,0.0,0
2026-03-09 12:43:00+00:00,335.60465048028044,0,1,0,1,150,1.0,3,0.0,0
2026-03-09 12:47:00+00:00,1055.810760976609,0,1,0,1,290,1.7589568791177428,2,0.0,0
2026-03-09 14:39:00+00:00,422.659228615166,0,1,0,1,64,1.0,4,0.0,0
2026-03-09 14:47:00+00:00,1402.84039161707,0,1,0,1,2,1.0,2,0.0,0
2026-03-09 15:02:00+00:00,1270.8052692819304,0,1,0,1,20,1.0,2,0.0,0
2026-03-09 15:26:00+00:00,1166.6899587357525,0,1,0,0,313,1.8058379752159226,2,0.0,0
2026-03-09 16:19:00+00:00,2269.3779424955123,0,3,0,0,112,1.0,2,0.6666666666666666,0
2026-03-09 16:22:00+00:00,378.0308013326075,0,2,0,1,189,1.0,2,0.5,0
2026-03-09 16:29:00+00:00,214.5152206452161,0,1,0,0,250,1.0,2,0.0,0
2026-03-09 16:53:00+00:00,2772.782725028099,0,1,0,1,243,1.0,3,0.0,0
2026-03-09 16:53:00+00:00,261.0604253495582,1,1,0,0,143,0.5459501626863487,1,0.0,0
2026-03-09 17:32:00+00:00,193.70080241931547,0,1,0,2,86,1.0,3,0.0,0
2026-03-09 17:37:00+00:00,376.2618923696403,1,1,0,0,302,1.0,5,0.0,0
2026-03-09 17:39:00+00:00,765.1478645549225,0,1,0,1,287,1.0,2,0.0,0
2026-03-09 17:51:00+00:00,261.75500332958046,0,1,0,5,133,1.0,2,0.0,0
2026-03-09 19:04:00+00:00,146.87443378683923,1,1,0,4,271,1.0,3,0.0,0
2026-03-09 19:08:00+00:00,1041.1230854685673,1,1,0,1,58,1.0,2,0.0,0
2026-03-09 19:41:00+00:00,675.2131898046152,1,1,0,1,167,1.0,1,0.0,0
2026-03-09 20:38:00+00:00,1541.9716049155586,1,1,0,2,297,1.0,3,0.0,0
2026-03-09 21:16:00+00:00,752.33131448456,1,1,0,1,234,0.6394337806631067,1,0.0,0
2026-03-09 21:40:00+00:00,2050.800269356186,1,1,0,2,265,1.0,4,0.0,0
2026-03-09 21:59:00+00:00,1327.119013083427,1,1,0,1,344,1.0,4,0.0,1
2026-03-09 22:29:00+00:00,731.1178118144711,0,2,0,2,61,1.6801581231296712,3,0.5,0
2026-03-09 22:52:00+00:00,712.1525838386464,1,1,1,3,94,1.0,2,0.0,1
2026-03-09 23:59:00+00:00,254.10794676258843,1,1,0,0,262,1.0,3,0.0,0
2026-03-10 00:07:00+00:00,588.1433168617739,0,1,0,1,153,1.0,1,0.0,0
2026-03-10 01:20:00+00:00,441.0355710540937,0,1,0,0,32,1.0,3,0.0,0
2026-03-10 02:06:00+00:00,410.9439645946777,1,1,0,1,226,1.0,2,0.0,0
2026-03-10 02:24:00+00:00,216.3615734435572,1,1,2,4,2,1.0,2,0.0,1
2026-03-10 02:26:00+00:00,101.46354033281398,0,1,0,1,310,1.0,2,0.0,0
2026-03-10 04:25:00+00:00,1105.985456648631,0,1,0,1,58,1.2444000218578617,2,0.0,0
2026-03-10 05:14:00+00:00,1823.5582068583335,1,2,0,3,326,1.0,6,0.5,1
2026-03-10 05:53:00+00:00,932.3018800009442,0,1,0,1,145,2.1920475038976144,5,0.0,0
2026-03-10 06:35:00+00:00,646.549230762759,0,1,0,0,49,1.0,3,0.0,0
2026-03-10 06:37:00+00:00,139.05739164969347,0,3,0,1,153,1.0,3,0.6666666666666666,0
2026-03-10 07:44:00+00:00,566.6559665412932,0,1,0,0,75,1.0,4,0.0,0
2026-03-10 07:45:00+00:00,1202.7788534437755,0,1,0,0,26,1.0,2,0.0,0
2026-03-10 08:08:00+00:00,928.1295270295972,0,1,0,0,294,1.0,4,0.0,0
2026-03-10 09:46:00+00:00,288.3191855293594,0,2,1,2,3,1.0,1,0.5,0
2026-03-10 09:51:00+00:00,229.39414634935332,0,2,0,0,71,1.0,1,0.5,0
2026-03-10 10:17:00+00:00,196.32793677363316,0,1,0,3,42,1.0,1,0.0,0
2026-03-10 10:18:00+00:00,271.59980541489085,0,2,0,0,190,1.0,3,0.5,0
2026-03-10 10:20:00+00:00,2150.3514536556722,0,1,0,2,152,1.0,3,0.0,0
2026-03-10 10:55:00+00:00,729.4589184762297,0,2,0,1,108,1.0,3,0.5,0
2026-03-10 11:25:00+00:00,82.73177060742714,0,1,0,0,103,1.0,2,0.0,0
2026-03-10 12:22:00+00:00,350.1441147277865,0,1,0,1,186,0.2320699565727603,2,0.0,0
2026-03-10 12:56:00+00:00,400.6027322337875,1,2,0,5,320,1.0,2,0.5,0
2026-03-10 13:07:00+00:00,542.3173338302299,0,1,0,0,4,1.0,3,0.0,0
2026-03-10 13:23:00+00:00,390.60821803190436,0,1,0,1,214,1.0,3,0.0,0
2026-03-10 14:42:00+00:00,410.8616482261881,0,1,0,0,211,1.0,3,0.0,0
2026-03-10 14:46:00+00:00,2071.2312265956384,0,1,0,3,346,1.0,3,0.0,0
2026-03-10 14:58:00+00:00,106.87082401976825,1,1,0,1,197,1.0,2,0.0,0
2026-03-10 15:23:00+00:00,1375.1988319387817,0,1,0,3,278,1.0,3,0.0,0
2026-03-10 16:54:00+00:00,158.30109515840374,1,1,0,1,91,1.0,2,0.0,0
2026-03-10 16:58:00+00:00,330.2183819826731,0,3,0,0,170,1.0,6,0.6666666666666666,1
2026-03-10 17:30:00+00:00,2588.739506730772,0,1,0,1,119,1.0,3,0.0,0
2026-03-10 17:31:00+00:00,243.1381171404922,1,1,0,0,195,1.0,4,0.0,0
2026-03-10 18:03:00+00:00,532.4601165803901,0,1,0,1,11,1.0,3,0.0,0
2026-03-10 19:11:00+00:00,595.597952641592,0,1,0,0,300,0.7696872992018373,2,0.0,0
2026-03-10 19:23:00+00:00,351.1102214117452,0,3,0,0,100,1.0,3,0.6666666666666666,0
2026-03-10 20:02:00+00:00,224.05012008895923,1,1,0,1,95,1.0,3,0.0,0
2026-03-10 21:34:00+00:00,744.8465113583596,0,1,0,0,345,1.0,1,0.0,0
2026-03-10 21:59:00+00:00,345.3917665520729,0,3,0,0,210,1.0,4,0.6666666666666666,1
2026-03-10 22:04:00+00:00,391.05832947334727,0,1,0,1,357,1.0,3,0.0,0
2026-03-10 22:10:00+00:00,476.2960149483288,1,1,0,1,130,0.8706742480446723,2,0.0,0
2026-03-10 22:30:00+00:00,1464.1844645873202,0,1,0,2,124,1.0,2,0.0,0
2026-03-10 22:40:00+00:00,1596.7481100393338,0,1,0,0,76,1.4308359521291518,1,0.0,0
2026-03-10 22:50:00+00:00,1599.3505945393304,0,1,0,1,35,2.0037638623023337,4,0.0,0
2026-03-10 22:59:00+00:00,434.61901227400165,1,1,0,5,305,1.0,2,0.0,1
2026-03-10 23:19:00+00:00,263.89851719256535,0,1,0,1,259,1.0,2,0.0,0
2026-03-10 23:52:00+00:00,586.3969485799074,1,1,0,0,93,1.0,2,0.0,0
2026-03-11 00:12:00+00:00,224.8046644641657,0,1,0,0,180,1.0,2,0.0,0
2026-03-11 01:21:00+00:00,236.760088068513,1,1,0,1,88,0.31115521794229123,1,0.0,0
2026-03-11 01:48:00+00:00,583.4687768247591,0,1,0,1,336,1.0,3,0.0,0
2026-03-11 01:57:00+00:00,463.20663155580723,0,1,0,1,45,1.0,3,0.0,1
2026-03-11 02:05:00+00:00,186.61450606485812,0,1,0,0,151,1.0,2,0.0,0
2026-03-11 02:45:00+00:00,98.76026308926532,1,1,0,1,175,0.10296133458040664,3,0.0,0
2026-03-11 03:56:00+00:00,208.5597827760693,1,1,0,2,246,1.0,3,0.0,0
2026-03-11 04:16:00+00:00,1134.061288714402,1,1,0,3,319,1.0,4,0.0,0
2026-03-11 05:34:00+00:00,919.1192451104364,0,1,0,0,229,0.5831657290516336,2,0.0,0
2026-03-11 06:44:00+00:00,1522.2839452507496,1,1,0,0,22,1.5888995795036727,1,0.0,0
2026-03-11 08:07:00+00:00,482.2520027907909,0,1,0,2,231,0.7034643281423024,2,0.0,0
2026-03-11 08:13:00+00:00,238.7960306067252,1,1,0,1,341,0.2485799775441015,3,0.0,0
2026-03-11 08:22:00+00:00,2808.2547712060377,0,1,0,1,146,1.0,2,0.0,0
2026-03-11 08:24:00+00:00,1166.6476565967132,1,1,0,3,156,1.0,3,0.0,0
2026-03-11 09:31:00+00:00,313.88786185977386,0,3,0,0,295,1.0,2,0.6666666666666666,0
2026-03-11 10:17:00+00:00,602.5462837803357,0,1,0,1,86,1.0,1,0.0,0
2026-03-11 11:05:00+00:00,1793.9651683929746,0,1,0,1,34,1.0,2,0.0,0
2026-03-11 12:43:00+00:00,227.31561293528534,0,2,0,0,362,1.0,2,0.5,0
2026-03-11 12:48:00+00:00,471.5969072550177,0,1,0,0,189,1.0,1,0.0,0
2026-03-11 13:18:00+00:00,6500.458040142585,1,1,0,0,92,1.0,3,0.0,1
2026-03-11 13:18:00+00:00,1399.906484034489,0,1,0,0,69,1.0,5,0.0,0
2026-03-11 13:27:00+00:00,1169.0886007999297,0,2,0,0,177,1.0,6,0.5,0
2026-03-11 14:35:00+00:00,682.289934827212,0,1,0,0,86,1.159423423944948,4,0.0,0
2026-03-11 15:00:00+00:00,236.49610753713552,1,4,0,0,330,0.27505080122994724,2,0.75,0
2026-03-11 15:40:00+00:00,586.076296939859,1,1,1,3,61,1.0,1,0.0,1
2026-03-11 16:16:00+00:00,1025.8127814688924,1,1,0,0,129,1.0,4,0.0,0
2026-03-11 17:06:00+00:00,1750.903044568248,0,1,0,0,143,2.342469051346967,2,0.0,0
2026-03-11 17:37:00+00:00,370.21442871648134,1,1,0,1,140,1.0,1,0.0,0
2026-03-11 17:37:00+00:00,1058.093089363633,0,1,0,1,44,1.0,3,0.0,0
2026-03-11 17:44:00+00:00,446.78116162704384,0,1,0,0,41,0.8859796019061993,4,0.0,0
2026-03-11 18:34:00+00:00,689.8993123538487,0,1,0,0,244,1.0,4,0.0,0
2026-03-11 18:43:00+00:00,1647.2131300832225,1,3,0,0,147,1.0,2,0.6666666666666666,0
2026-03-11 18:45:00+00:00,155.80566271293483,0,2,0,0,31,1.0,2,0.5,0
2026-03-11 18:57:00+00:00,727.726470669041,1,1,0,1,79,1.0,3,0.0,0
2026-03-11 19:46:00+00:00,247.31949854816287,1,1,0,2,72,0.32918888722925965,2,0.0,0
2026-03-11 20:12:00+00:00,342.8907018582109,0,1,0,3,221,0.8699608803566831,4,0.0,0
2026-03-11 20:28:00+00:00,540.285478840215,0,1,0,2,362,1.0,2,0.0,0
2026-03-11 20:31:00+00:00,165.30826904645764,1,1,0,0,169,1.0,4,0.0,0
2026-03-11 21:05:00+00:00,1089.562094064565,0,1,0,0,57,2.8641907586365396,3,0.0,0
2026-03-11 22:09:00+00:00,194.75604360939215,1,3,0,3,129,1.0,1,0.6666666666666666,0
2026-03-11 22:19:00+00:00,259.5079499853724,1,1,0,1,302,1.0,2,0.0,0
2026-03-11 22:26:00+00:00,1922.0127915807384,1,1,0,1,84,1.0,2,0.0,0
2026-03-11 22:54:00+00:00,1372.4935920365333,0,1,0,0,232,1.0,1,0.0,0
2026-03-11 23:15:00+00:00,729.9955994703537,1,1,0,1,248,0.6182824781254521,1,0.0,0
2026-03-12 00:04:00+00:00,1792.6100426692904,0,1,0,1,246,1.0,4,0.0,0
2026-03-12 00:08:00+00:00,573.347443888199,0,1,0,0,131,1.0,2,0.0,0
2026-03-12 00:19:00+00:00,754.8330984769199,0,1,0,0,97,1.0,3,0.0,0
2026-03-12 00:54:00+00:00,1913.3988112261623,1,3,0,1,67,1.7839003570942296,4,0.6666666666666666,0
2026-03-12 02:02:00+00:00,903.961302851376,0,1,0,1,87,1.0,1,0.0,0
2026-03-12 02:11:00+00:00,34.32219161612464,0,1,0,2,208,0.022915340881757024,2,0.0,0
2026-03-12 03:35:00+00:00,174.21443037987754,0,1,0,1,126,0.14910950948135906,4,0.0,0
2026-03-12 05:21:00+00:00,44.82361622331517,0,1,0,0,350,1.0,2,0.0,0
2026-03-12 05:58:00+00:00,373.2665040490403,0,1,0,3,77,1.0,3,0.0,0
2026-03-12 09:10:00+00:00,1724.943594274587,0,1,1,6,265,1.0,1,0.0,0
2026-03-12 09:18:00+00:00,777.9679165965196,0,1,0,0,8,1.0,3,0.0,0
2026-03-12 09:31:00+00:00,104.79424188131871,1,2,0,2,251,1.0,1,0.5,0
2026-03-12 09:36:00+00:00,309.41221484008344,0,1,0,0,344,1.0,5,0.0,0
2026-03-12 09:47:00+00:00,1883.4780437720885,0,2,0,1,101,1.0,2,0.5,0
2026-03-12 09:58:00+00:00,2727.496214302113,1,1,0,2,251,1.0,2,0.0,0
2026-03-12 10:07:00+00:00,758.6136191152367,0,1,0,1,146,1.0,3,0.0,0
2026-03-12 10:44:00+00:00,136.4036889281823,0,1,0,2,299,1.0,5,0.0,0
2026-03-12 10:59:00+00:00,893.1271367833897,0,1,2,1,16,1.0,2,0.0,1
2026-03-12 11:29:00+00:00,319.4925132642047,0,1,0,0,146,1.0,2,0.0,0
2026-03-12 11:45:00+00:00,485.5046320698824,0,1,0,3,318,0.6627467454476571,2,0.0,0
2026-03-12 12:00:00+00:00,399.39139946100715,0,1,0,2,269,1.0,1,0.0,0
2026-03-12 12:31:00+00:00,164.18575563575195,1,2,0,0,49,1.0,3,0.5,0
2026-03-12 15:32:00+00:00,2102.3586023201483,1,1,0,1,11,1.0,4,0.0,0
2026-03-12 15:35:00+00:00,137.15804307813735,0,1,0,2,156,1.0,1,0.0,0
2026-03-12 15:57:00+00:00,544.616081626596,0,1,0,1,237,1.0,5,0.0,0
2026-03-12 16:39:00+00:00,709.1497943402538,1,3,1,4,224,1.0,4,0.6666666666666666,1
2026-03-12 17:07:00+00:00,162.19713853959902,0,1,0,0,158,1.0,4,0.0,0
2026-03-12 18:14:00+00:00,1133.1680676324638,0,4,0,0,322,1.0,3,0.75,0
2026-03-12 19:08:00+00:00,52.894739105152766,0,2,0,3,333,1.0,1,0.5,0
2026-03-12 19:28:00+00:00,611.8284830163117,0,4,0,3,192,1.2514916797050828,3,0.75,0
2026-03-12 19:59:00+00:00,754.5723536909678,0,1,0,1,179,1.0,5,0.0,0
2026-03-12 21:12:00+00:00,708.6921016074662,0,1,0,2,244,1.0,2,0.0,0
2026-03-12 22:33:00+00:00,391.64838518049305,0,1,0,1,47,1.0,2,0.0,0
2026-03-12 22:46:00+00:00,1008.5471623107358,0,4,0,1,88,1.0,2,0.75,0
2026-03-12 23:12:00+00:00,510.133352139251,0,1,0,1,105,0.5559244920084242,3,0.0,0
2026-03-12 23:21:00+00:00,330.00953137284785,0,1,0,0,137,1.0,4,0.0,0
2026-03-12 23:59:00+00:00,247.21970295913633,0,4,0,2,319,1.0,3,0.75,0
2026-03-13 01:26:00+00:00,1243.6044387480588,0,1,0,0,203,1.0,2,0.0,0
2026-03-13 02:04:00+00:00,6936.961078852196,0,1,0,2,93,1.0,3,0.0,0
2026-03-13 02:31:00+00:00,282.6831861031398,0,1,0,1,55,0.39415507979291775,1,0.0,0
2026-03-13 02:35:00+00:00,3810.727038093167,0,1,0,0,71,1.0,4,0.0,0
2026-03-13 02:52:00+00:00,709.6286842873786,0,1,0,0,162,0.5908899970235749,4,0.0,0
2026-03-13 02:53:00+00:00,506.28651278158395,0,1,0,0,196,1.0,3,0.0,0
2026-03-13 02:56:00+00:00,601.3469190353982,0,1,0,3,290,0.7474765439297166,2,0.0,0
2026-03-13 03:01:00+00:00,1251.8105402587641,0,2,0,1,84,1.0,2,0.5,0
2026-03-13 03:51:00+00:00,1028.9377521402216,0,1,0,0,42,2.3279644727204154,4,0.0,0
2026-03-13 03:56:00+00:00,487.59808023932777,0,1,0,1,296,0.45305818571733963,1,0.0,0
2026-03-13 03:58:00+00:00,240.04345469841388,0,1,0,0,308,1.0,1,0.0,0
2026-03-13 04:08:00+00:00,188.2432966217921,0,1,0,2,285,0.19870654754545472,1,0.0,0
2026-03-13 04:19:00+00:00,250.9558823774074,0,3,0,2,86,1.0,4,0.6666666666666666,0
2026-03-13 04:57:00+00:00,574.5612487494186,0,3,0,1,150,1.355120557910197,4,0.6666666666666666,0
2026-03-13 05:12:00+00:00,162.92364706709225,0,1,0,1,357,0.2368418578210775,5,0.0,0
2026-03-13 05:26:00+00:00,261.79916614335764,0,1,0,0,304,1.0,2,0.0,0
2026-03-13 06:38:00+00:00,1085.0539692517812,1,1,0,0,244,1.0,4,0.0,0
2026-03-13 06:54:00+00:00,211.2133052054165,1,1,1,2,339,1.0,3,0.0,1
2026-03-13 06:58:00+00:00,935.3181936326614,1,1,0,0,82,1.0,2,0.0,1
2026-03-13 08:27:00+00:00,1820.4046645059602,1,1,0,0,102,1.0,3,0.0,0
2026-03-13 09:00:00+00:00,1137.9884039271283,0,1,0,0,157,1.0,3,0.0,0
2026-03-13 09:15:00+00:00,425.9023074501894,0,1,0,1,249,0.28214731741605237,4,0.0,0
2026-03-13 09:31:00+00:00,1476.1420331621243,0,2,0,1,188,1.0,4,0.5,0
2026-03-13 09:48:00+00:00,926.4493237602666,0,3,1,4,123,1.0,5,0.6666666666666666,0
2026-03-13 09:54:00+00:00,246.76139927345116,0,4,0,2,289,1.0,2,0.75,0
2026-03-13 10:37:00+00:00,1332.6172833636258,0,1,0,0,77,1.0,2,0.0,0
2026-03-13 11:32:00+00:00,257.99812983666044,0,1,0,1,187,1.0,2,0.0,0
2026-03-13 11:46:00+00:00,1071.0633874211894,1,1,0,1,191,1.0,2,0.0,0
2026-03-13 11:51:00+00:00,4904.312292047183,0,1,0,1,305,1.0,5,0.0,0
2026-03-13 12:14:00+00:00,324.87061247183317,1,1,0,1,48,0.8698186181565124,2,0.0,1
2026-03-13 12:19:00+00:00,846.8062502048638,1,1,0,0,205,1.0946530579313678,4,0.0,1
2026-03-13 12:42:00+00:00,448.08445971837585,0,1,0,1,332,0.6785979134089168,3,0.0,0
2026-03-13 13:01:00+00:00,209.11634932512078,1,1,0,1,78,1.0,2,0.0,0
2026-03-13 14:08:00+00:00,839.4722826184944,1,1,0,2,152,1.0,2,0.0,0
2026-03-13 14:27:00+00:00,221.79979384155553,0,1,0,1,213,1.0,4,0.0,0
2026-03-13 14:39:00+00:00,155.90082308323795,0,1,0,2,207,1.0,2,0.0,0
2026-03-13 15:05:00+00:00,218.62231771015874,0,1,0,0,188,0.3361819684170767,3,0.0,0
2026-03-13 15:10:00+00:00,209.82015271013017,0,1,0,2,354,0.17014340532016922,1,0.0,0
2026-03-13 16:15:00+00:00,1365.0096152538044,1,1,0,0,129,1.0,3,0.0,0
2026-03-13 16:35:00+00:00,89.88029171764838,1,1,0,2,18,0.17092708877111035,6,0.0,0
2026-03-13 17:46:00+00:00,1410.6664481967973,0,1,0,1,57,1.0,7,0.0,0
2026-03-13 18:35:00+00:00,3842.2683824050023,1,4,0,0,321,1.0,1,0.75,1
2026-03-13 19:29:00+00:00,1058.0425784698907,0,1,0,0,244,1.4373112843162634,2,0.0,0
2026-03-13 20:23:00+00:00,71.70559196781882,0,1,0,0,246,1.0,4,0.0,0
2026-03-13 20:35:00+00:00,664.2701546558524,1,1,0,1,269,1.0,5,0.0,0
2026-03-13 20:41:00+00:00,943.1179945112525,1,1,0,0,8,1.0,3,0.0,1
2026-03-13 21:09:00+00:00,449.8838961997396,0,1,0,0,76,1.0,3,0.0,0
2026-03-13 21:33:00+00:00,2614.000776818221,0,1,0,3,144,1.0,2,0.0,0
2026-03-13 21:35:00+00:00,774.4337205853395,0,1,0,2,219,1.0,2,0.0,0
2026-03-13 21:47:00+00:00,474.9929702117973,0,1,0,0,358,1.0,1,0.0,0
2026-03-13 22:05:00+00:00,782.9617671329726,1,1,0,0,362,1.0,1,0.0,0
2026-03-13 22:19:00+00:00,689.5788755079241,0,1,0,3,224,1.0,3,0.0,0
2026-03-13 22:42:00+00:00,248.48286338865304,1,3,0,0,343,0.2605749200820109,3,0.6666666666666666,0
2026-03-13 22:59:00+00:00,1782.283117504778,0,1,0,0,120,1.0,3,0.0,0
2026-03-13 23:07:00+00:00,953.9868254599749,0,1,0,0,161,1.0,2,0.0,0
2026-03-14 01:11:00+00:00,692.2876149938219,0,1,0,1,97,1.0,4,0.0,0
2026-03-14 01:40:00+00:00,1158.476434157582,0,1,1,4,54,1.3525493911857438,1,0.0,1
2026-03-14 02:44:00+00:00,1506.2880523380263,0,1,0,2,268,1.5653691362412374,4,0.0,0
2026-03-14 02:50:00+00:00,371.3893569305464,0,1,0,3,245,1.0,1,0.0,0
2026-03-14 03:03:00+00:00,548.7471250852583,0,2,0,0,171,1.0,1,0.5,0
2026-03-14 03:04:00+00:00,639.8303722377198,0,1,0,0,356,1.0,4,0.0,0
2026-03-14 03:29:00+00:00,3039.8595981041876,1,1,0,1,351,1.0,4,0.0,0
2026-03-14 03:32:00+00:00,332.3059112165285,1,1,0,1,329,1.0,4,0.0,0
2026-03-14 03:55:00+00:00,594.8160380073483,0,1,0,2,45,1.0,1,0.0,0
2026-03-14 04:00:00+00:00,507.98468370566667,0,1,0,3,42,0.7671444663247173,2,0.0,0
2026-03-14 05:06:00+00:00,2567.315828945339,0,1,0,1,240,4.770194627429301,3,0.0,0
2026-03-14 06:21:00+00:00,802.6848046291918,0,1,0,1,260,1.0,2,0.0,0
2026-03-14 06:45:00+00:00,224.77969230566586,0,1,0,0,20,1.0,2,0.0,0
2026-03-14 06:52:00+00:00,108.43333090561879,0,3,0,1,119,0.5027626983715833,3,0.6666666666666666,0
2026-03-14 07:26:00+00:00,1045.2673044415803,0,3,0,1,50,1.0,2,0.6666666666666666,0
2026-03-14 07:27:00+00:00,485.47560323054137,0,1,0,1,230,1.0,2,0.0,0
2026-03-14 07:31:00+00:00,167.37020500322546,0,2,0,2,189,1.0,2,0.5,0
2026-03-14 07:35:00+00:00,516.6434617836674,0,1,0,1,327,1.0,1,0.0,0
2026-03-14 07:43:00+00:00,419.3158507284107,0,1,1,1,257,0.2539155958203985,1,0.0,0
2026-03-14 08:20:00+00:00,274.3960810438262,0,3,0,1,315,1.0,2,0.6666666666666666,0
2026-03-14 08:26:00+00:00,1437.3206211258491,0,1,0,0,323,1.0,1,0.0,0
2026-03-14 08:28:00+00:00,1994.3950457581404,0,1,0,0,42,1.0,1,0.0,0
2026-03-14 08:35:00+00:00,340.2091677829403,0,4,0,0,85,1.0,3,0.75,1
2026-03-14 08:51:00+00:00,503.05376500045236,0,1,0,1,295,1.0,1,0.0,0
2026-03-14 08:55:00+00:00,1667.0064753450515,0,1,0,2,64,1.0,5,0.0,0
2026-03-14 10:12:00+00:00,1574.9613183382642,0,1,0,0,62,1.0,4,0.0,0
2026-03-14 12:28:00+00:00,209.82401454598414,0,1,0,1,301,1.0,2,0.0,0
2026-03-14 13:10:00+00:00,365.0165642639269,1,1,0,0,282,1.0,4,0.0,0
2026-03-14 13:28:00+00:00,107.48303376822054,1,1,0,1,196,0.1367837853188731,2,0.0,0
2026-03-14 14:17:00+00:00,719.9799125657537,0,1,0,1,289,1.0,3,0.0,0
2026-03-14 14:35:00+00:00,850.7116650116063,1,1,0,1,193,0.9138490269186551,3,0.0,0
2026-03-14 14:53:00+00:00,1385.3828322034021,0,1,1,2,209,1.0,4,0.0,0
2026-03-14 14:56:00+00:00,551.9075868604531,1,1,0,1,129,0.38118470912872976,1,0.0,0
2026-03-14 15:12:00+00:00,763.8791568265509,0,2,0,0,343,1.0,3,0.5,0
2026-03-14 15:21:00+00:00,1253.1538826955762,0,1,0,0,213,1.0,3,0.0,0
2026-03-14 15:21:00+00:00,418.396610082541,0,4,0,2,304,0.324583868771108,4,0.75,0
2026-03-14 16:07:00+00:00,887.9398953847054,1,1,0,3,254,1.0,1,0.0,0
2026-03-14 16:08:00+00:00,393.7489423685085,1,1,0,1,132,1.0,5,0.0,0
2026-03-14 16:32:00+00:00,74.71893144808712,1,1,0,0,344,0.1443194483076126,2,0.0,0
2026-03-14 16:57:00+00:00,138.6124329040785,0,1,0,2,54,1.0,4,0.0,0
2026-03-14 17:00:00+00:00,893.0848896813679,0,2,0,2,354,1.0947466862112727,5,0.5,0
2026-03-14 17:33:00+00:00,234.1894202949274,0,4,0,3,257,1.0,3,0.75,0
2026-03-14 18:37:00+00:00,342.05378638817473,1,1,0,2,228,1.0,3,0.0,0
2026-03-14 19:04:00+00:00,4123.149465939992,0,1,0,0,3,1.0,3,0.0,0
2026-03-14 19:23:00+00:00,230.7767631212317,0,1,0,0,159,1.0,5,0.0,0
2026-03-14 20:47:00+00:00,2613.854028002261,1,2,0,2,194,1.0,3,0.5,1
2026-03-14 23:12:00+00:00,353.5068658395576,0,2,0,0,108,1.0,2,0.5,0
2026-03-14 23:51:00+00:00,737.5463256013977,0,1,0,1,33,1.0,1,0.0,0
2026-03-15 00:33:00+00:00,330.1984454178247,1,1,0,0,192,0.45761371058781947,6,0.0,0
2026-03-15 01:05:00+00:00,208.70000810235268,0,1,0,1,85,1.0,3,0.0,0
2026-03-15 01:06:00+00:00,335.4643464993598,0,1,0,1,16,1.0,4,0.0,0
2026-03-15 01:39:00+00:00,9628.162023808112,0,1,0,1,347,1.0,1,0.0,0
2026-03-15 01:48:00+00:00,308.7271822528786,1,1,0,1,69,1.0,1,0.0,0
2026-03-15 03:15:00+00:00,1499.7185493250277,0,1,0,1,15,1.0,3,0.0,0
2026-03-15 04:13:00+00:00,394.38873809599266,0,1,0,3,323,1.0,2,0.0,0
2026-03-15 04:26:00+00:00,376.9677940284188,1,1,0,2,226,0.22168576241367313,3,0.0,0
2026-03-15 04:40:00+00:00,180.39770481677394,1,3,0,1,216,1.0,3,0.6666666666666666,1
2026-03-15 04:50:00+00:00,358.639253756966,1,1,0,2,4,0.22550044183711188,3,0.0,0
2026-03-15 05:03:00+00:00,569.6647216822067,0,1,1,3,68,1.0,2,0.0,0
2026-03-15 05:12:00+00:00,643.5615843124745,0,1,0,3,202,1.0,3,0.0,0
2026-03-15 05:13:00+00:00,366.16804795405733,0,1,0,1,152,0.20982793262974397,3,0.0,0
2026-03-15 05:48:00+00:00,356.4031993548992,1,1,0,5,165,0.6382243835812557,3,0.0,1
2026-03-15 06:29:00+00:00,1145.05411005128,0,1,0,0,339,0.7160044789088327,1,0.0,0
2026-03-15 07:30:00+00:00,371.42021064739333,0,1,0,2,124,1.0,3,0.0,0
2026-03-15 07:33:00+00:00,518.6747333006052,0,3,0,2,226,1.0,2,0.6666666666666666,0
2026-03-15 09:22:00+00:00,105.93575839873765,0,1,0,1,136,0.17605549537549503,5,0.0,0
2026-03-15 09:26:00+00:00,223.37632237446147,0,1,0,2,109,1.0,1,0.0,0
2026-03-15 09:26:00+00:00,1615.182259922401,1,4,0,2,275,1.0,3,0.75,0
2026-03-15 10:03:00+00:00,2570.999610553611,0,1,0,0,339,1.0,1,0.0,0
2026-03-15 10:16:00+00:00,7939.81793757342,1,1,0,0,118,14.313858084457776,1,0.0,0
2026-03-15 11:07:00+00:00,347.65188378974005,0,1,0,1,334,1.0,2,0.0,1
2026-03-15 11:43:00+00:00,307.22915669555556,0,2,0,1,275,0.5130676117293512,1,0.5,0
2026-03-15 12:08:00+00:00,89.98444949347115,0,1,0,0,144,1.0,2,0.0,0
2026-03-15 12:24:00+00:00,264.29641333275265,0,1,0,2,194,1.0,1,0.0,0
2026-03-15 12:38:00+00:00,673.720065464079,0,1,0,0,226,1.0,4,0.0,0
2026-03-15 13:24:00+00:00,178.5199571112775,1,1,0,2,270,1.0,6,0.0,0
2026-03-15 13:28:00+00:00,317.74692121547605,0,1,0,1,183,1.0,3,0.0,0
2026-03-15 13:35:00+00:00,1803.1431921737476,1,1,0,1,61,1.0,7,0.0,1
2026-03-15 13:40:00+00:00,582.0125102816742,0,1,0,1,199,1.0,4,0.0,0
2026-03-15 13:47:00+00:00,443.31738266953886,0,1,0,2,185,0.48315651868775655,1,0.0,0
2026-03-15 14:17:00+00:00,258.2562654793232,1,1,0,1,317,1.0,3,0.0,0
2026-03-15 14:22:00+00:00,6720.171853664322,1,3,0,2,321,1.0,3,0.6666666666666666,0
2026-03-15 14:23:00+00:00,567.5203425617198,0,1,0,0,12,1.0,3,0.0,0
2026-03-15 15:02:00+00:00,147.28448741013057,1,1,0,2,179,1.0,2,0.0,0
2026-03-15 16:00:00+00:00,2108.040569060326,0,1,0,1,333,1.0,2,0.0,0
2026-03-15 16:01:00+00:00,450.32681989671147,0,2,0,1,44,1.0,1,0.5,0
2026-03-15 16:22:00+00:00,129.16877620366884,0,1,0,2,234,1.0,4,0.0,0
2026-03-15 16:41:00+00:00,854.7363126277231,1,1,0,1,302,0.8043568003344705,1,0.0,0
2026-03-15 16:53:00+00:00,62.189534400813514,0,1,0,1,135,1.0,1,0.0,0
2026-03-15 17:07:00+00:00,1131.201519597237,1,1,0,0,355,1.0,3,0.0,0
2026-03-15 17:30:00+00:00,575.3783975915503,1,1,0,1,10,1.0,2,0.0,0
2026-03-15 18:39:00+00:00,1092.6493348844726,0,1,0,0,283,1.0,3,0.0,0
2026-03-15 18:42:00+00:00,359.1393279608567,0,1,0,1,196,0.4375337617800649,4,0.0,0
2026-03-15 18:44:00+00:00,339.0876842829221,1,1,0,0,326,1.0,4,0.0,0
2026-03-15 19:37:00+00:00,298.28439208835437,1,2,0,2,167,1.0,3,0.5,0
2026-03-15 19:51:00+00:00,340.60991219409567,0,1,0,1,190,0.2855769475030894,3,0.0,0
2026-03-15 20:59:00+00:00,340.5273926158178,0,1,0,3,111,1.0,2,0.0,0
2026-03-15 21:30:00+00:00,68.53115219274704,1,1,0,2,197,1.0,1,0.0,0
2026-03-15 22:24:00+00:00,931.7574923709357,0,1,0,1,212,1.0,4,0.0,0
2026-03-15 22:31:00+00:00,549.4569367960546,1,1,0,0,44,1.0,3,0.0,0
2026-03-15 23:30:00+00:00,524.2008972519353,0,1,0,0,325,1.0,3,0.0,1
2026-03-15 23:38:00+00:00,482.3881787561576,1,1,0,1,29,1.0,1,0.0,0
2026-03-16 00:41:00+00:00,47.76799107398862,0,1,0,1,359,0.09377840573415341,2,0.0,0
2026-03-16 00:51:00+00:00,295.2834991132,1,1,0,3,104,0.29156291711554294,3,0.0,0
2026-03-16 03:08:00+00:00,900.0990998198633,0,1,0,2,166,1.0,3,0.0,0
2026-03-16 03:12:00+00:00,667.5876898099192,1,1,0,0,318,1.0,2,0.0,0
2026-03-16 04:33:00+00:00,1428.2191459905257,0,1,0,3,281,1.0,4,0.0,0
2026-03-16 05:24:00+00:00,339.4454126137923,1,1,0,1,235,1.0,3,0.0,0
2026-03-16 05:38:00+00:00,136.25020860958125,0,1,0,3,331,1.0,2,0.0,0
2026-03-16 06:48:00+00:00,4297.4455872795315,0,2,0,1,10,1.0,2,0.5,0
2026-03-16 07:29:00+00:00,1180.7016861044658,0,1,0,2,146,0.8389174294159245,5,0.0,0
2026-03-16 08:01:00+00:00,964.6687201072324,0,1,0,0,229,1.0,5,0.0,0
2026-03-16 08:04:00+00:00,2397.9441840653803,1,1,0,1,137,1.0,3,0.0,0
2026-03-16 08:11:00+00:00,267.79464865315725,0,1,0,0,8,1.0,3,0.0,0
2026-03-16 08:19:00+00:00,861.907869652893,0,1,0,1,338,1.0,2,0.0,0
2026-03-16 08:52:00+00:00,2188.3591547536066,1,1,0,2,129,1.0,4,0.0,0
2026-03-16 08:56:00+00:00,1244.0878304538323,0,1,0,5,304,1.0,2,0.0,0
2026-03-16 09:57:00+00:00,2457.978793199143,0,1,0,0,54,1.9263672585161877,3,0.0,0
2026-03-16 11:08:00+00:00,861.3526038143768,0,1,0,1,160,0.7716145496831633,5,0.0,0
2026-03-16 11:17:00+00:00,585.6546246509296,0,1,0,0,260,1.0,4,0.0,0
2026-03-16 12:13:00+00:00,422.3669423167112,0,1,0,0,179,0.6108973719718963,2,0.0,0
2026-03-16 12:45:00+00:00,320.8502490338725,0,1,0,1,75,0.5260850201689684,3,0.0,1
2026-03-16 12:58:00+00:00,259.34360687998344,1,1,0,1,289,0.283528314517831,5,0.0,0
2026-03-16 13:17:00+00:00,1408.5471613724076,0,1,0,1,48,3.149254840256437,3,0.0,0
2026-03-16 14:41:00+00:00,325.89965121801936,0,1,0,2,300,1.0,3,0.0,0
2026-03-16 14:49:00+00:00,404.3887769045525,0,1,0,2,361,0.43499234839304063,2,0.0,0
2026-03-16 14:50:00+00:00,1183.2067171553322,0,3,0,3,90,1.0,3,0.6666666666666666,0
2026-03-16 15:47:00+00:00,378.2848896683414,1,1,0,1,213,0.2846594903850369,1,0.0,0
2026-03-16 15:52:00+00:00,591.4062623345552,1,1,0,0,210,1.0,2,0.0,0
2026-03-16 16:02:00+00:00,192.98238895000836,0,1,0,1,61,1.0,2,0.0,0
2026-03-16 16:04:00+00:00,293.6022225757646,1,2,1,9,50,1.0,1,0.5,1
2026-03-16 16:19:00+00:00,1535.8333108298407,0,1,0,1,273,1.0,1,0.0,0
2026-03-16 16:53:00+00:00,1321.7235264101646,0,1,0,3,316,1.1078056653087307,3,0.0,0
2026-03-16 17:04:00+00:00,119.40463838491556,0,4,0,2,362,1.0,2,0.75,0
2026-03-16 17:35:00+00:00,1252.280836101646,0,1,0,1,125,5.92240466981508,2,0.0,0
2026-03-16 18:29:00+00:00,260.3081356412844,0,1,0,1,345,1.0,2,0.0,0
2026-03-16 19:24:00+00:00,1101.6168736878908,0,2,0,1,354,1.0,4,0.5,0
2026-03-16 20:19:00+00:00,274.22045302305895,0,1,1,0,348,1.0,1,0.0,0
2026-03-16 20:31:00+00:00,1527.5163840320342,1,1,0,4,85,1.0,5,0.0,0
2026-03-16 20:32:00+00:00,827.3453199522078,0,1,0,0,302,1.0,5,0.0,0
2026-03-16 20:40:00+00:00,656.6976228478682,1,1,0,1,102,1.0,5,0.0,0
2026-03-16 23:27:00+00:00,551.4888028879541,0,1,0,0,162,1.0,2,0.0,0
2026-03-16 23:31:00+00:00,1248.2561434113811,0,3,0,1,148,1.0,2,0.6666666666666666,0
2026-03-17 00:07:00+00:00,1038.8462116133994,0,1,0,1,9,1.0,3,0.0,0
2026-03-17 00:42:00+00:00,292.355956146197,1,1,0,1,281,0.6950384223757988,5,0.0,1
2026-03-17 00:48:00+00:00,256.01770973852206,1,1,0,1,175,0.7281410024493425,2,0.0,0
2026-03-17 01:13:00+00:00,196.39857133414677,0,1,0,1,218,1.0,2,0.0,0
2026-03-17 01:39:00+00:00,3487.696730907517,0,1,0,2,76,1.0,5,0.0,1
2026-03-17 01:57:00+00:00,53.7274743096562,1,3,1,4,81,1.0,5,0.6666666666666666,1
2026-03-17 02:05:00+00:00,297.77063916789723,1,1,0,1,148,1.0,5,0.0,0
2026-03-17 03:19:00+00:00,120.74661166908223,0,1,0,4,185,1.0,4,0.0,0
2026-03-17 03:32:00+00:00,1955.046475280392,0,1,2,3,281,1.0,2,0.0,1
2026-03-17 03:57:00+00:00,772.6583800498863,0,3,0,2,167,1.0324715055885352,5,0.6666666666666666,0
2026-03-17 04:01:00+00:00,914.6203815864338,0,4,0,1,280,1.0,5,0.75,1
2026-03-17 04:15:00+00:00,287.32662276762,1,2,0,0,254,1.0,2,0.5,0
2026-03-17 04:15:00+00:00,443.9300143844343,0,1,0,0,356,1.0,1,0.0,0
2026-03-17 04:57:00+00:00,229.90486503819852,1,1,0,1,361,0.4746901157132518,1,0.0,0
2026-03-17 07:23:00+00:00,73.83778790548104,0,3,1,3,134,1.0,4,0.6666666666666666,0
2026-03-17 09:01:00+00:00,353.06129339217273,0,1,0,0,122,1.0,1,0.0,0
2026-03-17 10:11:00+00:00,336.503723837387,0,1,0,0,85,1.0,1,0.0,0
2026-03-17 10:12:00+00:00,481.81482109331205,0,1,0,4,76,0.7623145811517299,2,0.0,0
2026-03-17 10:54:00+00:00,97.22962917880645,0,1,0,2,254,1.0,3,0.0,0
2026-03-17 11:24:00+00:00,4016.5214999152245,0,4,0,1,91,1.0,1,0.75,0
2026-03-17 12:01:00+00:00,447.8161825718815,1,1,0,0,63,1.0,5,0.0,0
2026-03-17 12:10:00+00:00,168.19284494185735,1,1,0,1,125,1.0,2,0.0,0
2026-03-17 12:17:00+00:00,409.39209771493734,0,1,0,1,300,1.0,5,0.0,0
2026-03-17 12:55:00+00:00,916.7421916716235,0,1,0,2,210,1.0,2,0.0,0
2026-03-17 12:57:00+00:00,302.04626973926133,0,1,0,0,198,0.3753764934567346,3,0.0,0
2026-03-17 13:55:00+00:00,186.54988599680362,0,4,1,2,254,1.0,2,0.75,0
2026-03-17 14:32:00+00:00,394.70957269625393,0,1,0,2,148,0.3796872521639578,2,0.0,1
2026-03-17 15:40:00+00:00,1755.7618729802991,0,1,0,2,345,1.0,4,0.0,0
2026-03-17 15:44:00+00:00,685.3116784593415,1,4,0,1,144,1.0,2,0.75,1
2026-03-17 15:46:00+00:00,604.6488765536383,0,1,0,1,346,1.0,4,0.0,0
2026-03-17 16:57:00+00:00,224.75134444633102,1,2,0,0,257,1.0,2,0.5,0
2026-03-17 17:08:00+00:00,730.448700465797,0,1,0,3,29,0.9367201200581914,2,0.0,0
2026-03-17 17:59:00+00:00,2009.6162086403356,1,1,0,1,81,1.0,6,0.0,1
2026-03-17 18:04:00+00:00,779.6246916459547,0,1,0,1,280,1.0,3,0.0,1
2026-03-17 18:21:00+00:00,579.9058942401917,1,2,0,0,32,1.0,2,0.5,0
2026-03-17 19:22:00+00:00,212.89976267780958,0,1,0,5,66,1.0,2,0.0,0
2026-03-17 21:04:00+00:00,1009.7236474933115,0,1,0,0,169,2.475131503376003,5,0.0,0
2026-03-17 22:01:00+00:00,535.6389394324527,0,1,0,1,91,0.45230878374610906,3,0.0,0
2026-03-17 22:11:00+00:00,999.2660834592835,0,4,0,0,7,2.048759089388411,3,0.75,0
2026-03-17 22:53:00+00:00,1249.2935908010031,1,1,0,1,345,4.552488892476074,2,0.0,0
2026-03-17 23:01:00+00:00,241.74738707430268,0,3,0,0,262,1.0,3,0.6666666666666666,0
2026-03-17 23:04:00+00:00,471.48905405428036,1,1,0,1,182,0.4053885189123036,2,0.0,0
2026-03-17 23:08:00+00:00,1426.3974973988174,0,4,0,2,222,1.6830206372710306,1,0.75,0
2026-03-17 23:08:00+00:00,380.5518805823033,0,1,0,1,91,1.0,2,0.0,0
2026-03-17 23:50:00+00:00,199.54887390146854,0,1,2,3,120,1.0,2,0.0,0
2026-03-18 01:25:00+00:00,1410.963055853633,0,1,0,0,24,1.0,6,0.0,0
2026-03-18 01:56:00+00:00,440.1438306738226,0,1,0,2,360,1.0,3,0.0,0
2026-03-18 02:15:00+00:00,890.1505512807355,0,1,0,1,81,1.0,2,0.0,0
2026-03-18 04:08:00+00:00,218.44833392102188,0,1,0,2,122,0.4759204961152761,3,0.0,0
2026-03-18 05:11:00+00:00,214.22162667678265,0,1,0,1,107,1.0,1,0.0,0
2026-03-18 05:16:00+00:00,106.98925061243516,0,2,0,1,182,1.0,2,0.5,0
2026-03-18 05:27:00+00:00,544.5302517867515,0,1,0,1,117,1.0,1,0.0,0
2026-03-18 05:39:00+00:00,396.9916541260477,0,1,0,1,94,1.0,3,0.0,0
2026-03-18 06:14:00+00:00,85.38190488669443,0,2,0,2,258,1.0,3,0.5,0
2026-03-18 06:34:00+00:00,385.5392872824682,0,1,0,0,191,1.0,4,0.0,0
2026-03-18 06:47:00+00:00,916.3093456422209,1,1,0,0,83,1.5671428831486351,2,0.0,0
2026-03-18 07:03:00+00:00,841.1216456574041,1,1,0,0,261,1.0,4,0.0,0
2026-03-18 07:16:00+00:00,1792.5749901939444,0,1,0,1,364,1.9489063317778867,1,0.0,0
2026-03-18 08:00:00+00:00,627.4154548805456,1,1,0,0,105,0.9060997377769333,2,0.0,0
2026-03-18 08:15:00+00:00,163.5637812557706,1,1,0,2,356,1.0,1,0.0,0
2026-03-18 08:25:00+00:00,1202.2412576077425,0,1,0,1,225,1.0,2,0.0,0
2026-03-18 09:16:00+00:00,158.13090073679817,0,1,0,0,292,1.0,4,0.0,0
2026-03-18 09:37:00+00:00,66.86132733591678,0,2,0,2,77,1.0,2,0.5,0
2026-03-18 09:54:00+00:00,153.01435239587948,0,1,0,1,198,1.0,4,0.0,0
2026-03-18 10:38:00+00:00,1691.1721584783515,0,1,0,0,311,1.0,1,0.0,0
2026-03-18 10:44:00+00:00,279.358659626405,1,1,0,1,346,1.0,1,0.0,0
2026-03-18 10:51:00+00:00,233.9223302077303,0,1,0,1,91,0.30354158882190363,2,0.0,0
2026-03-18 11:00:00+00:00,481.47492894103425,1,1,0,1,115,1.0,3,0.0,0
2026-03-18 11:14:00+00:00,1518.8633166736204,0,1,0,1,227,1.0,5,0.0,0
2026-03-18 11:30:00+00:00,572.529925163091,0,1,0,0,301,1.0,4,0.0,0
2026-03-18 11:33:00+00:00,1215.119409214714,0,1,0,2,303,1.02358110241811,3,0.0,0
2026-03-18 11:55:00+00:00,2226.2803493815945,0,1,0,0,349,2.7365109743997214,2,0.0,0
2026-03-18 12:00:00+00:00,1485.4800876852491,0,2,0,3,162,1.0,1,0.5,0
2026-03-18 12:08:00+00:00,807.0800886721822,1,1,0,2,347,1.056862349771833,1,0.0,0
2026-03-18 12:09:00+00:00,497.85863453158817,0,1,0,0,331,1.0,4,0.0,0
2026-03-18 12:38:00+00:00,399.56886254988524,1,1,0,0,249,1.0,2,0.0,0
2026-03-18 13:48:00+00:00,424.1932898381,1,1,0,1,126,0.454635151303262,1,0.0,0
2026-03-18 14:10:00+00:00,277.84591982650403,0,1,0,1,156,0.31739706655092387,3,0.0,0
2026-03-18 15:21:00+00:00,986.1201104438089,0,1,0,1,173,1.0,4,0.0,0
2026-03-18 16:48:00+00:00,1383.2878111974355,0,1,1,5,319,1.0,1,0.0,0
2026-03-18 17:29:00+00:00,591.9776983197394,0,3,0,5,306,1.0,2,0.6666666666666666,1
2026-03-18 17:34:00+00:00,253.46305943375592,0,1,0,0,95,1.0,2,0.0,0
2026-03-18 20:01:00+00:00,401.11588014043673,1,1,0,3,133,1.0,4,0.0,0
2026-03-18 20:19:00+00:00,454.035456699427,0,1,0,2,326,0.764582788528232,3,0.0,0
2026-03-18 20:37:00+00:00,3246.294960145765,0,1,0,1,296,3.224412420299177,4,0.0,0
2026-03-18 20:47:00+00:00,1404.8597183230681,1,1,0,2,318,1.0,4,0.0,0
2026-03-18 22:16:00+00:00,763.8616415465816,1,2,0,2,268,1.0,1,0.5,0
2026-03-18 22:17:00+00:00,787.6098733523991,0,1,1,4,295,1.0,3,0.0,1
2026-03-19 01:04:00+00:00,982.5864682545154,0,1,0,1,361,1.0,3,0.0,0
2026-03-19 01:17:00+00:00,255.79707325195528,1,1,0,0,270,1.0,5,0.0,0
2026-03-19 01:26:00+00:00,108.10821641928439,1,1,0,1,112,0.08621948111458252,1,0.0,0
2026-03-19 01:46:00+00:00,2208.1485345642404,0,2,0,1,363,1.0,4,0.5,0
2026-03-19 02:22:00+00:00,690.8123107027519,0,1,0,1,42,1.0,1,0.0,0
2026-03-19 02:23:00+00:00,1629.088339634766,0,1,0,2,91,1.0,4,0.0,0
2026-03-19 02:23:00+00:00,1374.7111045926154,0,1,0,0,289,1.0,2,0.0,0
2026-03-19 02:30:00+00:00,789.0082097478306,0,1,1,4,284,1.0,2,0.0,0
2026-03-19 02:32:00+00:00,312.4247260183714,0,1,0,0,159,0.4692279738124257,2,0.0,0
2026-03-19 02:41:00+00:00,772.3452740176594,0,1,0,2,69,1.0,2,0.0,0
2026-03-19 03:26:00+00:00,478.88745882292756,1,1,0,1,296,1.0,4,0.0,0
2026-03-19 03:35:00+00:00,120.74244054504908,1,1,0,2,212,1.0,1,0.0,0
2026-03-19 04:06:00+00:00,247.42857392495168,0,1,0,2,129,1.0,2,0.0,0
2026-03-19 04:54:00+00:00,341.24933362930534,1,1,0,0,149,1.0,1,0.0,0
2026-03-19 05:15:00+00:00,802.5145280022869,0,1,0,0,5,1.0,3,0.0,0
2026-03-19 05:18:00+00:00,1678.8023694545857,0,1,0,1,65,1.0,4,0.0,0
2026-03-19 06:39:00+00:00,224.63791065494632,0,1,0,3,355,0.1952088380138508,4,0.0,0
2026-03-19 07:01:00+00:00,53.79460155128679,1,1,0,1,191,1.0,4,0.0,0
2026-03-19 07:17:00+00:00,972.6321827139689,1,1,0,1,200,1.0,2,0.0,0
2026-03-19 08:01:00+00:00,198.5958329221951,0,1,0,1,277,0.2514574814786436,4,0.0,0
2026-03-19 08:02:00+00:00,452.36698690723864,0,2,0,0,192,1.0,3,0.5,0
2026-03-19 09:06:00+00:00,250.7297404271392,0,3,0,0,96,1.0,2,0.6666666666666666,0
2026-03-19 09:11:00+00:00,251.60751428581963,0,2,0,0,156,1.0,5,0.5,0
2026-03-19 09:15:00+00:00,372.8225583481435,0,1,0,0,111,1.0,1,0.0,0
2026-03-19 09:33:00+00:00,209.04923929897143,1,1,0,0,260,1.0,3,0.0,0
2026-03-19 09:42:00+00:00,390.34901413894175,0,1,0,1,304,1.0,1,0.0,0
2026-03-19 10:07:00+00:00,1871.6482588297195,0,4,0,0,104,1.8525513491838792,2,0.75,0
2026-03-19 10:11:00+00:00,711.2207990560187,0,1,0,1,93,1.0,4,0.0,0
2026-03-19 10:17:00+00:00,1349.4605565886645,0,1,0,1,283,1.0,2,0.0,0
2026-03-19 11:01:00+00:00,621.4768198469367,0,1,2,2,346,1.0,5,0.0,1
2026-03-19 11:33:00+00:00,661.7097191864217,1,2,0,2,322,0.5918819093081699,2,0.5,0
2026-03-19 11:36:00+00:00,4625.484121841902,0,1,0,0,131,1.0,3,0.0,0
2026-03-19 11:41:00+00:00,1432.973908044369,1,1,0,0,175,1.0,4,0.0,0
2026-03-19 11:45:00+00:00,2223.531510187534,0,4,0,0,280,1.0,2,0.75,0
2026-03-19 13:08:00+00:00,5202.879425720679,0,1,0,4,237,1.0,5,0.0,0
2026-03-19 13:12:00+00:00,438.89563421594676,0,1,0,1,209,1.0,4,0.0,0
2026-03-19 13:12:00+00:00,143.90362579541,0,4,0,0,104,1.0,2,0.75,0
2026-03-19 13:55:00+00:00,634.0562513679232,0,1,0,0,356,0.8473861618571182,3,0.0,0
2026-03-19 13:58:00+00:00,1403.4619194148836,0,1,0,0,173,1.0,5,0.0,0
2026-03-19 14:56:00+00:00,379.4633044907818,0,1,0,2,213,1.0,3,0.0,0
2026-03-19 15:45:00+00:00,835.3063746110867,0,1,0,0,30,1.0,2,0.0,0
2026-03-19 16:20:00+00:00,379.58310772972106,0,2,0,2,139,0.2887677271779787,3,0.5,0
2026-03-19 17:15:00+00:00,1370.9335891253866,0,1,0,0,5,1.0,2,0.0,0
2026-03-19 19:00:00+00:00,256.18939733317586,0,1,0,1,292,1.0,4,0.0,0
2026-03-19 19:16:00+00:00,84.54470674867798,0,1,0,1,179,1.0,2,0.0,0
2026-03-19 20:25:00+00:00,455.69193183285915,0,3,0,1,278,1.0,3,0.6666666666666666,0
2026-03-19 20:33:00+00:00,350.4525142343778,0,1,0,1,323,1.0,3,0.0,0
2026-03-19 20:58:00+00:00,1359.8846485933734,0,1,0,3,231,1.0,4,0.0,0
2026-03-19 21:03:00+00:00,144.93108126378263,1,1,0,0,347,0.081191239824441,4,0.0,0
2026-03-19 21:08:00+00:00,909.2434450323512,0,4,0,1,224,0.7629217009234371,2,0.75,0
2026-03-19 21:10:00+00:00,612.0031701100334,0,1,0,2,136,1.0,4,0.0,0
2026-03-19 22:17:00+00:00,242.63623160070776,1,3,0,0,58,1.0,3,0.6666666666666666,0
2026-03-19 22:17:00+00:00,7093.991400028588,0,1,0,0,136,1.0,2,0.0,0
2026-03-19 22:21:00+00:00,1252.689501978452,0,1,0,0,364,1.967119028239439,4,0.0,0
2026-03-19 22:23:00+00:00,1856.2117260075227,0,1,0,4,153,1.0,2,0.0,0
2026-03-19 22:55:00+00:00,540.3964563913078,0,1,0,2,148,1.0,2,0.0,0
2026-03-19 23:00:00+00:00,139.027284401052,1,1,0,0,153,0.13051140537849878,5,0.0,0
2026-03-19 23:36:00+00:00,1301.943425178355,0,1,0,0,243,1.0,2,0.0,0
2026-03-19 23:53:00+00:00,843.2354684406636,0,1,0,3,259,1.0,3,0.0,0
2026-03-20 00:13:00+00:00,794.3323316119073,0,1,0,2,119,1.2408115053514552,3,0.0,0
2026-03-20 00:36:00+00:00,165.9914397965204,0,1,0,1,314,1.0,2,0.0,0
2026-03-20 01:26:00+00:00,290.68793097962225,0,1,0,0,36,0.3439032054563779,1,0.0,0
2026-03-20 01:44:00+00:00,673.7690499877672,1,4,1,2,263,1.390715697722751,3,0.75,1
2026-03-20 02:52:00+00:00,551.3040019177508,0,1,0,2,29,1.0,2,0.0,0
2026-03-20 03:47:00+00:00,919.6075119945951,1,4,0,0,306,1.261088495432011,4,0.75,0
2026-03-20 04:04:00+00:00,66.7509663429096,0,1,0,0,78,1.0,2,0.0,0
2026-03-20 04:21:00+00:00,998.0320952115146,1,1,0,3,7,1.0,3,0.0,0
2026-03-20 05:49:00+00:00,437.9191055802611,1,1,0,0,91,1.0,4,0.0,0
2026-03-20 06:21:00+00:00,328.83389081110374,0,1,0,1,232,0.3999871317783873,2,0.0,0
2026-03-20 07:03:00+00:00,482.6202299303827,0,1,0,1,255,1.0,3,0.0,0
2026-03-20 07:12:00+00:00,158.87371723507871,1,1,0,2,87,1.0,2,0.0,0
2026-03-20 07:42:00+00:00,561.0356592213066,0,1,0,2,298,1.0,2,0.0,0
2026-03-20 08:16:00+00:00,174.066448796472,0,1,0,1,200,0.21966264328268403,3,0.0,0
2026-03-20 08:56:00+00:00,1871.1533168267129,1,1,0,3,192,1.0,2,0.0,0
2026-03-20 08:59:00+00:00,734.5336842357542,0,1,0,1,43,1.0,5,0.0,0
2026-03-20 09:51:00+00:00,2951.963609422532,0,1,0,1,323,1.9359900864730384,3,0.0,0
2026-03-20 10:15:00+00:00,272.02539299017536,1,1,0,0,355,1.0,2,0.0,0
2026-03-20 10:25:00+00:00,593.01846748046,0,1,0,1,62,0.799678898987928,3,0.0,0
2026-03-20 11:10:00+00:00,824.1858459092122,0,1,0,1,37,1.0,5,0.0,0
2026-03-20 11:20:00+00:00,200.16147664814878,1,1,0,0,97,1.0,2,0.0,0
2026-03-20 11:32:00+00:00,1033.0840688125222,1,1,0,0,79,1.0,3,0.0,0
2026-03-20 11:54:00+00:00,5067.265274812425,1,4,0,0,250,1.0,1,0.75,0
2026-03-20 12:56:00+00:00,646.2862959335248,0,1,0,1,168,1.0,2,0.0,0
2026-03-20 13:32:00+00:00,353.53904970707424,0,1,0,0,43,0.5848874717977648,4,0.0,0
2026-03-20 13:35:00+00:00,1471.5885536251028,0,1,0,1,292,3.3682591097497134,3,0.0,0
2026-03-20 13:43:00+00:00,461.78648957010864,0,1,0,3,139,0.26523267912999454,2,0.0,0
2026-03-20 13:53:00+00:00,1414.9178390338895,1,1,0,1,169,1.0,3,0.0,0
2026-03-20 14:58:00+00:00,52.774617598762845,1,3,0,1,105,1.0,3,0.6666666666666666,0
2026-03-20 15:01:00+00:00,584.1629318901321,1,1,0,1,50,1.5016287668370878,3,0.0,0
2026-03-20 15:06:00+00:00,2444.5848061066313,1,1,0,0,353,1.0,3,0.0,1
2026-03-20 15:39:00+00:00,337.44018937379747,1,1,0,0,38,0.7630396225678133,5,0.0,0
2026-03-20 17:56:00+00:00,119.49123477302656,0,1,0,4,241,1.0,5,0.0,1
2026-03-20 18:29:00+00:00,872.3886018359987,0,3,0,1,68,1.0,4,0.6666666666666666,0
2026-03-20 19:39:00+00:00,308.2373329200562,0,1,0,0,310,1.0,2,0.0,0
2026-03-20 19:42:00+00:00,4289.891949923464,1,2,0,1,180,1.0,1,0.5,0
2026-03-20 20:30:00+00:00,281.09265470030175,0,2,0,1,205,1.0,1,0.5,0
2026-03-20 21:24:00+00:00,442.41914618006217,0,1,0,1,52,0.8888590381798354,3,0.0,0
2026-03-20 21:26:00+00:00,919.1349139431288,1,1,0,0,260,1.0,1,0.0,0
2026-03-20 21:33:00+00:00,876.8222061015352,0,1,0,1,290,1.1721316618474837,2,0.0,0
2026-03-20 21:47:00+00:00,293.5235145350941,0,1,0,0,170,1.0,4,0.0,0
2026-03-20 21:52:00+00:00,1131.9809616389582,0,2,0,0,189,1.0,4,0.5,0
2026-03-20 22:10:00+00:00,84.79310824577576,0,2,0,2,266,1.0,1,0.5,0
2026-03-20 22:15:00+00:00,511.8222389581973,0,1,0,0,285,1.0,2,0.0,0
2026-03-20 22:48:00+00:00,70.52949069889064,0,3,0,1,282,1.0,4,0.6666666666666666,0
2026-03-20 22:53:00+00:00,1106.9896024321106,0,1,0,4,221,1.0,4,0.0,0
2026-03-20 22:54:00+00:00,1030.3517116438215,0,4,0,0,259,1.6976541466706607,3,0.75,0
2026-03-20 23:11:00+00:00,259.86690224636646,1,1,0,0,88,0.5253059709752567,4,0.0,0
2026-03-20 23:58:00+00:00,611.8888189290079,1,1,0,0,269,1.0,2,0.0,0
2026-03-21 00:08:00+00:00,378.43103281669994,0,2,0,1,50,1.0,1,0.5,0
2026-03-21 00:16:00+00:00,673.8173708071135,0,1,0,1,93,1.0,3,0.0,0
2026-03-21 00:23:00+00:00,535.9957772123458,0,1,0,1,56,1.0,1,0.0,0
2026-03-21 00:33:00+00:00,1230.1220308572053,0,1,0,0,303,2.103809609225032,6,0.0,0
2026-03-21 00:55:00+00:00,2596.061420245078,1,2,0,3,154,1.0,2,0.5,1
2026-03-21 01:04:00+00:00,80.59877337529173,0,1,0,3,260,1.0,1,0.0,0
2026-03-21 01:08:00+00:00,1444.885630718727,1,1,0,3,116,1.050807553170035,4,0.0,0
2026-03-21 02:04:00+00:00,69.03395187501785,1,1,0,3,253,1.0,3,0.0,0
2026-03-21 02:40:00+00:00,1958.3785948796112,0,1,0,0,291,1.8718034174053715,5,0.0,0
2026-03-21 02:56:00+00:00,119.00196131570095,0,1,0,0,284,1.0,2,0.0,0
2026-03-21 03:38:00+00:00,418.08719935091597,1,2,0,1,97,1.0,3,0.5,0
2026-03-21 03:45:00+00:00,3474.296908122162,0,1,0,1,57,1.0,6,0.0,0
2026-03-21 04:03:00+00:00,702.051581253562,0,1,0,1,235,1.0,3,0.0,0
2026-03-21 04:10:00+00:00,449.3776813485416,0,1,0,1,176,0.5916211466167968,7,0.0,0
2026-03-21 05:05:00+00:00,235.83230725473504,0,2,0,0,0,1.0,2,0.5,0
2026-03-21 05:31:00+00:00,844.0082478393873,0,1,0,0,4,1.0,1,0.0,0
2026-03-21 05:39:00+00:00,351.7226156890489,1,1,0,2,345,1.0,3,0.0,0
2026-03-21 06:10:00+00:00,2333.5197196885274,0,4,0,0,240,3.007893942514215,3,0.75,0
2026-03-21 06:39:00+00:00,163.9057864312498,1,1,0,2,146,1.0,3,0.0,0
2026-03-21 06:41:00+00:00,783.2788446106418,0,2,0,3,114,1.0,2,0.5,0
2026-03-21 06:45:00+00:00,400.68020240306197,1,1,0,3,131,1.0,3,0.0,1
2026-03-21 06:56:00+00:00,2593.7450686367224,0,3,0,0,58,1.8260084050981666,3,0.6666666666666666,1
2026-03-21 09:10:00+00:00,274.83116178427747,1,1,0,0,283,1.0,2,0.0,0
2026-03-21 09:52:00+00:00,25.42630739270615,0,1,0,0,184,1.0,3,0.0,0
2026-03-21 10:00:00+00:00,605.6551320461393,0,1,0,0,21,1.0,3,0.0,0
2026-03-21 10:37:00+00:00,1101.9619543213585,0,1,0,1,95,1.0,2,0.0,0
2026-03-21 11:07:00+00:00,320.58016215558905,1,1,0,1,181,1.0,1,0.0,0
2026-03-21 11:36:00+00:00,607.5719928328001,0,1,0,0,232,1.0,3,0.0,0
2026-03-21 13:08:00+00:00,110.06773675519753,0,1,0,0,287,1.0,2,0.0,0
2026-03-21 13:20:00+00:00,519.7642799002749,0,1,0,0,18,1.0,6,0.0,0
2026-03-21 13:45:00+00:00,1063.9211624204713,0,1,0,0,98,1.6624581108902123,3,0.0,0
2026-03-21 13:46:00+00:00,147.44096496540556,0,2,0,1,26,1.0,2,0.5,0
2026-03-21 13:49:00+00:00,3475.8513189803148,0,1,0,1,157,1.0,2,0.0,0
2026-03-21 14:14:00+00:00,288.7671288268384,0,1,0,2,364,1.0,3,0.0,0
2026-03-21 14:34:00+00:00,258.1048740953286,0,1,0,0,191,1.0,2,0.0,0
2026-03-21 17:13:00+00:00,211.6575871410902,0,1,0,2,185,1.0,5,0.0,0
2026-03-21 17:36:00+00:00,295.06673762464357,0,1,1,3,101,0.5404509688968462,2,0.0,0
2026-03-21 17:52:00+00:00,260.35340680465197,1,2,0,0,165,1.0,1,0.5,0
2026-03-21 18:41:00+00:00,1316.244090852522,1,1,0,0,184,1.0,2,0.0,0
2026-03-21 18:57:00+00:00,64.80759572164574,0,1,0,0,239,1.0,3,0.0,0
2026-03-21 19:14:00+00:00,1803.7052400796163,0,1,0,2,293,1.1651099129641134,3,0.0,0
2026-03-21 19:19:00+00:00,794.693838710923,1,1,0,1,69,1.0,1,0.0,0
2026-03-21 19:30:00+00:00,39.139884354112226,0,1,0,0,211,1.0,4,0.0,0
2026-03-21 20:34:00+00:00,663.0818642556449,0,1,0,2,278,1.0,3,0.0,0
2026-03-21 20:58:00+00:00,127.39264570663074,0,1,0,2,157,0.09197235219882083,1,0.0,0
2026-03-21 21:33:00+00:00,717.7820099739902,1,1,0,1,1,1.0,2,0.0,1
2026-03-21 21:54:00+00:00,662.5968924720851,0,1,0,0,241,1.0,4,0.0,0
2026-03-21 23:00:00+00:00,1276.446315248019,0,4,0,1,52,1.0,3,0.75,0
2026-03-21 23:02:00+00:00,385.1051380966026,0,3,0,0,0,1.0,3,0.6666666666666666,0
2026-03-21 23:18:00+00:00,1161.7221843504226,0,4,0,1,19,1.0,3,0.75,0
2026-03-22 01:00:00+00:00,488.32676670127876,0,4,0,0,74,1.0,3,0.75,0
2026-03-22 01:34:00+00:00,114.42443771792256,0,1,0,3,47,0.17433767421625293,3,0.0,0
2026-03-22 01:53:00+00:00,821.811093525576,1,2,0,3,81,1.0,2,0.5,1
2026-03-22 02:39:00+00:00,3127.2760239225827,0,1,0,2,195,1.0,4,0.0,0
2026-03-22 02:54:00+00:00,639.8388559836383,0,1,0,2,227,1.0,4,0.0,0
2026-03-22 02:55:00+00:00,1619.0924319499256,0,1,0,1,241,1.211509761373246,1,0.0,0
2026-03-22 02:57:00+00:00,317.8924630878012,0,1,0,1,113,1.0,1,0.0,0
2026-03-22 03:56:00+00:00,1519.8511590186265,0,1,0,0,33,1.0,4,0.0,0
2026-03-22 06:24:00+00:00,2572.777204314302,0,1,0,2,37,1.0,2,0.0,0
2026-03-22 06:38:00+00:00,474.0280330060335,0,1,0,2,331,1.0,4,0.0,0
2026-03-22 06:40:00+00:00,521.3070899000472,0,1,0,0,221,1.0,3,0.0,0
2026-03-22 06:48:00+00:00,127.7746455268224,0,1,0,0,258,1.0,1,0.0,0
2026-03-22 07:37:00+00:00,221.28307245619277,0,1,0,1,93,1.0,1,0.0,0
2026-03-22 09:25:00+00:00,396.5269689074128,1,1,0,1,220,1.0,3,0.0,0
2026-03-22 10:19:00+00:00,83.63514546461633,0,1,0,1,261,1.0,2,0.0,0
2026-03-22 12:25:00+00:00,247.82705199531017,0,2,0,0,199,1.0,3,0.5,0
2026-03-22 13:01:00+00:00,121.23928762933475,0,1,0,1,56,1.0,3,0.0,0
2026-03-22 14:09:00+00:00,359.8050969797247,0,1,0,0,35,0.3453997635678181,3,0.0,0
2026-03-22 14:22:00+00:00,189.33515176897862,0,1,0,0,277,0.23059325792811422,1,0.0,0
2026-03-22 14:34:00+00:00,332.8386947356936,1,1,0,1,17,1.0,3,0.0,0
2026-03-22 16:25:00+00:00,33.112921477666994,0,2,0,0,284,1.0,2,0.5,0
2026-03-22 16:29:00+00:00,895.6528703159888,0,1,0,2,330,1.3421982474072915,2,0.0,0
2026-03-22 16:54:00+00:00,879.4620179429767,0,3,0,0,176,1.1033199921350283,4,0.6666666666666666,0
2026-03-22 16:59:00+00:00,217.07281941715934,0,1,0,0,324,1.0,2,0.0,0
2026-03-22 17:00:00+00:00,3875.441069916763,0,1,0,1,140,1.0,1,0.0,0
2026-03-22 17:31:00+00:00,443.20668255744897,0,1,0,3,174,1.0,3,0.0,0
2026-03-22 19:21:00+00:00,967.789436552153,1,2,0,0,260,1.9057167436350255,3,0.5,0
2026-03-22 19:41:00+00:00,885.440964830417,0,1,0,0,157,1.0,2,0.0,0
2026-03-22 20:21:00+00:00,1227.9571106508856,0,1,0,0,89,1.0,3,0.0,0
2026-03-22 21:21:00+00:00,115.74959040314994,0,1,0,1,94,0.14724206751290017,3,0.0,0
2026-03-22 21:32:00+00:00,358.92616573484395,1,1,0,1,335,1.0,3,0.0,0
2026-03-22 21:46:00+00:00,1497.1794413081457,0,2,0,2,102,1.037550620246017,1,0.5,0
2026-03-22 22:08:00+00:00,354.8771329115374,0,1,0,1,308,0.3074290939877804,1,0.0,0
2026-03-22 22:25:00+00:00,1125.0396160315202,0,1,0,3,60,0.9648799905169425,5,0.0,0
2026-03-22 22:27:00+00:00,544.4253578633742,0,1,0,1,163,1.0,3,0.0,0
2026-03-22 23:02:00+00:00,213.1423076341329,1,1,0,3,180,1.0,2,0.0,0
2026-03-22 23:05:00+00:00,592.2269677892017,0,1,0,2,310,1.0,1,0.0,0
2026-03-22 23:23:00+00:00,2138.244749968325,0,1,0,2,207,1.0,2,0.0,0
2026-03-23 00:16:00+00:00,257.0426129570159,1,1,0,1,228,0.15249957435704878,3,0.0,0
2026-03-23 01:12:00+00:00,498.95502100946436,0,2,0,1,313,1.0,2,0.5,0
2026-03-23 01:39:00+00:00,224.84549979495415,0,1,1,7,43,0.2143421809563172,7,0.0,1
2026-03-23 03:21:00+00:00,109.65795723421928,0,1,0,3,52,1.0,1,0.0,0
2026-03-23 03:34:00+00:00,566.6650854433788,0,1,0,1,188,0.4100170003613426,2,0.0,0
2026-03-23 03:39:00+00:00,418.5204911536449,0,1,0,1,268,1.0,3,0.0,0
2026-03-23 04:11:00+00:00,103.2006911053948,0,1,0,1,203,1.0,2,0.0,0
2026-03-23 04:28:00+00:00,1029.1423662937477,0,1,0,3,352,1.0,2,0.0,0
2026-03-23 04:43:00+00:00,615.1062294590993,1,1,0,2,55,1.0,2,0.0,1
2026-03-23 05:04:00+00:00,1344.2819305710846,0,2,0,1,101,0.6575873366667779,3,0.5,0
2026-03-23 05:13:00+00:00,1941.0908831476186,0,1,0,0,329,3.3364647572370485,5,0.0,0
2026-03-23 05:41:00+00:00,191.4691057851056,0,3,0,5,209,0.4837046162042219,3,0.6666666666666666,0
2026-03-23 06:26:00+00:00,511.892417726103,1,1,0,1,244,1.0,3,0.0,0
2026-03-23 07:56:00+00:00,62.39345010354788,0,1,0,1,181,0.06935296292788147,5,0.0,0
2026-03-23 07:56:00+00:00,494.86359854353674,0,1,0,1,43,1.0,2,0.0,0
2026-03-23 08:54:00+00:00,3642.753030101614,0,1,0,1,228,5.491396955318194,2,0.0,0
2026-03-23 09:12:00+00:00,87.39289549675934,0,1,0,1,189,1.0,2,0.0,0
2026-03-23 09:49:00+00:00,844.5055082233355,0,4,0,1,66,1.0,3,0.75,1
2026-03-23 09:55:00+00:00,1659.326053046892,0,1,0,0,256,1.0,4,0.0,0
2026-03-23 10:25:00+00:00,650.1306680919437,0,1,0,1,283,1.0,5,0.0,0
2026-03-23 11:05:00+00:00,128.50701765158425,1,1,0,1,339,1.0,1,0.0,0
2026-03-23 11:22:00+00:00,297.3047665375282,1,1,0,0,184,1.0,2,0.0,0
2026-03-23 11:33:00+00:00,463.0787205019269,0,1,0,1,210,1.0,3,0.0,0
2026-03-23 11:41:00+00:00,126.6779402890389,1,1,0,2,229,1.0,2,0.0,0
2026-03-23 12:09:00+00:00,466.9543001860351,0,2,0,1,356,0.35959764337099115,3,0.5,0
2026-03-23 12:39:00+00:00,625.1420973865334,1,2,0,3,317,0.9281316817163433,2,0.5,0
2026-03-23 12:39:00+00:00,235.4096035953364,1,1,0,2,179,0.3116330565962161,4,0.0,0
2026-03-23 12:48:00+00:00,565.2890423915171,0,1,0,1,223,0.6408036986936346,4,0.0,0
2026-03-23 12:59:00+00:00,154.582162524156,1,4,0,0,270,0.12560125907245862,2,0.75,0
2026-03-23 13:30:00+00:00,476.4781070191912,0,1,0,0,36,1.0,3,0.0,0
2026-03-23 13:52:00+00:00,305.50959829098565,0,4,0,1,267,1.0,3,0.75,0
2026-03-23 13:53:00+00:00,1216.837268229886,1,2,0,1,261,1.0,2,0.5,0
2026-03-23 14:37:00+00:00,112.0742739595061,0,1,0,0,359,1.0,3,0.0,0
2026-03-23 15:29:00+00:00,342.8917180370577,0,1,0,0,297,0.44440792888660635,2,0.0,0
2026-03-23 17:14:00+00:00,347.54440210033204,0,1,0,2,259,0.18029901804670279,3,0.0,1
2026-03-23 18:09:00+00:00,533.2315837498518,0,1,0,1,4,1.0,2,0.0,0
2026-03-23 18:32:00+00:00,159.1671655870189,1,1,0,1,255,1.0,3,0.0,0
2026-03-23 18:49:00+00:00,803.8005808171804,0,1,0,3,308,1.1918934062553823,5,0.0,0
2026-03-23 18:56:00+00:00,1886.5489580298138,1,2,0,1,75,1.4606893797387333,3,0.5,0
2026-03-23 19:16:00+00:00,863.6148093082707,0,1,0,0,196,1.0,2,0.0,0
2026-03-23 19:17:00+00:00,345.5473217497264,1,2,0,1,174,0.37105121131657665,1,0.5,0
2026-03-23 19:18:00+00:00,1380.08052447947,1,1,0,0,135,1.0,3,0.0,0
2026-03-23 19:47:00+00:00,9458.350237841549,1,1,0,3,241,1.0,4,0.0,1
2026-03-23 19:52:00+00:00,72.3657486240783,0,1,0,0,272,0.07050827473379345,5,0.0,0
2026-03-23 20:46:00+00:00,1415.559360362066,1,1,0,0,344,1.0,1,0.0,0
2026-03-23 21:07:00+00:00,1248.1038494827167,0,1,0,0,48,1.0,1,0.0,0
2026-03-23 21:19:00+00:00,2144.5201593243346,1,1,0,1,105,1.0,4,0.0,0
2026-03-23 21:28:00+00:00,763.6354642230373,1,1,0,0,343,1.0,2,0.0,1
2026-03-23 22:01:00+00:00,2745.5801087335044,1,1,0,1,281,6.362364097501296,4,0.0,1
2026-03-23 22:36:00+00:00,2139.001401122865,0,2,0,1,3,1.0,5,0.5,0
2026-03-23 22:52:00+00:00,1271.3448534948739,1,1,0,0,221,1.0,2,0.0,0
2026-03-23 22:55:00+00:00,1836.4969199689635,0,1,0,0,144,1.0,3,0.0,0
2026-03-23 23:13:00+00:00,524.6169957537334,1,1,0,1,68,1.0,2,0.0,0
2026-03-24 00:14:00+00:00,1292.159527829057,0,1,0,1,143,1.0,7,0.0,0
2026-03-24 00:24:00+00:00,739.8904851932684,0,1,0,1,103,1.0,2,0.0,0
2026-03-24 00:48:00+00:00,768.6067053004382,1,3,0,2,48,0.8957587308542,3,0.6666666666666666,1
2026-03-24 01:31:00+00:00,222.4543996013441,0,1,0,0,232,1.0,4,0.0,0
2026-03-24 02:22:00+00:00,906.8818739081369,1,1,0,1,70,1.0,3,0.0,0
2026-03-24 02:48:00+00:00,75.70205973198532,0,1,0,0,19,1.0,5,0.0,0
2026-03-24 03:59:00+00:00,163.1926634254037,0,1,1,1,49,1.0,2,0.0,1
2026-03-24 04:04:00+00:00,1673.3860603751168,0,1,0,1,127,1.0,2,0.0,0
2026-03-24 04:05:00+00:00,238.51866324254382,1,1,0,1,88,0.31743420020626684,3,0.0,0
2026-03-24 04:42:00+00:00,320.0717278408174,0,1,0,2,219,1.0,1,0.0,0
2026-03-24 04:48:00+00:00,569.0274011193452,0,1,0,1,74,1.0,3,0.0,0
2026-03-24 04:51:00+00:00,25.406808461714885,0,1,0,0,249,0.0539027864530996,3,0.0,0
2026-03-24 05:33:00+00:00,617.7014164958242,0,1,0,0,138,1.0,3,0.0,0
2026-03-24 05:42:00+00:00,3855.5940654707492,0,1,0,0,288,1.0,2,0.0,0
2026-03-24 06:11:00+00:00,1049.836923914412,1,1,0,1,114,1.0,1,0.0,0
2026-03-24 06:14:00+00:00,104.55935203253628,0,4,0,0,222,1.0,4,0.75,1
2026-03-24 06:34:00+00:00,910.2822963751303,0,1,0,2,191,1.0,3,0.0,0
2026-03-24 07:16:00+00:00,685.0596305918056,0,1,0,0,328,1.0,3,0.0,0
2026-03-24 07:33:00+00:00,295.3656001508185,0,1,0,1,313,1.0,4,0.0,0
2026-03-24 07:42:00+00:00,3206.691249215505,1,3,0,3,194,1.0,1,0.6666666666666666,1
2026-03-24 07:58:00+00:00,112.06359454132333,0,2,0,1,31,1.0,2,0.5,0
2026-03-24 08:21:00+00:00,792.0803793088564,0,1,0,0,278,0.5754109579350372,4,0.0,0
2026-03-24 09:03:00+00:00,465.3649677606295,0,1,0,1,229,0.8121607851526443,3,0.0,0
2026-03-24 09:17:00+00:00,263.27646190165814,1,1,0,3,317,1.0,2,0.0,0
2026-03-24 09:19:00+00:00,339.88693864649974,0,1,0,0,273,1.0,5,0.0,0
2026-03-24 09:22:00+00:00,65.77700576695369,1,1,0,0,71,0.09716248751459496,6,0.0,1
2026-03-24 10:06:00+00:00,429.5129782612813,0,1,0,0,72,1.0,3,0.0,0
2026-03-24 10:16:00+00:00,6735.593500184003,0,1,0,3,352,8.803228466370964,4,0.0,0
2026-03-24 10:44:00+00:00,358.327538649403,0,2,0,1,246,1.0,7,0.5,0
2026-03-24 12:34:00+00:00,2964.609157732898,0,1,0,4,98,1.0,2,0.0,0
2026-03-24 12:43:00+00:00,645.2527468923387,0,1,0,0,351,1.0,3,0.0,0
2026-03-24 13:14:00+00:00,375.527513968569,0,2,0,0,155,0.5626588178693163,2,0.5,0
2026-03-24 13:50:00+00:00,2199.479326742368,1,1,0,1,334,1.0,3,0.0,1
2026-03-24 14:00:00+00:00,360.45048042354404,0,3,0,1,290,1.0,1,0.6666666666666666,0
2026-03-24 14:02:00+00:00,348.7236756994229,1,1,1,4,236,1.0,2,0.0,1
2026-03-24 14:27:00+00:00,737.3412970642989,1,1,0,1,75,0.7002762463653825,5,0.0,1
2026-03-24 15:18:00+00:00,4588.993131769691,1,1,0,0,76,1.0,4,0.0,1
2026-03-24 15:26:00+00:00,10.391680405571133,1,1,0,1,70,0.012091549783081895,2,0.0,0
2026-03-24 16:12:00+00:00,411.1058579296844,0,1,0,2,102,0.4125896512852967,3,0.0,0
2026-03-24 17:07:00+00:00,286.18640278425244,1,1,0,0,181,1.0,4,0.0,0
2026-03-24 17:19:00+00:00,467.7840276277036,0,1,0,2,295,0.27486345724172995,3,0.0,0
2026-03-24 17:19:00+00:00,530.5063782281823,0,1,0,0,77,1.0,1,0.0,0
2026-03-24 17:21:00+00:00,308.11914711111973,0,1,0,2,311,0.4309487449071693,3,0.0,0
2026-03-24 17:56:00+00:00,190.4271233746002,0,1,0,3,207,1.0,4,0.0,0
2026-03-24 18:16:00+00:00,134.94405378001633,1,1,0,0,74,0.1502636302053592,3,0.0,1
2026-03-24 18:20:00+00:00,148.55263619428516,1,1,0,0,258,1.0,2,0.0,0
2026-03-24 19:26:00+00:00,868.310691418287,0,1,0,2,17,1.0,3,0.0,0
2026-03-24 19:44:00+00:00,576.840239722547,0,1,0,1,12,1.0,2,0.0,0
2026-03-24 19:53:00+00:00,689.1046912920665,0,1,0,1,83,1.0,2,0.0,0
2026-03-24 20:44:00+00:00,360.07504481982784,1,1,0,0,33,0.39482369262203976,2,0.0,1
2026-03-24 21:52:00+00:00,713.9153881173571,0,2,0,2,238,1.0,7,0.5,0
2026-03-24 22:15:00+00:00,90.68251267604575,0,1,1,2,274,0.12956044287723834,2,0.0,0
2026-03-24 23:36:00+00:00,2169.131547695314,0,1,0,2,356,8.499191836152919,2,0.0,0
2026-03-24 23:38:00+00:00,657.8281162571433,0,4,0,2,92,0.9326605773069085,4,0.75,0
2026-03-24 23:41:00+00:00,214.12926909636792,0,1,0,0,335,1.0,2,0.0,0
2026-03-24 23:42:00+00:00,3342.7830497143414,1,1,0,1,59,1.0,4,0.0,1
2026-03-24 23:43:00+00:00,712.1930950917568,0,1,0,1,279,1.0,3,0.0,0
2026-03-25 01:39:00+00:00,570.4652976462113,0,1,2,4,360,1.0,2,0.0,0
2026-03-25 02:14:00+00:00,1875.3206386921051,0,1,0,2,110,1.0,2,0.0,0
2026-03-25 02:42:00+00:00,1246.822160564769,0,1,0,2,271,1.0,4,0.0,0
2026-03-25 03:35:00+00:00,363.2827882042313,1,1,0,1,359,0.9776975710320374,3,0.0,0
2026-03-25 04:14:00+00:00,299.5054714729187,0,1,0,1,6,0.42164269499457113,3,0.0,0
2026-03-25 04:55:00+00:00,487.5397993430951,0,1,0,1,209,1.0,5,0.0,1
2026-03-25 05:53:00+00:00,267.5063359007587,0,1,0,1,228,1.0,2,0.0,0
2026-03-25 05:55:00+00:00,591.8310308680328,0,2,0,1,265,1.0189698482013052,1,0.5,0
2026-03-25 05:59:00+00:00,50.947493031034966,0,1,0,1,208,0.1148947195505333,4,0.0,0
2026-03-25 07:28:00+00:00,91.63474608821315,0,1,0,1,286,1.0,3,0.0,0
2026-03-25 07:35:00+00:00,2811.8966644755324,1,1,0,3,237,1.0,1,0.0,0
2026-03-25 08:29:00+00:00,181.6865952450736,0,1,0,2,255,0.45190072146416826,2,0.0,0
2026-03-25 08:30:00+00:00,4498.574550837792,0,1,0,1,336,3.8316662829500325,2,0.0,0
2026-03-25 09:02:00+00:00,191.71274193117557,0,1,0,2,154,1.0,1,0.0,0
2026-03-25 09:16:00+00:00,72.58626147688587,0,1,0,3,288,1.0,2,0.0,0
2026-03-25 09:58:00+00:00,257.41749418564206,0,2,0,2,72,1.0,2,0.5,0
2026-03-25 10:31:00+00:00,1517.9376883472335,1,1,0,0,73,1.0,2,0.0,0
2026-03-25 11:54:00+00:00,1573.955328586445,0,4,0,3,171,1.0,4,0.75,0
2026-03-25 12:03:00+00:00,465.6321766041228,1,1,0,2,308,1.0,4,0.0,0
2026-03-25 12:23:00+00:00,635.3210621403891,0,1,0,1,240,1.0,2,0.0,0
2026-03-25 13:12:00+00:00,604.4323184547294,0,1,0,1,167,1.0,3,0.0,0
2026-03-25 13:18:00+00:00,721.8840981337557,0,4,0,0,276,1.0,3,0.75,0
2026-03-25 13:56:00+00:00,2842.048336236452,0,1,0,0,341,1.0,2,0.0,0
2026-03-25 14:00:00+00:00,785.3044140812972,1,2,0,2,115,0.44956038590130476,3,0.5,1
2026-03-25 14:25:00+00:00,1112.9582852292883,0,1,0,1,148,1.0,4,0.0,0
2026-03-25 16:14:00+00:00,108.91132927915486,0,1,0,0,20,0.13281809151418633,1,0.0,0
2026-03-25 16:27:00+00:00,40.84468240401154,1,1,0,2,326,0.07183235988905545,3,0.0,0
2026-03-25 16:53:00+00:00,190.62408435797013,1,1,0,0,348,1.0,3,0.0,0
2026-03-25 17:35:00+00:00,378.528291822713,0,1,0,2,301,1.0,3,0.0,0
2026-03-25 17:52:00+00:00,264.6518059723517,1,3,0,1,16,1.0,6,0.6666666666666666,0
2026-03-25 18:01:00+00:00,788.8688591136123,0,1,0,2,23,1.0,5,0.0,0
2026-03-25 18:06:00+00:00,464.4193912567095,1,1,0,4,199,0.40993672134464126,2,0.0,0
2026-03-25 18:17:00+00:00,2012.293445202426,1,1,0,1,346,1.0,2,0.0,0
2026-03-25 18:27:00+00:00,282.60331818528954,0,2,0,0,325,1.0,6,0.5,0
2026-03-25 18:54:00+00:00,2880.1391640737693,0,3,0,1,137,1.0,6,0.6666666666666666,0
2026-03-25 19:14:00+00:00,67.87490405059495,0,1,0,0,207,0.058361638102626304,2,0.0,0
2026-03-25 21:07:00+00:00,782.1596824158291,0,1,0,1,216,1.0,2,0.0,0
2026-03-25 21:31:00+00:00,555.899033638182,0,1,0,2,200,1.0,5,0.0,0
2026-03-25 21:52:00+00:00,282.1844331762071,1,1,0,2,266,0.405312429767626,4,0.0,0
2026-03-25 23:00:00+00:00,904.1224146445072,0,2,0,1,314,1.0,3,0.5,0
2026-03-25 23:02:00+00:00,636.7839401968481,0,1,0,0,213,1.0,1,0.0,0
2026-03-25 23:06:00+00:00,792.0016343205555,1,1,1,2,209,1.0,5,0.0,1
2026-03-25 23:38:00+00:00,262.0866966625222,0,1,0,0,321,0.5256445203196793,4,0.0,0
2026-03-26 00:15:00+00:00,277.60060279151384,0,1,0,1,9,1.0,2,0.0,0
2026-03-26 00:27:00+00:00,735.6567222639461,1,1,0,1,168,1.0,5,0.0,0
2026-03-26 00:55:00+00:00,152.367316443313,0,1,0,2,206,1.0,2,0.0,0
2026-03-26 01:50:00+00:00,1385.9866933773812,0,1,1,2,169,0.8847092976921896,4,0.0,0
2026-03-26 02:38:00+00:00,672.9670748131073,0,1,0,1,33,1.0,3,0.0,0
2026-03-26 02:56:00+00:00,532.5213964705569,0,1,0,1,268,1.0,2,0.0,0
2026-03-26 03:29:00+00:00,562.435296745256,0,1,0,2,144,1.0,1,0.0,0
2026-03-26 03:32:00+00:00,538.9305160892719,0,1,0,2,334,1.0,4,0.0,0
2026-03-26 03:33:00+00:00,292.9544765695529,1,1,0,2,339,0.33294165998710296,3,0.0,0
2026-03-26 04:11:00+00:00,1278.2821915000336,0,1,0,2,220,1.0,3,0.0,0
2026-03-26 04:25:00+00:00,69.81263136972898,1,1,0,0,167,1.0,7,0.0,0
2026-03-26 05:20:00+00:00,866.1611231113484,0,2,0,1,282,1.0,4,0.5,0
2026-03-26 05:32:00+00:00,692.1916757882932,0,1,0,1,248,1.5413292889199433,2,0.0,0
2026-03-26 05:40:00+00:00,7532.377390389704,0,1,0,1,109,1.0,3,0.0,0
2026-03-26 06:41:00+00:00,456.0015159136409,0,1,0,1,258,0.7135251908417604,1,0.0,0
2026-03-26 07:19:00+00:00,642.794972630183,0,1,0,0,83,1.4879754608606484,4,0.0,0
2026-03-26 08:25:00+00:00,1163.032275019545,1,1,0,3,264,1.899078564322405,6,0.0,1
2026-03-26 09:34:00+00:00,629.5315659256279,0,1,0,0,244,1.0,4,0.0,0
2026-03-26 09:44:00+00:00,576.1379094517428,1,1,0,0,362,1.0,4,0.0,1
2026-03-26 11:06:00+00:00,581.7824900502833,0,1,0,2,97,1.0,1,0.0,0
2026-03-26 11:15:00+00:00,1398.3723244912612,1,3,0,0,113,2.692561355791016,2,0.6666666666666666,0
2026-03-26 11:28:00+00:00,756.7052071092365,0,4,0,1,259,1.0,2,0.75,0
2026-03-26 11:48:00+00:00,735.318330833697,0,1,1,5,139,1.3090692933470207,3,0.0,1
2026-03-26 11:53:00+00:00,1686.2396735375714,0,1,0,0,360,1.0,2,0.0,0
2026-03-26 12:04:00+00:00,335.93097885333907,1,1,0,0,164,1.0,1,0.0,0
2026-03-26 12:08:00+00:00,254.84719012804263,0,1,0,4,154,0.5092955389739159,3,0.0,0
2026-03-26 12:36:00+00:00,122.99155440726256,0,1,0,3,93,1.0,2,0.0,0
2026-03-26 12:44:00+00:00,791.6671412911539,0,2,0,2,14,1.0,4,0.5,0
2026-03-26 13:17:00+00:00,1855.249709399968,0,1,0,1,200,1.0,2,0.0,0
2026-03-26 13:19:00+00:00,149.85229709502644,1,2,0,1,358,1.0,2,0.5,0
2026-03-26 13:49:00+00:00,434.84779151715236,0,1,0,0,302,1.0,4,0.0,0
2026-03-26 14:26:00+00:00,1025.6706840180132,0,1,0,2,326,1.0,5,0.0,0
2026-03-26 14:29:00+00:00,811.6863445123319,0,1,0,1,140,1.0,2,0.0,0
2026-03-26 14:31:00+00:00,87.31735659821166,0,1,0,1,201,0.07566674669050608,4,0.0,0
2026-03-26 14:44:00+00:00,793.5889645493761,0,1,0,0,9,1.0,5,0.0,0
2026-03-26 15:03:00+00:00,201.58707931750274,0,1,0,1,218,1.0,3,0.0,0
2026-03-26 15:37:00+00:00,369.0727857510722,0,4,0,2,182,0.28206390813283455,1,0.75,0
2026-03-26 16:17:00+00:00,236.12631282700465,0,1,0,2,12,1.0,5,0.0,0
2026-03-26 16:23:00+00:00,788.284595081921,0,1,0,3,117,1.0,3,0.0,0
2026-03-26 16:30:00+00:00,432.62054568266876,0,1,0,0,98,1.0,4,0.0,0
2026-03-26 16:38:00+00:00,269.23021062369224,0,1,0,1,226,1.0,2,0.0,0
2026-03-26 17:07:00+00:00,378.8002676579241,0,1,0,1,189,0.24476371356066146,1,0.0,0
2026-03-26 17:19:00+00:00,1063.1187588273926,0,1,0,0,101,0.7217527924075837,5,0.0,1
2026-03-26 17:22:00+00:00,1686.7630689571652,0,1,0,0,55,1.0,4,0.0,0
2026-03-26 17:33:00+00:00,739.0265319169807,0,4,0,0,13,1.0,1,0.75,0
2026-03-26 17:39:00+00:00,1067.300078711034,0,2,0,3,332,1.0,1,0.5,0
2026-03-26 17:46:00+00:00,500.8322650435847,1,1,0,0,42,1.0,1,0.0,0
2026-03-26 17:55:00+00:00,1773.2752507709915,0,1,0,1,327,2.799062195602925,4,0.0,0
2026-03-26 18:26:00+00:00,375.93754770104766,0,1,0,2,181,0.7242275408085908,1,0.0,0
2026-03-26 18:56:00+00:00,996.8495804445173,0,1,0,0,117,1.0,4,0.0,0
2026-03-26 19:15:00+00:00,56.143710576879755,0,1,0,0,153,1.0,2,0.0,0
2026-03-26 19:18:00+00:00,857.9995009264024,0,1,0,0,265,1.0,4,0.0,0
2026-03-26 20:17:00+00:00,1641.7559971532833,0,1,0,2,210,3.560140509366629,2,0.0,0
2026-03-26 21:12:00+00:00,2495.9263480312993,0,1,0,2,73,1.0,3,0.0,0
2026-03-26 21:38:00+00:00,757.3460224648525,0,1,0,1,341,1.184920133791498,5,0.0,0
2026-03-26 22:52:00+00:00,957.8827277656238,0,1,0,1,81,1.0,3,0.0,0
2026-03-26 23:17:00+00:00,4683.881109666676,0,1,0,1,267,1.0,2,0.0,0
2026-03-26 23:26:00+00:00,336.28402179276924,0,1,0,1,338,0.5439550020068612,4,0.0,0
2026-03-27 00:02:00+00:00,327.8948410463897,1,1,0,1,183,1.0,2,0.0,0
2026-03-27 00:09:00+00:00,789.6587275663558,0,1,0,0,310,1.0,1,0.0,0
2026-03-27 00:13:00+00:00,650.7160553699019,0,1,0,1,230,1.0,3,0.0,0
2026-03-27 00:31:00+00:00,300.4036574038204,0,1,0,0,188,0.2304612312361316,2,0.0,0
2026-03-27 04:32:00+00:00,224.16646149657853,1,1,0,1,145,0.1458943266164865,1,0.0,0
2026-03-27 05:20:00+00:00,3006.5499332203744,1,4,0,1,316,1.0,3,0.75,1
2026-03-27 05:44:00+00:00,3689.405669340691,0,2,0,0,230,3.137105991078462,1,0.5,0
2026-03-27 06:01:00+00:00,1426.1010303347352,0,1,0,2,152,2.1325185732888614,3,0.0,0
2026-03-27 06:12:00+00:00,1359.0196349118164,0,4,0,0,190,1.4365434202359257,5,0.75,0
2026-03-27 06:15:00+00:00,570.020020106052,0,1,0,2,232,1.0,3,0.0,0
2026-03-27 06:28:00+00:00,837.5994601815164,0,1,0,0,269,1.0,4,0.0,0
2026-03-27 06:48:00+00:00,628.0643554240764,1,2,0,0,64,1.0,4,0.5,0
2026-03-27 06:51:00+00:00,634.2367219622105,0,3,0,1,57,1.0,2,0.6666666666666666,0
2026-03-27 07:14:00+00:00,240.99941722133335,1,1,0,0,293,1.0,2,0.0,0
2026-03-27 08:03:00+00:00,329.1854709145824,1,2,1,3,204,1.0,5,0.5,1
2026-03-27 09:44:00+00:00,589.7665905032575,0,1,0,1,274,1.0,2,0.0,0
2026-03-27 09:49:00+00:00,304.5998219470189,0,1,0,0,77,1.0,3,0.0,0
2026-03-27 10:08:00+00:00,115.22549816253745,0,1,0,0,278,1.0,8,0.0,0
2026-03-27 10:14:00+00:00,4600.801271122272,0,1,0,0,125,14.481557774376553,2,0.0,0
2026-03-27 10:30:00+00:00,226.0931571620135,0,1,0,0,354,0.26905179289242276,3,0.0,0
2026-03-27 10:53:00+00:00,462.56276975378165,1,1,1,5,43,0.5581952828383224,3,0.0,1
2026-03-27 11:16:00+00:00,219.3054284635126,0,3,0,1,108,1.0,4,0.6666666666666666,0
2026-03-27 11:39:00+00:00,3585.8996201846912,1,1,0,1,355,1.0,4,0.0,1
2026-03-27 11:39:00+00:00,1054.6420567392133,0,1,0,0,6,1.0,3,0.0,0
2026-03-27 11:46:00+00:00,676.0967567747451,0,1,0,0,142,1.0,2,0.0,0
2026-03-27 12:10:00+00:00,45.700323794019155,0,1,0,0,271,1.0,2,0.0,0
2026-03-27 12:48:00+00:00,59.9412834431432,0,1,0,1,142,1.0,1,0.0,0
2026-03-27 13:02:00+00:00,2287.1567809806356,0,1,0,0,328,1.0,4,0.0,0
2026-03-27 13:02:00+00:00,121.81224159203839,0,1,0,0,47,1.0,4,0.0,0
2026-03-27 13:19:00+00:00,274.7387448351004,0,2,0,1,53,1.0,5,0.5,0
2026-03-27 14:06:00+00:00,215.35490955958963,1,1,0,1,51,1.0,2,0.0,0
2026-03-27 14:17:00+00:00,1092.0507684493239,0,1,0,1,286,1.0,5,0.0,0
2026-03-27 15:13:00+00:00,599.3404297778766,0,1,0,0,141,1.0,2,0.0,0
2026-03-27 15:51:00+00:00,667.4394319828651,1,1,0,1,254,1.0,8,0.0,0
2026-03-27 16:04:00+00:00,886.6743680034951,0,4,0,2,192,1.0,5,0.75,0
2026-03-27 17:05:00+00:00,955.3348714961356,0,1,0,2,180,1.0,2,0.0,0
2026-03-27 20:18:00+00:00,283.97541592967127,0,1,0,1,196,1.0,6,0.0,0
2026-03-27 21:02:00+00:00,2870.3574554867696,1,1,1,2,6,1.0,2,0.0,1
2026-03-27 21:04:00+00:00,523.7226643845856,0,4,0,2,218,1.0,2,0.75,0
2026-03-27 21:24:00+00:00,412.30423365464054,0,1,0,0,119,0.3628356984171396,6,0.0,0
2026-03-27 21:51:00+00:00,725.2734030301831,1,1,0,2,204,1.0,5,0.0,0
2026-03-27 21:54:00+00:00,495.8646386253745,0,1,0,0,86,1.0,3,0.0,0
2026-03-27 22:08:00+00:00,294.336602025937,0,1,0,0,113,1.0,3,0.0,0
2026-03-27 22:25:00+00:00,469.79358363218375,0,1,0,1,360,1.0,3,0.0,0
2026-03-27 22:45:00+00:00,558.4787092199294,1,1,0,0,112,1.0,5,0.0,0
2026-03-27 22:49:00+00:00,683.6100018577418,1,1,0,0,281,1.0,1,0.0,0
2026-03-27 22:57:00+00:00,155.27267594880357,0,1,0,2,343,1.0,1,0.0,0
2026-03-27 23:06:00+00:00,2096.9500885910784,0,1,0,1,212,2.0536294918349713,1,0.0,0
2026-03-27 23:11:00+00:00,559.970756077438,1,1,2,6,147,1.0,5,0.0,1
2026-03-27 23:25:00+00:00,667.2592640212958,1,1,0,2,35,1.0,1,0.0,0
2026-03-28 00:12:00+00:00,432.1755357665405,0,1,0,1,252,1.0497205765639117,2,0.0,0
2026-03-28 00:13:00+00:00,484.5658339300404,0,1,0,1,328,1.0,1,0.0,0
2026-03-28 00:15:00+00:00,536.8183305698878,0,1,0,1,203,1.0,5,0.0,1
2026-03-28 01:50:00+00:00,226.51743706479283,0,1,0,0,207,1.0,1,0.0,0
2026-03-28 02:01:00+00:00,570.5826416874464,1,1,0,0,67,1.161372261874484,2,0.0,0
2026-03-28 02:20:00+00:00,1114.1797719566953,0,1,0,0,196,1.0,2,0.0,0
2026-03-28 02:59:00+00:00,354.12665073199327,0,2,0,2,252,0.5864228479149186,2,0.5,0
2026-03-28 03:14:00+00:00,679.8755135642898,0,1,0,1,205,1.0,2,0.0,0
2026-03-28 03:20:00+00:00,419.47085933785,0,1,0,0,316,1.0,3,0.0,0
2026-03-28 03:26:00+00:00,379.5517491747992,0,1,0,1,29,0.5294996977962401,3,0.0,0
2026-03-28 03:58:00+00:00,1914.2160990917896,0,1,0,1,143,1.0,2,0.0,0
2026-03-28 04:05:00+00:00,1621.8954891717965,0,1,0,2,165,1.0,2,0.0,0
2026-03-28 04:36:00+00:00,993.2416617844104,1,1,0,0,190,4.079269577840828,2,0.0,0
2026-03-28 04:43:00+00:00,857.2719272159909,0,4,0,1,148,1.150668310047144,4,0.75,0
2026-03-28 05:28:00+00:00,1172.4593409446904,0,3,0,1,306,1.0,4,0.6666666666666666,0
2026-03-28 06:32:00+00:00,1203.127052737633,0,1,0,0,299,2.1594150147433115,3,0.0,0
2026-03-28 06:43:00+00:00,278.60279751812914,0,1,0,1,253,1.0,2,0.0,0
2026-03-28 07:17:00+00:00,233.4577695900853,0,1,0,2,323,0.14480734297252634,1,0.0,0
2026-03-28 07:19:00+00:00,168.18351939450608,0,1,0,2,354,1.0,1,0.0,0
2026-03-28 08:18:00+00:00,541.8568470780983,0,1,0,2,111,1.0,2,0.0,0
2026-03-28 08:55:00+00:00,1166.4462126453477,0,1,0,0,334,1.0,3,0.0,0
2026-03-28 10:07:00+00:00,350.8069239639216,1,1,0,1,22,1.0,2,0.0,0
2026-03-28 10:41:00+00:00,1010.1126322348587,0,1,0,1,200,1.0,4,0.0,0
2026-03-28 12:31:00+00:00,1269.0977431538804,1,1,0,1,51,1.0,2,0.0,1
2026-03-28 14:13:00+00:00,635.6318806961689,0,3,0,1,268,1.0,2,0.6666666666666666,0
2026-03-28 14:33:00+00:00,166.35886795044215,0,2,0,0,276,0.3917672787397857,1,0.5,0
2026-03-28 15:06:00+00:00,297.89735591963915,1,2,0,1,168,1.0,4,0.5,0
2026-03-28 15:46:00+00:00,4492.975700270746,0,1,0,2,51,1.0,2,0.0,0
2026-03-28 17:02:00+00:00,2306.283355754642,1,2,0,0,246,1.0,3,0.5,1
2026-03-28 17:31:00+00:00,2070.5445166136055,0,1,0,2,199,1.0,4,0.0,0
2026-03-28 18:06:00+00:00,853.2988711206257,1,1,1,4,239,1.0,2,0.0,0
2026-03-28 18:12:00+00:00,343.4473387597256,0,2,0,3,28,1.0,1,0.5,0
2026-03-28 18:34:00+00:00,1086.926636381153,1,1,0,1,252,0.9355613018952512,2,0.0,0
2026-03-28 19:02:00+00:00,405.60112115371857,0,1,0,1,141,0.29656593794207775,1,0.0,0
2026-03-28 19:17:00+00:00,155.7777056110819,1,3,0,0,111,1.0,1,0.6666666666666666,0
2026-03-28 19:56:00+00:00,37.97667534612381,1,1,0,1,254,0.039336475375766365,3,0.0,0
2026-03-28 20:34:00+00:00,373.89559827422994,0,1,0,0,222,1.0,2,0.0,0
2026-03-28 20:34:00+00:00,834.1011600505706,0,1,0,1,33,1.0,4,0.0,0
2026-03-28 21:49:00+00:00,379.7755247256129,1,1,0,2,99,0.5347037341610006,4,0.0,0
2026-03-28 21:50:00+00:00,602.5301150786285,0,1,0,1,55,0.6642401748174571,2,0.0,1
2026-03-28 21:55:00+00:00,140.60669012777916,1,1,0,1,188,1.0,4,0.0,0
2026-03-29 01:01:00+00:00,385.4684099160684,0,1,0,1,111,1.0,5,0.0,0
2026-03-29 01:02:00+00:00,1562.9854979955503,1,1,0,1,163,1.0,3,0.0,0
2026-03-29 01:14:00+00:00,327.79253238379766,0,2,0,0,277,0.23120653633587818,2,0.5,0
2026-03-29 01:15:00+00:00,479.0410272666626,1,1,0,1,135,0.4262071959229603,2,0.0,0
2026-03-29 02:26:00+00:00,448.2721237724072,1,1,0,2,288,1.0,1,0.0,0
2026-03-29 02:38:00+00:00,193.78449871944113,1,1,0,0,239,1.0,2,0.0,0
2026-03-29 03:41:00+00:00,518.6509909186641,1,1,0,1,26,1.0,4,0.0,0
2026-03-29 04:21:00+00:00,208.4769911646852,1,1,0,0,206,0.393109322382323,2,0.0,0
2026-03-29 04:29:00+00:00,1700.6954388625322,0,1,0,2,30,2.208716073707136,2,0.0,0
2026-03-29 04:35:00+00:00,633.3050935278777,0,1,0,0,288,1.0,3,0.0,0
2026-03-29 05:00:00+00:00,270.8887653657926,0,1,0,1,199,1.0,2,0.0,0
2026-03-29 05:24:00+00:00,1353.4217404922595,0,1,0,1,270,1.7305556431026434,3,0.0,0
2026-03-29 05:27:00+00:00,758.7440174364751,0,1,0,1,275,0.49000946908451926,3,0.0,0
2026-03-29 06:17:00+00:00,817.5181955759997,1,1,0,1,68,1.0,4,0.0,0
2026-03-29 06:19:00+00:00,251.05056536068474,0,1,0,3,328,0.6973202647110092,3,0.0,0
2026-03-29 06:41:00+00:00,733.0136715388181,1,3,0,1,30,1.0,4,0.6666666666666666,0
2026-03-29 06:55:00+00:00,1827.7531962773646,0,1,0,0,259,1.0,4,0.0,0
2026-03-29 07:02:00+00:00,45.31375676210316,0,1,0,0,20,1.0,1,0.0,0
2026-03-29 07:03:00+00:00,386.8518900838409,0,1,0,1,227,0.31279620326541857,6,0.0,0
2026-03-29 07:36:00+00:00,937.9874848544927,0,1,0,1,292,0.9661944850402541,4,0.0,0
2026-03-29 08:53:00+00:00,539.1058373082467,0,1,0,1,330,1.0,1,0.0,0
2026-03-29 08:54:00+00:00,653.2735374551925,1,2,0,0,277,1.0,2,0.5,0
2026-03-29 09:09:00+00:00,66.52606139771919,0,1,0,0,189,0.11417854273654328,2,0.0,0
2026-03-29 09:29:00+00:00,285.2111178627913,0,1,0,0,189,0.620742746745892,1,0.0,0
2026-03-29 09:31:00+00:00,146.85901711302282,0,1,0,1,139,0.1238311424114707,4,0.0,0
2026-03-29 09:45:00+00:00,321.28969033127015,0,1,0,2,295,1.0,2,0.0,0
2026-03-29 10:05:00+00:00,363.52375264210343,0,1,0,1,170,1.0,2,0.0,0
2026-03-29 10:31:00+00:00,707.0083783089694,0,3,1,4,350,1.0,3,0.6666666666666666,1
2026-03-29 10:37:00+00:00,238.39175070242308,0,3,0,1,128,1.0,2,0.6666666666666666,0
2026-03-29 11:51:00+00:00,105.76754956209254,0,1,0,2,71,1.0,3,0.0,0
2026-03-29 11:55:00+00:00,142.03994462331354,1,1,0,1,252,1.0,5,0.0,0
2026-03-29 12:20:00+00:00,193.61679333383367,1,2,0,0,54,0.23416666298854372,4,0.5,0
2026-03-29 12:44:00+00:00,194.37713069537583,1,4,0,1,361,1.0,4,0.75,0
2026-03-29 13:00:00+00:00,387.1783088642874,0,1,0,1,308,1.0,1,0.0,0
2026-03-29 13:22:00+00:00,1233.1779792119128,0,1,0,0,359,0.7806285372578777,3,0.0,0
2026-03-29 13:48:00+00:00,173.0295847856492,0,1,0,1,97,1.0,2,0.0,0
2026-03-29 14:11:00+00:00,2050.1012766617164,0,1,0,1,243,1.0,5,0.0,0
2026-03-29 14:21:00+00:00,1398.12239273117,0,1,0,0,23,1.0,2,0.0,0
2026-03-29 14:30:00+00:00,1338.589166295225,1,1,0,0,41,1.0,4,0.0,0
2026-03-29 14:35:00+00:00,904.5521815609231,0,1,0,0,221,1.0,4,0.0,0
2026-03-29 14:41:00+00:00,269.9612826154886,0,1,0,0,301,0.1764232686042526,3,0.0,0
2026-03-29 15:22:00+00:00,1861.0952884588,0,1,0,1,153,1.0,2,0.0,0
2026-03-29 15:29:00+00:00,117.28989082579007,1,1,0,1,326,1.0,5,0.0,0
2026-03-29 15:38:00+00:00,722.8068866663068,0,1,0,1,261,1.0,7,0.0,0
2026-03-29 16:30:00+00:00,231.06847772077728,0,1,0,1,311,1.0,2,0.0,0
2026-03-29 16:30:00+00:00,190.60309180055117,0,1,0,1,193,0.2824466053988181,2,0.0,0
2026-03-29 16:59:00+00:00,718.9284498066215,0,1,0,1,210,1.0,2,0.0,0
2026-03-29 17:10:00+00:00,763.6003550723262,0,1,0,0,351,0.4418628375078713,3,0.0,0
2026-03-29 18:57:00+00:00,624.9595451117864,1,1,0,0,307,1.0992985841418552,1,0.0,0
2026-03-29 19:37:00+00:00,1115.725849060022,1,1,0,1,51,2.2114859776731195,2,0.0,0
2026-03-29 19:59:00+00:00,296.4363311662329,1,1,0,3,184,1.0,5,0.0,0
2026-03-29 20:18:00+00:00,1565.3150010299291,1,2,0,0,13,1.0,3,0.5,0
2026-03-29 20:39:00+00:00,406.7586131741946,1,1,0,0,253,0.5191253494363621,3,0.0,0
2026-03-29 20:54:00+00:00,314.1252194984754,1,1,0,0,343,0.1784594223907837,1,0.0,0
2026-03-29 21:59:00+00:00,647.1831761492758,0,1,0,0,165,1.363344710113098,3,0.0,0
2026-03-29 22:13:00+00:00,217.707374903083,0,1,0,0,255,1.0,2,0.0,0
2026-03-29 23:23:00+00:00,653.6768386789818,1,1,0,1,171,0.43250050443212984,4,0.0,1
2026-03-29 23:40:00+00:00,364.4897209801459,1,1,0,2,172,1.0,3,0.0,0
2026-03-30 00:13:00+00:00,4386.202376190073,0,1,0,2,311,1.0,4,0.0,1
2026-03-30 01:16:00+00:00,846.0315561254403,0,3,0,0,151,2.4823004765746095,2,0.6666666666666666,0
2026-03-30 01:32:00+00:00,217.5002033152572,0,2,0,0,343,0.44313335181419633,1,0.5,0
2026-03-30 01:59:00+00:00,1671.2411350612101,0,1,0,2,360,2.536114642443359,3,0.0,0
2026-03-30 02:25:00+00:00,404.5276245874846,0,2,0,0,339,1.0,4,0.5,0
2026-03-30 02:48:00+00:00,1407.1077738623349,0,1,0,3,332,1.180424895074841,2,0.0,0
2026-03-30 03:45:00+00:00,914.0978282115185,0,1,0,1,222,1.0,3,0.0,0
2026-03-30 04:56:00+00:00,1266.118298005879,0,1,0,1,362,1.0,3,0.0,0
2026-03-30 05:19:00+00:00,556.7382684416264,1,3,0,3,204,1.0,1,0.6666666666666666,0
2026-03-30 06:21:00+00:00,394.0511067758561,0,1,0,0,237,1.0,4,0.0,0
2026-03-30 06:38:00+00:00,1068.5901105358741,0,1,0,1,265,1.0,3,0.0,0
2026-03-30 06:55:00+00:00,479.94090250798524,0,1,1,2,237,1.0,4,0.0,1
2026-03-30 07:52:00+00:00,266.23850865192287,1,1,0,3,60,1.0,4,0.0,1
2026-03-30 08:51:00+00:00,529.8291918006458,0,1,0,0,154,1.0,3,0.0,0
2026-03-30 09:49:00+00:00,2105.710766929083,0,1,0,1,275,1.0,4,0.0,0
2026-03-30 10:17:00+00:00,225.36181562212423,0,2,0,0,97,1.0,2,0.5,0
2026-03-30 11:44:00+00:00,455.0316921113119,1,4,0,1,314,1.0,6,0.75,0
2026-03-30 13:36:00+00:00,456.09818576511094,0,1,0,1,45,0.3248156198271809,4,0.0,0
2026-03-30 13:56:00+00:00,756.7900888121501,0,3,0,1,179,0.9481611164511767,4,0.6666666666666666,0
2026-03-30 14:12:00+00:00,8762.246059666439,1,1,0,0,307,1.0,4,0.0,0
2026-03-30 14:42:00+00:00,245.22429109314484,1,1,0,2,117,1.0,1,0.0,0
2026-03-30 16:52:00+00:00,2288.5139418778913,1,1,0,2,187,1.939833345611758,4,0.0,1
2026-03-30 16:58:00+00:00,157.64150729319906,1,1,0,3,303,0.1087395150316643,2,0.0,0
2026-03-30 17:55:00+00:00,939.3005593160378,1,1,1,1,170,0.9579971138758137,3,0.0,1
2026-03-30 18:34:00+00:00,4103.883732678307,0,1,0,1,274,1.0,3,0.0,0
2026-03-30 19:10:00+00:00,527.0875624662023,1,2,0,0,85,0.4014812568520832,3,0.5,0
2026-03-30 19:20:00+00:00,1119.3945562377967,1,1,0,1,353,1.6423074259544772,3,0.0,1
2026-03-30 19:36:00+00:00,83.54988548618893,1,1,0,0,164,1.0,3,0.0,0
2026-03-30 19:44:00+00:00,1674.8420154613189,0,1,0,2,11,1.2729860523862062,4,0.0,0
2026-03-30 20:07:00+00:00,873.4274027384145,0,1,0,1,147,0.8108327875804139,6,0.0,0
2026-03-30 20:28:00+00:00,111.75900070352185,0,2,0,2,274,1.0,3,0.5,0
2026-03-30 21:43:00+00:00,1786.6644568186891,1,1,0,3,40,1.0,3,0.0,0
2026-03-30 21:47:00+00:00,2150.1432655941253,1,1,0,1,266,4.742353083635161,4,0.0,0
2026-03-30 22:01:00+00:00,1134.759229666049,1,1,0,0,271,1.0,3,0.0,0
2026-03-30 22:06:00+00:00,425.89686579125487,0,1,0,0,336,1.0,1,0.0,0
2026-03-30 22:28:00+00:00,493.3906891585493,0,1,0,3,352,0.33694184537384786,3,0.0,0
2026-03-30 23:28:00+00:00,629.4461586532615,0,1,0,0,326,0.5419577859293483,6,0.0,0
2026-03-30 23:40:00+00:00,488.61021129219245,0,1,0,1,162,0.5333469423622405,2,0.0,0
2026-03-30 23:48:00+00:00,1895.396381504242,0,1,0,4,134,2.7265437726247366,4,0.0,0
2026-03-31 00:17:00+00:00,112.4078071079033,0,4,0,3,42,0.10310829566086091,2,0.75,0
2026-03-31 00:20:00+00:00,685.3959529446761,0,1,0,2,155,1.0,6,0.0,0
2026-03-31 00:56:00+00:00,419.6659415330972,0,1,0,0,178,1.0,2,0.0,0
2026-03-31 01:12:00+00:00,1330.8943861752007,0,1,0,0,27,2.328314157313405,1,0.0,0
2026-03-31 01:39:00+00:00,37.96029984928425,0,2,0,0,84,0.0629985134644766,2,0.5,0
2026-03-31 01:59:00+00:00,520.9116985803292,0,1,0,1,315,1.0,3,0.0,0
2026-03-31 02:21:00+00:00,56.990496176462706,1,1,0,0,131,0.14126229865783024,1,0.0,0
2026-03-31 02:42:00+00:00,269.56886467832254,1,1,0,0,38,1.0,2,0.0,0
2026-03-31 02:51:00+00:00,464.4084847054359,0,2,0,2,1,1.0,4,0.5,0
2026-03-31 03:36:00+00:00,1450.4028375633902,1,4,0,0,77,1.0,3,0.75,0
2026-03-31 03:37:00+00:00,68.47519839782622,0,2,1,2,217,0.0911006943239966,1,0.5,0
2026-03-31 03:39:00+00:00,161.285398163829,0,1,0,0,71,1.0,2,0.0,0
2026-03-31 03:41:00+00:00,904.30693343035,1,4,0,1,28,1.527984117935759,2,0.75,1
2026-03-31 03:49:00+00:00,2476.5512207357547,0,1,0,0,61,1.0,5,0.0,0
2026-03-31 03:51:00+00:00,656.2778530798366,0,1,0,0,242,1.0,4,0.0,0
2026-03-31 04:06:00+00:00,2700.6860724816984,1,1,0,0,9,2.5043725887739394,3,0.0,1
2026-03-31 04:47:00+00:00,1045.786826553992,1,1,0,2,235,0.6497721459496189,3,0.0,1
2026-03-31 05:07:00+00:00,161.20391495565434,0,1,0,0,291,1.0,2,0.0,0
2026-03-31 05:41:00+00:00,2121.3981793706803,0,1,0,0,359,5.730199907911919,3,0.0,0
2026-03-31 06:34:00+00:00,150.6706187460802,0,4,0,1,159,1.0,3,0.75,0
2026-03-31 06:37:00+00:00,134.560071867605,1,3,0,3,30,0.04504666333803529,2,0.6666666666666666,0
2026-03-31 07:05:00+00:00,1054.6333222601693,0,1,0,0,311,1.0,1,0.0,0
2026-03-31 07:34:00+00:00,791.1619219938815,0,1,0,2,53,0.6174150079321055,2,0.0,0
2026-03-31 08:12:00+00:00,178.11040456288364,1,1,0,1,277,0.515403130150746,6,0.0,0
2026-03-31 08:34:00+00:00,1378.74670491681,0,1,0,1,198,1.0,2,0.0,0
2026-03-31 08:52:00+00:00,664.7572572163841,0,1,0,0,306,1.0,4,0.0,0
2026-03-31 09:27:00+00:00,68.51924051816835,1,1,0,3,191,1.0,1,0.0,0
2026-03-31 10:18:00+00:00,1739.4547417361273,1,2,0,0,346,1.0,5,0.5,0
2026-03-31 10:32:00+00:00,359.3805182949233,0,1,0,0,174,0.47608188390953754,1,0.0,0
2026-03-31 10:43:00+00:00,1020.0008370977322,0,2,0,0,205,0.6031301136707425,2,0.5,0
2026-03-31 12:58:00+00:00,952.6515512635422,0,2,0,0,11,0.8320419267497119,6,0.5,1
2026-03-31 14:00:00+00:00,252.5758006443635,0,1,0,1,35,0.4813183640215676,2,0.0,0
2026-03-31 15:05:00+00:00,1297.3133564721013,0,1,0,2,301,1.359234088055598,6,0.0,0
2026-03-31 17:08:00+00:00,349.00258041554247,1,1,0,1,315,0.5344961730393717,2,0.0,0
2026-03-31 17:57:00+00:00,906.8878769302635,0,1,0,2,295,1.0,3,0.0,0
2026-03-31 18:55:00+00:00,382.4060802283849,0,1,0,3,45,1.0,4,0.0,0
2026-03-31 19:12:00+00:00,136.00344572870077,1,1,0,1,364,1.0,5,0.0,0
2026-03-31 19:44:00+00:00,336.04644099483596,0,1,0,1,280,1.0,4,0.0,0
2026-03-31 19:50:00+00:00,282.5913213635793,0,2,0,3,193,0.2634230231184385,2,0.5,0
2026-03-31 20:20:00+00:00,1859.619214820309,0,1,0,1,342,3.230950953181103,2,0.0,0
2026-03-31 21:46:00+00:00,2579.7626511623794,0,3,0,0,144,1.0,3,0.6666666666666666,0
2026-03-31 21:53:00+00:00,1791.826279208224,0,1,0,0,283,1.6256131959079658,3,0.0,0
2026-03-31 22:49:00+00:00,1045.6593279361525,1,1,0,2,355,2.518950780554601,1,0.0,0
2026-03-31 23:13:00+00:00,55.892576737440514,1,1,0,3,249,0.19536662891778864,3,0.0,0
2026-03-31 23:20:00+00:00,1189.2178535274654,0,2,0,0,363,1.0,4,0.5,0
2026-03-31 23:53:00+00:00,328.35598735261664,0,1,0,1,102,0.6125095112055251,3,0.0,0
2026-04-01 00:48:00+00:00,248.7669945920862,0,1,0,3,215,0.2063696427160448,3,0.0,0
2026-04-01 00:51:00+00:00,3778.190551887028,0,3,0,1,79,1.0,3,0.6666666666666666,1
2026-04-01 01:35:00+00:00,493.461744622494,0,2,0,1,110,1.0,2,0.5,0
2026-04-01 02:24:00+00:00,430.12835302344916,0,1,0,2,21,1.0,3,0.0,0
2026-04-01 02:29:00+00:00,1360.8378932354376,0,1,0,1,153,4.990888210072481,2,0.0,0
2026-04-01 03:09:00+00:00,744.8088018060333,0,1,0,0,50,0.48028809311568144,1,0.0,0
2026-04-01 04:11:00+00:00,642.8348730239633,1,1,0,3,226,0.5471921038147599,3,0.0,0
2026-04-01 04:47:00+00:00,970.7082105666243,0,2,0,0,146,1.0,2,0.5,0
2026-04-01 05:26:00+00:00,413.7462303586196,0,1,0,0,94,0.4229968789967208,3,0.0,0
2026-04-01 05:36:00+00:00,718.5997939592535,0,1,0,0,339,1.0,3,0.0,0
2026-04-01 05:41:00+00:00,464.8798234739331,1,1,0,0,156,1.0,1,0.0,0
2026-04-01 06:21:00+00:00,1034.4334546808234,1,1,0,2,253,1.0,3,0.0,0
2026-04-01 06:34:00+00:00,1774.129577578672,0,1,0,1,125,1.0,2,0.0,0
2026-04-01 06:39:00+00:00,698.5009755776193,0,1,0,0,13,0.7880817417529257,2,0.0,0
2026-04-01 07:46:00+00:00,961.8053173022053,0,1,0,1,202,1.0,5,0.0,0
2026-04-01 09:53:00+00:00,642.4330055951901,0,1,0,1,96,1.0,4,0.0,0
2026-04-01 09:53:00+00:00,3237.511610173252,0,1,0,2,135,3.7863514606032167,4,0.0,0
2026-04-01 11:39:00+00:00,17552.50446729737,1,1,0,1,252,1.0,1,0.0,1
2026-04-01 12:10:00+00:00,5881.013711511905,0,4,0,1,272,6.552629822495143,1,0.75,0
2026-04-01 12:14:00+00:00,681.9628249460914,1,1,0,1,153,1.0,3,0.0,0
2026-04-01 12:31:00+00:00,71.6156774738638,0,1,0,1,212,1.0,5,0.0,0
2026-04-01 12:36:00+00:00,118.17663697461823,0,1,0,2,93,1.0,4,0.0,0
2026-04-01 12:44:00+00:00,460.7300909338523,0,1,0,0,56,1.0,2,0.0,0
2026-04-01 13:01:00+00:00,441.51321293660936,0,1,2,4,319,0.8698459064320987,6,0.0,1
2026-04-01 14:26:00+00:00,517.0448131059688,0,1,0,1,290,1.0,3,0.0,0
2026-04-01 15:13:00+00:00,505.8092701325015,0,1,0,2,96,0.7182871700664467,2,0.0,0
2026-04-01 15:23:00+00:00,199.03270465892342,1,1,0,1,275,0.31733046205005566,5,0.0,0
2026-04-01 15:44:00+00:00,444.75368717322726,0,4,0,2,145,1.0,4,0.75,0
2026-04-01 16:00:00+00:00,165.14807503562224,1,1,0,1,200,1.0,2,0.0,0
2026-04-01 16:53:00+00:00,414.06334272412147,1,1,0,0,337,0.6320461775363837,5,0.0,0
2026-04-01 18:17:00+00:00,488.8760695884347,0,1,0,0,43,1.0,4,0.0,0
2026-04-01 18:18:00+00:00,141.91949822021837,0,1,0,1,198,1.0,1,0.0,0
2026-04-01 19:04:00+00:00,588.1677578095216,0,2,0,1,38,1.0,3,0.5,0
2026-04-01 20:41:00+00:00,270.58303993913194,1,1,0,0,192,1.0,4,0.0,0
2026-04-01 20:42:00+00:00,1768.1424246540728,0,1,0,0,17,1.0,3,0.0,0
2026-04-01 21:04:00+00:00,336.1828766822906,0,1,0,1,120,0.5197978948338956,2,0.0,0
2026-04-01 22:36:00+00:00,748.8704649819152,1,1,0,4,232,1.0,2,0.0,0
2026-04-01 22:50:00+00:00,328.23400217194353,1,1,0,1,272,1.0,6,0.0,0
2026-04-01 23:24:00+00:00,72.44757056119087,1,1,0,2,321,1.0,4,0.0,0
2026-04-01 23:45:00+00:00,901.2679342800852,0,1,0,1,312,1.0,2,0.0,0
2026-04-02 00:09:00+00:00,1942.15717255231,0,1,0,1,328,1.0,2,0.0,0
2026-04-02 00:20:00+00:00,1558.2660201324802,0,1,0,0,248,2.94118442300076,4,0.0,0
2026-04-02 00:26:00+00:00,1412.7253262036593,0,1,0,3,39,1.0,5,0.0,0
2026-04-02 00:34:00+00:00,621.8749004489389,0,1,0,0,150,1.0,2,0.0,0
2026-04-02 02:24:00+00:00,2222.968837959156,0,4,0,0,155,1.0,4,0.75,0
2026-04-02 02:48:00+00:00,156.47439130420818,0,2,0,0,153,1.0,5,0.5,0
2026-04-02 03:14:00+00:00,336.5766877920683,0,1,0,0,108,1.0,2,0.0,0
2026-04-02 03:30:00+00:00,122.6813751684956,1,1,0,0,161,0.128018592174362,4,0.0,0
2026-04-02 05:33:00+00:00,2817.034690567827,0,1,0,1,317,1.0,1,0.0,0
2026-04-02 05:39:00+00:00,119.02437842844611,0,1,1,3,293,1.0,1,0.0,1
2026-04-02 06:01:00+00:00,346.04933964276074,1,1,0,1,324,0.47919160539225547,3,0.0,0
2026-04-02 06:36:00+00:00,660.3404249417531,0,1,0,1,57,1.0,1,0.0,0
2026-04-02 07:24:00+00:00,832.2066965453002,0,1,0,1,240,1.0,5,0.0,0
2026-04-02 08:42:00+00:00,178.84577587661028,1,1,0,0,310,0.3547543038263445,2,0.0,0
2026-04-02 09:47:00+00:00,282.6463849392353,0,1,0,2,353,1.0,2,0.0,0
2026-04-02 09:52:00+00:00,278.54551236654027,0,1,0,1,263,1.0,3,0.0,0
2026-04-02 10:51:00+00:00,226.21780353628853,0,1,0,1,164,0.3039985998648693,3,0.0,0
2026-04-02 11:17:00+00:00,2127.5496249920297,0,1,0,5,25,5.173569265341453,5,0.0,0
2026-04-02 11:33:00+00:00,163.01723831876802,0,1,0,0,135,0.11792283681160434,2,0.0,0
2026-04-02 11:42:00+00:00,812.1679148482863,0,1,0,2,170,0.9938315416588682,3,0.0,0
2026-04-02 11:43:00+00:00,537.6680351881959,0,2,0,2,357,1.0,3,0.5,0
2026-04-02 12:03:00+00:00,101.59309485182733,0,1,0,1,152,1.0,1,0.0,0
2026-04-02 13:07:00+00:00,299.25203519457375,0,3,0,1,287,1.0,9,0.6666666666666666,0
2026-04-02 13:12:00+00:00,2272.612781832709,0,1,0,3,334,1.0,4,0.0,0
2026-04-02 13:50:00+00:00,690.4980119658991,1,1,0,1,30,1.0,5,0.0,0
2026-04-02 13:58:00+00:00,471.5508478647717,0,1,0,2,42,0.7644344815868699,2,0.0,0
2026-04-02 14:52:00+00:00,716.7427503326156,0,1,0,1,139,1.0,4,0.0,0
2026-04-02 14:56:00+00:00,1021.0908090019575,0,1,0,1,357,1.0,5,0.0,0
2026-04-02 14:57:00+00:00,666.6954556267385,0,1,0,0,47,1.0,6,0.0,0
2026-04-02 15:54:00+00:00,1006.679582463877,1,1,0,1,232,1.0,2,0.0,0
2026-04-02 16:18:00+00:00,187.05040137638406,0,1,0,2,132,1.0,3,0.0,0
2026-04-02 16:28:00+00:00,412.23260292292366,1,1,0,1,296,1.0,2,0.0,0
2026-04-02 17:19:00+00:00,1476.4199023379977,0,1,0,0,79,1.0,6,0.0,0
2026-04-02 18:41:00+00:00,2999.713935312114,1,1,1,2,22,1.0,6,0.0,1
2026-04-02 19:21:00+00:00,438.4080405003741,1,1,0,0,95,1.0,5,0.0,0
2026-04-02 19:32:00+00:00,386.9853959447303,0,2,0,0,29,0.33829760987174834,4,0.5,0
2026-04-02 19:52:00+00:00,593.017030569103,0,2,0,1,194,0.85587642792228,3,0.5,0
2026-04-02 19:53:00+00:00,433.02894142678997,0,1,0,0,297,0.1680667871805513,3,0.0,0
2026-04-02 20:43:00+00:00,2366.766428897482,1,1,1,5,49,1.6299763581785458,3,0.0,1
2026-04-02 21:11:00+00:00,107.0428541973389,0,3,0,0,88,0.06623958398469018,2,0.6666666666666666,0
2026-04-02 21:51:00+00:00,231.83279262428834,0,1,0,0,364,1.0,5,0.0,0
2026-04-02 22:11:00+00:00,218.8650330145845,1,1,0,3,316,0.3683824525067354,4,0.0,0
2026-04-02 22:19:00+00:00,463.21574677924855,1,1,0,2,123,1.0,3,0.0,0
2026-04-02 22:25:00+00:00,515.179623356745,0,1,0,2,177,1.0,3,0.0,0
2026-04-02 22:53:00+00:00,1056.250482967016,1,1,0,2,353,1.0,3,0.0,0
2026-04-02 22:54:00+00:00,5957.985300110253,0,1,0,2,10,1.0,5,0.0,0
2026-04-02 23:27:00+00:00,207.14697451408497,1,1,0,0,212,1.0,1,0.0,0
2026-04-02 23:53:00+00:00,1305.893867224045,1,1,0,0,214,1.0,3,0.0,0
2026-04-02 23:55:00+00:00,2066.335949324239,0,1,0,1,300,1.4755003893172802,4,0.0,0
2026-04-03 00:23:00+00:00,858.8655385640083,0,1,0,1,301,0.3728088915820676,2,0.0,0
2026-04-03 00:54:00+00:00,1358.278476657339,0,1,0,1,326,1.0,2,0.0,0
2026-04-03 01:56:00+00:00,724.7325096480406,1,4,0,1,281,1.4168262220556438,7,0.75,0
2026-04-03 01:56:00+00:00,2753.2678311658165,1,1,0,3,35,3.1986635815269504,4,0.0,1
2026-04-03 02:32:00+00:00,365.0030494323741,1,1,0,0,303,0.26735783942881,4,0.0,0
2026-04-03 02:59:00+00:00,801.1601264956595,0,1,0,2,346,0.5214118997271648,2,0.0,0
2026-04-03 03:03:00+00:00,2822.4916678109316,0,2,0,0,317,1.0,3,0.5,0
2026-04-03 03:38:00+00:00,252.21959860621672,1,1,0,1,26,1.0,3,0.0,0
2026-04-03 03:57:00+00:00,1847.289841170301,0,1,0,1,152,1.0,1,0.0,0
2026-04-03 04:03:00+00:00,973.0090725025627,0,1,0,1,364,1.0,2,0.0,0
2026-04-03 05:17:00+00:00,901.0809504141243,0,1,0,1,355,1.0,3,0.0,0
2026-04-03 05:48:00+00:00,1056.7461473617952,0,1,0,1,98,1.0,3,0.0,0
2026-04-03 06:34:00+00:00,597.841703650645,0,1,0,1,122,1.2983740839831746,5,0.0,0
2026-04-03 06:46:00+00:00,424.2733690236736,0,1,0,1,135,1.0,4,0.0,0
2026-04-03 07:03:00+00:00,368.62490872953623,1,1,0,2,205,0.7773733465253199,3,0.0,0
2026-04-03 07:15:00+00:00,602.30484424831,0,1,0,0,66,1.0,2,0.0,0
2026-04-03 07:55:00+00:00,176.63474396954365,0,1,2,4,160,0.35838735518137843,6,0.0,1
2026-04-03 08:05:00+00:00,1656.49871321061,0,1,1,2,211,1.3831483298326055,3,0.0,1
2026-04-03 08:10:00+00:00,315.2363870631502,0,1,0,1,59,0.42837742050311955,3,0.0,0
2026-04-03 08:44:00+00:00,628.7657175214308,0,1,0,1,57,1.0,1,0.0,0
2026-04-03 09:38:00+00:00,153.95033506325765,0,1,0,1,320,1.0,2,0.0,0
2026-04-03 10:34:00+00:00,2332.457973797666,0,1,0,3,224,1.0,2,0.0,0
2026-04-03 10:41:00+00:00,895.4318180715829,0,4,0,0,138,1.0,4,0.75,0
2026-04-03 11:28:00+00:00,2095.081156777917,0,2,0,1,25,4.2918602204427945,3,0.5,0
2026-04-03 11:32:00+00:00,563.7323621584712,1,1,0,1,130,1.0,1,0.0,0
2026-04-03 11:37:00+00:00,7911.675506699274,0,1,1,0,336,1.0,3,0.0,0
2026-04-03 12:41:00+00:00,1121.2384061593725,1,1,0,0,344,1.0,5,0.0,0
2026-04-03 12:48:00+00:00,416.5350320228367,0,1,0,2,173,1.0,2,0.0,0
2026-04-03 13:12:00+00:00,235.3296101459033,0,2,0,2,211,1.0,2,0.5,0
2026-04-03 13:36:00+00:00,3132.1729133165422,1,2,0,0,178,4.7002370451913364,2,0.5,1
2026-04-03 14:12:00+00:00,2989.6088016628264,1,4,0,1,151,1.0,2,0.75,1
2026-04-03 16:58:00+00:00,149.01713646339581,0,1,0,2,43,0.2190158052796976,5,0.0,0
2026-04-03 17:01:00+00:00,827.9315502865923,0,1,0,1,302,0.6356487731569371,2,0.0,0
2026-04-03 17:15:00+00:00,1991.7754396584965,0,1,1,1,147,1.0,3,0.0,0
2026-04-03 17:41:00+00:00,985.4407820559651,0,1,0,1,320,2.120080363554486,5,0.0,0
2026-04-03 17:54:00+00:00,126.3335077605019,1,1,0,0,338,0.15618510549425293,3,0.0,0
2026-04-03 17:58:00+00:00,569.6738114770424,1,1,0,0,101,1.0,6,0.0,0
2026-04-03 19:03:00+00:00,94.98623730139796,0,3,0,2,125,1.0,3,0.6666666666666666,0
2026-04-03 19:09:00+00:00,523.9819014775271,0,1,0,2,226,0.5519589698148479,5,0.0,0
2026-04-03 19:33:00+00:00,707.426492735433,0,1,0,1,297,0.7592834591533224,4,0.0,0
2026-04-03 19:49:00+00:00,958.4821519957391,1,1,0,0,97,0.8379608303318681,4,0.0,0
2026-04-03 20:12:00+00:00,1946.5889221509221,1,1,0,0,130,1.0,2,0.0,0
2026-04-03 20:35:00+00:00,888.152986838535,1,2,0,0,112,0.5038748675894621,2,0.5,0
2026-04-03 21:27:00+00:00,199.40044302373408,0,4,0,1,11,1.0,3,0.75,1
2026-04-03 22:51:00+00:00,3633.2219962352106,0,1,0,1,114,1.0,4,0.0,0
2026-04-03 23:23:00+00:00,237.82515962569073,0,3,0,3,9,0.789395582333769,1,0.6666666666666666,0
2026-04-04 00:02:00+00:00,423.1878080322216,0,2,0,1,112,1.0,4,0.5,0
2026-04-04 00:42:00+00:00,1299.3711860608526,0,2,0,1,283,3.001446810730096,1,0.5,0
2026-04-04 00:44:00+00:00,900.4402964932037,0,2,0,1,324,1.0,2,0.5,0
2026-04-04 01:03:00+00:00,2010.9767838346302,0,1,0,2,136,1.0,4,0.0,0
2026-04-04 01:31:00+00:00,262.7894652895548,1,3,0,0,73,0.5679308481829751,3,0.6666666666666666,0
2026-04-04 01:55:00+00:00,211.562294815741,0,1,0,2,190,0.12866711077955684,3,0.0,0
2026-04-04 02:02:00+00:00,1897.6934408180605,0,1,0,1,199,1.0342353627195182,5,0.0,0
2026-04-04 02:15:00+00:00,1267.625764164166,0,1,0,2,23,1.0,5,0.0,0
2026-04-04 02:26:00+00:00,2006.0357544797057,1,1,0,0,254,1.0,8,0.0,0
2026-04-04 02:52:00+00:00,708.6008441820336,0,1,0,1,331,0.5864893052894093,3,0.0,0
2026-04-04 03:53:00+00:00,155.712350955256,0,1,0,2,245,0.17991846295270894,6,0.0,0
2026-04-04 07:25:00+00:00,951.7894761618744,0,1,1,2,254,1.2462391548688723,2,0.0,0
2026-04-04 07:53:00+00:00,773.6904260315193,0,2,0,1,252,1.0,5,0.5,0
2026-04-04 08:15:00+00:00,423.987761548034,0,1,0,1,92,1.0,1,0.0,0
2026-04-04 08:45:00+00:00,412.1823327914801,0,1,0,0,249,0.7224494930689856,1,0.0,0
2026-04-04 09:19:00+00:00,1696.1982889206627,1,1,0,3,236,5.834874783117265,1,0.0,0
2026-04-04 09:24:00+00:00,242.15424856856035,0,1,0,2,209,1.0,2,0.0,0
2026-04-04 09:48:00+00:00,668.0609700735006,0,1,0,1,72,1.0,8,0.0,0
2026-04-04 09:51:00+00:00,1243.5246908044187,0,2,0,0,224,1.1844337373467329,2,0.5,0
2026-04-04 10:43:00+00:00,2379.2919323946635,0,4,0,1,3,1.0,2,0.75,0
2026-04-04 11:05:00+00:00,853.3618030179575,0,1,0,0,327,1.0,3,0.0,0
2026-04-04 11:53:00+00:00,540.0306744312069,0,1,0,0,262,0.46543612491000563,4,0.0,0
2026-04-04 12:28:00+00:00,245.2896943584127,0,1,0,1,285,1.0,3,0.0,0
2026-04-04 12:30:00+00:00,903.6631898307528,0,1,0,0,129,0.8897245331419733,4,0.0,1
2026-04-04 12:38:00+00:00,230.61194522933272,0,1,0,1,257,0.30505285918828334,4,0.0,0
2026-04-04 12:53:00+00:00,3597.5684290064855,1,1,0,0,290,1.0,5,0.0,1
2026-04-04 14:34:00+00:00,262.02678902973486,0,1,0,0,224,0.6533643080500668,2,0.0,0
2026-04-04 15:08:00+00:00,1346.0901117364986,1,1,0,2,4,2.1101873155217086,2,0.0,0
2026-04-04 15:12:00+00:00,284.8100882529035,0,1,0,4,63,0.4425251188568206,4,0.0,0
2026-04-04 15:49:00+00:00,1947.160626793907,0,1,0,0,266,1.0,4,0.0,0
2026-04-04 16:37:00+00:00,116.69856904422515,0,1,0,1,155,1.0,4,0.0,0
2026-04-04 18:04:00+00:00,736.3918161503736,0,1,0,0,144,1.0,2,0.0,0
2026-04-04 18:09:00+00:00,1027.949811475174,1,1,0,1,3,1.0,2,0.0,0
2026-04-04 18:44:00+00:00,3213.4267318770717,0,1,0,3,98,1.0,3,0.0,0
2026-04-04 18:59:00+00:00,636.9562931491603,1,2,0,0,217,1.0,4,0.5,0
2026-04-04 19:30:00+00:00,1840.074362721705,0,1,0,1,267,1.0,1,0.0,0
2026-04-04 19:31:00+00:00,2386.7023585277166,1,1,0,2,99,1.0,2,0.0,0
2026-04-04 20:30:00+00:00,103.5667267035695,0,1,0,1,162,0.07855822686566688,2,0.0,0
2026-04-04 20:54:00+00:00,124.84447919949545,1,1,0,5,256,1.0,2,0.0,0
2026-04-04 21:09:00+00:00,223.95711793667112,1,1,0,1,109,0.3557965488948123,6,0.0,0
2026-04-04 21:23:00+00:00,532.1690100727534,0,4,0,2,49,1.0,4,0.75,0
2026-04-04 21:42:00+00:00,95.30383926792653,1,1,0,2,17,1.0,2,0.0,0
2026-04-04 21:50:00+00:00,263.78568699069297,1,1,0,0,25,1.0,2,0.0,0
2026-04-04 23:11:00+00:00,50.22304269156109,1,1,0,2,35,0.07543527280902003,4,0.0,1
2026-04-04 23:27:00+00:00,180.6545787893569,1,1,0,0,329,1.0,4,0.0,0
2026-04-05 00:10:00+00:00,1069.6426072308166,1,1,0,0,353,0.9767502640155237,2,0.0,0
2026-04-05 00:33:00+00:00,334.51656142709373,0,1,0,0,67,0.6681821100434896,2,0.0,0
2026-04-05 01:30:00+00:00,257.6947837464681,0,1,0,0,118,0.23919305315034786,1,0.0,0
2026-04-05 02:06:00+00:00,201.08643119252932,1,1,0,0,93,0.2281955423072947,7,0.0,0
2026-04-05 02:24:00+00:00,98.43842533706442,0,4,0,2,361,0.13908747190599946,5,0.75,0
2026-04-05 03:25:00+00:00,238.87518783394364,0,1,0,2,43,1.0,3,0.0,0
2026-04-05 04:39:00+00:00,473.05606047875153,1,1,0,1,110,0.6037662679894086,2,0.0,0
2026-04-05 05:33:00+00:00,388.30876970789564,1,3,0,2,160,0.40453714392967915,3,0.6666666666666666,0
2026-04-05 05:39:00+00:00,584.3539155922031,0,1,0,1,308,0.5000023320761912,4,0.0,0
2026-04-05 05:45:00+00:00,277.14406175953775,0,1,0,1,115,1.0,3,0.0,0
2026-04-05 06:00:00+00:00,1606.0552438244824,0,1,0,2,312,1.0,1,0.0,0
2026-04-05 06:38:00+00:00,354.1630496017623,0,1,0,2,347,0.7024985430623855,3,0.0,0
2026-04-05 07:17:00+00:00,2341.865259645711,1,1,0,3,66,1.0,3,0.0,1
2026-04-05 07:52:00+00:00,1996.1414177575714,1,1,0,1,180,1.0,2,0.0,0
2026-04-05 08:30:00+00:00,274.1858308354697,0,1,0,0,35,1.0,5,0.0,0
2026-04-05 08:55:00+00:00,153.1434966449328,0,1,0,0,257,0.1112309581041569,3,0.0,0
2026-04-05 08:59:00+00:00,757.027180369737,0,1,0,2,345,1.0,2,0.0,0
2026-04-05 09:09:00+00:00,1587.8902531912922,0,1,0,0,136,3.2180891155534,3,0.0,0
2026-04-05 09:58:00+00:00,779.3978067408001,0,2,0,1,216,0.6942744330208709,3,0.5,0
2026-04-05 10:36:00+00:00,295.40920589457613,0,1,0,1,278,0.22687556878921472,3,0.0,0
2026-04-05 10:56:00+00:00,237.4620172225125,1,1,0,0,63,0.6869094206848536,3,0.0,0
2026-04-05 11:19:00+00:00,530.3343209731644,0,2,0,1,172,0.7964762010793697,5,0.5,0
2026-04-05 11:46:00+00:00,149.14990481242324,0,1,0,1,46,1.0,3,0.0,0
2026-04-05 12:29:00+00:00,876.6766933440846,1,1,0,1,240,0.6635110747808536,3,0.0,1
2026-04-05 13:09:00+00:00,110.64736305256481,0,1,0,2,103,0.16687813990011507,2,0.0,0
2026-04-05 13:29:00+00:00,1791.1015284843634,1,1,0,2,95,2.4330779456091127,4,0.0,0
2026-04-05 13:54:00+00:00,3697.3908661694504,0,1,0,2,304,1.0,3,0.0,0
2026-04-05 14:13:00+00:00,920.7354786864549,0,1,0,1,31,0.8925740460038858,5,0.0,0
2026-04-05 14:13:00+00:00,254.83780825698884,0,2,0,0,50,0.32841282684975953,2,0.5,0
2026-04-05 14:25:00+00:00,2315.6356754865674,0,1,0,1,274,2.312216731013151,3,0.0,0
2026-04-05 15:00:00+00:00,221.5241683440808,1,2,0,2,299,1.0,4,0.5,0
2026-04-05 15:02:00+00:00,96.82772478727378,1,1,0,2,163,0.1658567283786151,6,0.0,0
2026-04-05 15:25:00+00:00,99.1857320551364,1,1,0,2,33,1.0,6,0.0,0
2026-04-05 15:53:00+00:00,552.4354268788024,0,1,0,2,294,0.8493114939159279,1,0.0,0
2026-04-05 15:59:00+00:00,537.6976763972353,1,2,0,0,355,0.7683354168264749,4,0.5,0
2026-04-05 16:10:00+00:00,3975.215734822022,0,1,0,0,106,1.0,6,0.0,0
2026-04-05 17:05:00+00:00,913.1003168958796,1,2,1,3,32,2.499435611957804,3,0.5,1
2026-04-05 17:47:00+00:00,166.9730162944231,0,1,0,0,4,0.2383512769110808,3,0.0,0
2026-04-05 18:47:00+00:00,517.3693680992047,0,1,0,0,152,0.6507927030546901,4,0.0,0
2026-04-05 19:11:00+00:00,187.99716122404692,0,2,0,0,188,0.17469681153835065,2,0.5,0
2026-04-05 19:35:00+00:00,58.65495671236745,0,1,0,1,180,1.0,5,0.0,0
2026-04-05 19:54:00+00:00,576.431585220714,1,3,0,0,349,1.0,1,0.6666666666666666,0
2026-04-05 20:10:00+00:00,226.26540972508968,0,2,0,1,109,0.2861963142356303,3,0.5,0
2026-04-05 20:42:00+00:00,520.1350843055911,0,1,0,1,146,0.7333976195698905,3,0.0,0
2026-04-05 20:51:00+00:00,1121.9625455742937,0,1,0,1,363,2.0801529907919987,6,0.0,0
2026-04-05 20:54:00+00:00,462.49093536734665,1,2,0,2,137,1.0,4,0.5,1
2026-04-05 21:23:00+00:00,113.67739245015858,0,1,0,0,236,1.0,3,0.0,0
2026-04-05 21:25:00+00:00,397.0738643467476,0,1,0,5,318,1.0,2,0.0,0
2026-04-05 21:48:00+00:00,658.9110881433198,0,1,0,1,143,1.035722721860342,2,0.0,0
2026-04-05 21:52:00+00:00,828.9793439681233,0,3,0,1,172,0.7145516003116182,4,0.6666666666666666,0
2026-04-05 22:14:00+00:00,248.67566381335874,0,1,0,2,29,0.3660221719130167,7,0.0,0
2026-04-05 23:06:00+00:00,201.21077641457788,0,3,0,1,131,1.0,2,0.6666666666666666,0
2026-04-06 00:17:00+00:00,501.1388313785878,1,1,0,1,152,1.0,3,0.0,0
2026-04-06 01:57:00+00:00,181.38173453126146,1,1,0,1,286,1.0,4,0.0,0
2026-04-06 02:29:00+00:00,1218.803169829195,0,1,0,3,307,1.0,3,0.0,0
2026-04-06 02:51:00+00:00,1668.5381242629987,0,1,0,1,193,1.0,4,0.0,0
2026-04-06 03:04:00+00:00,844.7967029334797,0,1,0,2,101,2.389840961327701,1,0.0,0
2026-04-06 03:18:00+00:00,285.7011385209188,0,1,0,2,111,0.2268637213686365,6,0.0,0
2026-04-06 03:43:00+00:00,799.9425245032305,1,1,0,0,286,1.1519755691929068,2,0.0,0
2026-04-06 04:06:00+00:00,323.82204959563927,1,3,0,0,170,1.0,2,0.6666666666666666,0
2026-04-06 04:06:00+00:00,513.3247336437938,1,1,0,2,187,1.0,2,0.0,0
2026-04-06 04:29:00+00:00,2238.7487712089414,1,1,0,1,167,2.4523923617843404,4,0.0,1
2026-04-06 04:40:00+00:00,388.1910617990277,0,1,0,0,323,1.0,4,0.0,0
2026-04-06 04:44:00+00:00,113.60096066695488,1,1,0,1,312,0.14224666247181,6,0.0,0
2026-04-06 04:58:00+00:00,572.219491542687,1,1,0,1,24,0.6721025858710764,2,0.0,0
2026-04-06 05:03:00+00:00,444.3773458834181,0,1,0,1,155,1.0,3,0.0,0
2026-04-06 05:16:00+00:00,647.0568884772713,1,1,0,1,200,0.6886495834622393,3,0.0,0
2026-04-06 05:26:00+00:00,315.9875015370821,0,1,0,1,105,1.0,2,0.0,0
2026-04-06 05:52:00+00:00,572.4382280693194,1,1,0,0,323,1.0,1,0.0,0
2026-04-06 06:02:00+00:00,1717.2443175526419,1,2,0,1,88,1.0961870804710376,2,0.5,0
2026-04-06 07:24:00+00:00,86.55338547665252,0,1,0,2,279,1.0,3,0.0,0
2026-04-06 07:43:00+00:00,857.925159517125,0,1,0,2,292,1.0,2,0.0,0
2026-04-06 08:46:00+00:00,937.9439991452523,1,1,0,2,187,0.9080388990867012,4,0.0,0
2026-04-06 08:48:00+00:00,704.9688477778261,0,1,0,0,220,0.8373004137355619,1,0.0,0
2026-04-06 08:57:00+00:00,189.93764910576473,0,1,0,1,43,0.25743224607198467,3,0.0,0
2026-04-06 10:05:00+00:00,832.6934891798634,0,1,0,1,277,1.0,3,0.0,0
2026-04-06 11:09:00+00:00,1017.1161685401628,1,1,0,1,9,1.0,2,0.0,0
2026-04-06 11:18:00+00:00,2456.4400292008445,0,1,0,0,28,1.0,2,0.0,0
2026-04-06 11:28:00+00:00,676.0162755807728,1,1,0,0,134,1.0,2,0.0,0
2026-04-06 12:01:00+00:00,108.45555834290663,0,2,0,2,279,0.1432091869428771,2,0.5,0
2026-04-06 12:21:00+00:00,892.8879980007612,1,1,0,1,349,1.0,2,0.0,0
2026-04-06 12:39:00+00:00,1151.1523483371989,1,1,0,2,17,0.3991891326900771,5,0.0,0
2026-04-06 14:13:00+00:00,880.7000395534594,1,4,0,1,262,1.0,5,0.75,0
2026-04-06 14:20:00+00:00,8253.181407239947,0,1,0,2,159,1.0,1,0.0,0
2026-04-06 14:46:00+00:00,1648.4367990991611,0,4,0,1,17,1.0,4,0.75,0
2026-04-06 15:17:00+00:00,683.7361883315425,1,1,0,1,219,1.0,4,0.0,0
2026-04-06 16:39:00+00:00,359.3849006418393,0,1,0,1,26,1.0,3,0.0,1
2026-04-06 16:55:00+00:00,442.0543995855018,0,1,0,0,247,1.1072028029554735,3,0.0,0
2026-04-06 17:01:00+00:00,925.4272893340932,0,1,0,1,352,1.0,2,0.0,0
2026-04-06 17:24:00+00:00,178.07210193498307,1,1,0,1,310,0.35891816874996585,3,0.0,0
2026-04-06 17:28:00+00:00,538.159349089867,1,1,0,0,56,0.5818111193916178,5,0.0,0
2026-04-06 17:32:00+00:00,263.91678548605273,0,1,0,1,163,1.0,3,0.0,0
2026-04-06 17:34:00+00:00,43.09451895259919,0,1,0,2,330,0.03140002588436201,2,0.0,0
2026-04-06 17:35:00+00:00,1966.4445831202513,0,1,0,1,138,1.0,2,0.0,0
2026-04-06 18:08:00+00:00,501.90619613357165,0,1,0,2,140,1.11917357746636,3,0.0,0
2026-04-06 18:20:00+00:00,1274.274252603001,0,1,0,1,129,0.981091142604174,2,0.0,0
2026-04-06 18:44:00+00:00,714.9835610381627,1,1,0,1,193,0.9268038803062032,4,0.0,0
2026-04-06 18:45:00+00:00,1283.3097964150588,0,1,0,3,342,2.374907255536439,3,0.0,0
2026-04-06 18:54:00+00:00,688.5588119190354,1,1,0,1,31,0.9874827410288843,5,0.0,0
2026-04-06 19:40:00+00:00,3285.6398849069146,0,1,0,0,1,1.0,2,0.0,0
2026-04-06 20:09:00+00:00,1270.5906422349242,0,2,0,1,28,2.7495560522836864,2,0.5,0
2026-04-06 20:13:00+00:00,820.3078880030613,1,1,0,1,257,1.1813942729854152,3,0.0,0
2026-04-06 21:57:00+00:00,275.33129132762775,0,1,0,2,335,1.0,2,0.0,0
2026-04-06 22:35:00+00:00,581.9860789699392,0,1,0,1,187,1.7315689666633531,4,0.0,0
2026-04-07 00:21:00+00:00,146.89623960823334,1,1,0,1,363,1.0,3,0.0,0
2026-04-07 00:22:00+00:00,1869.7357949273576,0,1,0,0,18,2.500712490942073,5,0.0,0
2026-04-07 00:26:00+00:00,501.0531331392091,0,1,0,0,84,1.0,3,0.0,0
2026-04-07 00:46:00+00:00,233.53164268262023,0,1,0,2,117,0.423036870413809,3,0.0,0
2026-04-07 00:59:00+00:00,171.33106232096122,1,3,0,1,106,1.0,5,0.6666666666666666,0
2026-04-07 01:11:00+00:00,597.6209258360975,0,1,0,0,358,1.0,3,0.0,0
2026-04-07 01:55:00+00:00,611.1868159094972,0,1,0,1,336,1.0586541997669168,2,0.0,0
2026-04-07 02:08:00+00:00,198.67327055545334,0,2,0,2,324,1.0,2,0.5,0
2026-04-07 02:59:00+00:00,533.6994429606772,0,1,0,0,329,1.0,3,0.0,0
2026-04-07 03:06:00+00:00,779.7117655460085,0,1,0,2,312,1.455243555676753,1,0.0,0
2026-04-07 03:19:00+00:00,1194.1118754053323,0,1,1,3,80,1.0,4,0.0,0
2026-04-07 03:22:00+00:00,3359.1416227572945,1,1,0,1,331,1.0,3,0.0,1
2026-04-07 03:34:00+00:00,1397.09709156204,0,2,1,5,151,1.930883494809382,5,0.5,1
2026-04-07 04:16:00+00:00,757.7344004441827,1,1,0,1,25,2.1480866054880314,3,0.0,0
2026-04-07 04:38:00+00:00,287.79667224686386,0,1,0,0,263,1.0,3,0.0,0
2026-04-07 05:23:00+00:00,475.85092865780376,0,3,0,0,262,1.0,5,0.6666666666666666,1
2026-04-07 05:30:00+00:00,3601.736766768779,0,1,0,0,315,1.0,3,0.0,0
2026-04-07 05:53:00+00:00,616.2447845109554,0,1,0,1,79,0.8999308433317708,3,0.0,1
2026-04-07 05:55:00+00:00,323.1136627150197,1,1,0,4,278,1.0,1,0.0,0
2026-04-07 07:49:00+00:00,761.1061929287687,0,1,0,1,193,0.4781793431830924,4,0.0,0
2026-04-07 08:11:00+00:00,174.3625450832009,0,1,0,1,311,1.0,4,0.0,0
2026-04-07 09:02:00+00:00,469.6798474468303,1,1,0,1,102,1.0,3,0.0,0
2026-04-07 09:28:00+00:00,248.88879134322264,0,1,0,1,196,1.0,3,0.0,0
2026-04-07 10:37:00+00:00,275.1379769773069,1,1,0,1,38,0.5523319969560303,3,0.0,0
2026-04-07 11:25:00+00:00,608.7608700238545,0,1,0,1,217,1.0,2,0.0,0
2026-04-07 12:22:00+00:00,17.00774248088216,0,1,0,1,235,0.049417089540553155,2,0.0,0
2026-04-07 12:22:00+00:00,479.2637796506891,1,2,0,2,286,1.0,3,0.5,0
2026-04-07 12:45:00+00:00,397.30227793872086,0,1,1,3,312,0.22250994816483877,2,0.0,1
2026-04-07 12:51:00+00:00,3026.3322226066466,0,1,0,1,136,1.0,5,0.0,0
2026-04-07 13:25:00+00:00,911.7209311228269,0,2,0,1,65,1.3692277175228755,4,0.5,0
2026-04-07 14:08:00+00:00,522.8782144853174,0,4,0,0,61,1.0,2,0.75,0
2026-04-07 14:53:00+00:00,2496.9138513535827,1,1,0,2,154,1.0,4,0.0,0
2026-04-07 15:03:00+00:00,1465.0469850320337,0,1,0,0,363,2.9100189131396266,2,0.0,0
2026-04-07 15:12:00+00:00,2047.8420517754653,0,1,0,0,238,4.190261066904324,3,0.0,0
2026-04-07 15:42:00+00:00,1039.1370687193294,1,1,0,5,166,1.0,4,0.0,0
2026-04-07 15:50:00+00:00,3453.539404108089,0,1,0,1,196,1.0,4,0.0,0
2026-04-07 16:27:00+00:00,682.5749810834253,0,1,0,1,175,1.0,3,0.0,0
2026-04-07 17:34:00+00:00,237.5919518066961,0,1,0,1,338,1.0,2,0.0,0
2026-04-07 18:59:00+00:00,626.5497055479925,0,1,0,0,186,1.0,5,0.0,0
2026-04-07 19:12:00+00:00,773.8871368768284,0,1,0,1,227,0.7385872285750913,1,0.0,0
2026-04-07 19:21:00+00:00,546.6860601696037,0,3,0,0,142,0.5067136498371907,4,0.6666666666666666,0
2026-04-07 19:27:00+00:00,1824.9839025138385,0,1,1,3,262,1.2585999797811915,3,0.0,0
2026-04-07 20:31:00+00:00,753.9747895522066,0,1,0,0,339,1.0,4,0.0,0
2026-04-07 20:51:00+00:00,1344.4742622373135,0,1,0,3,339,1.9223603305342878,5,0.0,0
2026-04-07 21:44:00+00:00,500.3285241770002,0,2,0,0,137,0.30550339617741623,2,0.5,0
2026-04-07 22:05:00+00:00,1703.992071723144,0,1,0,0,185,1.0,3,0.0,0
2026-04-07 22:36:00+00:00,286.9493757943777,0,3,0,0,338,1.0,1,0.6666666666666666,0
2026-04-07 23:19:00+00:00,869.7657521126093,0,1,0,2,38,1.2533207845745475,6,0.0,0
2026-04-07 23:29:00+00:00,40.17867722638379,0,1,0,0,134,0.04609275503793732,4,0.0,0
2026-04-08 00:01:00+00:00,809.2586776765728,0,1,0,0,258,1.0,2,0.0,0
2026-04-08 00:38:00+00:00,653.6221069746491,0,1,0,1,82,1.0478589882060998,4,0.0,0
2026-04-08 00:48:00+00:00,121.38510763309917,0,1,0,1,267,0.17041217253348565,3,0.0,0
2026-04-08 01:44:00+00:00,2526.7974129810195,0,1,0,2,212,1.1385668402880433,7,0.0,0
2026-04-08 01:48:00+00:00,680.5212609463019,0,1,0,2,157,1.078600318574187,2,0.0,0
2026-04-08 01:49:00+00:00,347.8469122839803,1,1,0,0,214,1.0,5,0.0,0
2026-04-08 02:05:00+00:00,364.50980797616114,0,1,0,2,88,0.6439630998995077,4,0.0,0
2026-04-08 03:01:00+00:00,311.09641755865994,0,1,0,1,348,0.6112904583675518,1,0.0,0
2026-04-08 03:16:00+00:00,124.97327313825406,0,1,0,2,101,0.19661123886569382,5,0.0,0
2026-04-08 03:23:00+00:00,333.9968178190287,0,1,0,1,183,0.2984613561466898,4,0.0,0
2026-04-08 03:32:00+00:00,380.35935922167255,0,1,0,0,166,0.35412110738038793,5,0.0,0
2026-04-08 03:49:00+00:00,497.5836382643806,0,1,0,0,280,1.0,1,0.0,0
2026-04-08 04:58:00+00:00,223.70794298353164,0,2,1,9,151,1.0,4,0.5,0
2026-04-08 05:19:00+00:00,113.71451986465333,0,1,0,1,331,0.1583245422917935,1,0.0,0
2026-04-08 05:41:00+00:00,225.95679543416085,1,1,2,6,94,1.0,4,0.0,1
2026-04-08 06:33:00+00:00,535.3045759102761,0,2,0,1,347,2.4596334897526133,5,0.5,0
2026-04-08 07:18:00+00:00,145.19788572444028,0,1,1,3,191,1.0,4,0.0,1
2026-04-08 07:48:00+00:00,283.25238937553274,1,3,0,0,227,0.4897496373242443,3,0.6666666666666666,0
2026-04-08 08:19:00+00:00,3009.9608433105045,0,1,0,1,239,8.237694597540681,4,0.0,0
2026-04-08 08:20:00+00:00,1671.065516309141,0,1,0,0,191,1.4121263253352558,1,0.0,0
2026-04-08 08:23:00+00:00,377.2846591093878,0,1,0,1,352,1.0,3,0.0,0
2026-04-08 08:42:00+00:00,1478.7693189927802,0,1,1,6,154,2.100258632922353,1,0.0,1
2026-04-08 09:52:00+00:00,2076.381145484782,1,1,0,1,3,1.3532681751205007,1,0.0,0
2026-04-08 10:22:00+00:00,221.65488650568207,1,1,0,0,222,1.0,3,0.0,0
2026-04-08 10:39:00+00:00,395.90541101514447,0,1,0,3,359,1.0,3,0.0,0
2026-04-08 11:07:00+00:00,348.2579241459857,1,1,0,1,168,1.0,3,0.0,0
2026-04-08 11:59:00+00:00,376.52004994452403,0,1,0,0,356,0.24763838359398316,1,0.0,0
2026-04-08 12:16:00+00:00,1911.4983905907727,0,1,0,1,74,1.6479535948595971,2,0.0,0
2026-04-08 13:47:00+00:00,890.6579560160845,0,1,0,1,358,1.0,2,0.0,0
2026-04-08 13:47:00+00:00,698.5587415080369,1,1,0,0,70,1.0,3,0.0,0
2026-04-08 14:27:00+00:00,322.31034251071236,1,1,0,0,148,1.0,6,0.0,0
2026-04-08 14:38:00+00:00,557.8704318498528,0,1,0,0,129,0.5508657289031702,4,0.0,0
2026-04-08 14:42:00+00:00,392.4150550306536,0,1,1,4,212,0.4054005600815539,4,0.0,1
2026-04-08 15:49:00+00:00,835.2341075324787,0,1,0,1,51,1.0,3,0.0,0
2026-04-08 16:01:00+00:00,785.6351178705573,1,1,0,2,55,1.0135216149841246,9,0.0,0
2026-04-08 17:34:00+00:00,152.02892106517066,0,1,0,1,223,1.0,2,0.0,0
2026-04-08 17:49:00+00:00,373.55033059894,1,1,0,2,35,0.2791420940191553,2,0.0,0
2026-04-08 18:17:00+00:00,312.4288200158271,0,1,0,1,169,0.31028475513724196,4,0.0,0
2026-04-08 18:30:00+00:00,1120.4884767378721,0,4,0,0,184,0.9155450457410131,4,0.75,0
2026-04-08 20:25:00+00:00,2476.711134337875,1,1,0,0,173,6.554345724571108,3,0.0,1
2026-04-08 20:52:00+00:00,196.74486916917505,1,1,0,0,80,0.23186725451838872,2,0.0,0
2026-04-08 22:02:00+00:00,364.5493568031984,0,2,0,1,18,1.0,3,0.5,1
2026-04-08 22:41:00+00:00,403.9523906472905,1,1,0,0,9,0.39740481798980687,6,0.0,0
2026-04-09 00:10:00+00:00,104.8641536295057,0,1,0,2,262,0.1905495622649289,1,0.0,0
2026-04-09 00:34:00+00:00,867.561890141731,1,2,0,2,213,1.0,3,0.5,0
2026-04-09 01:23:00+00:00,71.32154382315485,0,1,0,0,124,1.0,2,0.0,0
2026-04-09 01:34:00+00:00,275.67509819088207,0,1,0,1,107,0.34594631446737756,4,0.0,0
2026-04-09 02:40:00+00:00,483.1512240040286,0,1,0,1,236,1.0,2,0.0,0
2026-04-09 02:54:00+00:00,375.51674322805593,0,2,0,1,102,0.8497340893160038,3,0.5,0
2026-04-09 03:30:00+00:00,1310.8175403877576,1,1,0,1,342,1.0,4,0.0,0
2026-04-09 03:39:00+00:00,820.2669674405479,1,1,0,0,247,1.1630266202722814,3,0.0,0
2026-04-09 03:55:00+00:00,630.1392451630408,0,1,0,0,182,1.0,4,0.0,0
2026-04-09 04:05:00+00:00,961.3844483040991,0,3,0,0,281,1.0,2,0.6666666666666666,0
2026-04-09 04:25:00+00:00,459.3429448223446,1,1,0,2,80,0.3910572060147,7,0.0,0
2026-04-09 04:38:00+00:00,409.2580708397184,0,1,0,2,194,0.5410490221623173,4,0.0,0
2026-04-09 05:19:00+00:00,470.0725186575443,0,1,0,0,125,0.5224982760055324,4,0.0,0
2026-04-09 05:29:00+00:00,368.584374197511,0,1,0,0,277,1.0,6,0.0,0
2026-04-09 05:43:00+00:00,698.7280362358035,0,2,0,0,8,1.0,5,0.5,0
2026-04-09 05:47:00+00:00,42.37286338329519,1,1,0,3,96,1.0,2,0.0,0
2026-04-09 06:08:00+00:00,1025.8798754415432,1,1,0,0,142,0.8057635685302795,1,0.0,0
2026-04-09 06:39:00+00:00,702.9850656602287,0,1,0,1,313,1.0,2,0.0,0
2026-04-09 06:41:00+00:00,249.21308944684822,1,2,0,0,315,0.26486415456017004,3,0.5,0
2026-04-09 07:13:00+00:00,350.7032579052225,0,1,0,0,269,1.0,3,0.0,0
2026-04-09 07:14:00+00:00,2081.9452449957325,1,1,0,1,70,4.349636129427892,1,0.0,1
2026-04-09 07:19:00+00:00,952.2736111129634,0,1,1,1,252,0.6881799334571237,5,0.0,0
2026-04-09 07:24:00+00:00,539.1164408317952,0,1,0,3,64,0.6823829381942623,3,0.0,0
2026-04-09 08:09:00+00:00,387.7914744941024,0,1,0,2,320,1.0,3,0.0,0
2026-04-09 08:50:00+00:00,338.36657752235465,1,1,0,0,198,1.0,2,0.0,0
2026-04-09 09:31:00+00:00,577.1463750341784,0,2,0,0,171,0.5337129526533536,4,0.5,0
2026-04-09 09:39:00+00:00,680.6161191840836,0,1,0,0,306,0.39460212439578507,3,0.0,0
2026-04-09 09:47:00+00:00,448.14520064898284,0,1,0,3,9,0.7146469526361403,8,0.0,0
2026-04-09 10:07:00+00:00,660.9563541490195,1,1,0,0,57,0.8865120359641402,6,0.0,0
2026-04-09 10:33:00+00:00,332.9167315801167,0,1,0,1,187,1.0,3,0.0,0
2026-04-09 10:38:00+00:00,5570.647349599887,1,4,0,1,79,1.0,4,0.75,1
2026-04-09 10:54:00+00:00,5138.647320332821,0,4,0,0,253,7.0419509979086445,2,0.75,0
2026-04-09 11:42:00+00:00,504.15535613201706,0,1,0,0,21,1.2265670681513436,4,0.0,0
2026-04-09 11:46:00+00:00,401.45519485998625,0,1,1,3,124,0.3396706057167519,2,0.0,0
2026-04-09 11:55:00+00:00,570.9629120541563,0,1,0,1,79,1.0,4,0.0,0
2026-04-09 12:37:00+00:00,6732.427679250746,1,1,0,4,12,1.0,3,0.0,1
2026-04-09 12:40:00+00:00,853.7022401811321,0,1,0,1,222,1.4555583666327483,5,0.0,0
2026-04-09 13:00:00+00:00,412.101064835515,0,1,0,0,160,1.0,3,0.0,0
2026-04-09 13:32:00+00:00,1630.1880681977934,0,1,0,3,48,2.3664080271832098,3,0.0,0
2026-04-09 13:58:00+00:00,239.5146234663164,0,1,0,0,190,0.17757986972433243,7,0.0,0
2026-04-09 14:04:00+00:00,179.61157788459698,0,2,0,0,16,0.26958706490832096,3,0.5,0
2026-04-09 14:34:00+00:00,420.6737967480296,0,4,0,3,178,0.2987386831757671,5,0.75,0
2026-04-09 14:43:00+00:00,287.20208765834553,1,2,0,2,79,0.40115184422824046,1,0.5,0
2026-04-09 14:52:00+00:00,1347.7594067543764,0,1,0,0,130,1.4198042146185372,3,0.0,0
2026-04-09 15:18:00+00:00,601.7677034086416,0,1,0,2,18,1.1923021115945165,2,0.0,0
2026-04-09 15:35:00+00:00,78.0354796881965,1,1,0,4,283,1.0,2,0.0,0
2026-04-09 16:25:00+00:00,271.32425697208146,0,3,0,1,297,1.0,4,0.6666666666666666,0
2026-04-09 16:28:00+00:00,317.2096324265145,0,1,0,1,61,1.0,5,0.0,0
2026-04-09 17:17:00+00:00,610.7622466109036,0,1,0,1,83,1.0,3,0.0,0
2026-04-09 17:40:00+00:00,219.56566886290562,0,1,0,3,102,0.17605106095542314,4,0.0,0
2026-04-09 17:41:00+00:00,886.8547360923033,1,1,0,2,60,1.4244521473213205,3,0.0,0
2026-04-09 17:42:00+00:00,191.83529378715306,1,1,0,1,187,0.16668590721739843,3,0.0,0
2026-04-09 18:02:00+00:00,349.46132769141917,0,1,0,1,89,1.0,1,0.0,0
2026-04-09 18:26:00+00:00,1383.5204547239575,1,3,0,0,149,2.2572311010034483,4,0.6666666666666666,0
2026-04-09 18:45:00+00:00,563.2826807809176,0,1,0,0,130,1.0,3,0.0,0
2026-04-09 19:52:00+00:00,659.9901581559317,0,1,0,2,350,0.5448273897157049,1,0.0,0
2026-04-09 20:01:00+00:00,99.07271649232725,0,3,0,0,81,1.0,4,0.6666666666666666,0
2026-04-09 20:19:00+00:00,714.3305247104763,0,1,0,3,14,1.0,4,0.0,1
2026-04-09 21:14:00+00:00,110.69220193475186,1,1,0,0,347,0.17729325459128129,10,0.0,1
2026-04-09 21:32:00+00:00,1089.1367590811033,1,1,2,1,219,1.0,4,0.0,1
2026-04-09 21:49:00+00:00,564.7894933999168,0,1,0,0,292,1.0,4,0.0,0
2026-04-09 22:42:00+00:00,173.54969675567884,0,2,0,0,132,0.26675120176498707,4,0.5,0
2026-04-09 22:43:00+00:00,1192.2567878623813,1,1,0,2,126,1.0,4,0.0,0
2026-04-09 22:47:00+00:00,4205.725944978924,1,1,0,3,355,1.0,3,0.0,0
2026-04-09 23:13:00+00:00,360.6882033453309,0,2,0,1,53,1.0,4,0.5,0
2026-04-10 00:57:00+00:00,548.4810039248902,0,1,0,0,130,1.0,8,0.0,0
2026-04-10 01:15:00+00:00,1122.5378490071707,1,1,0,5,102,1.7722031450531444,2,0.0,1
2026-04-10 02:10:00+00:00,2444.4678471506486,0,1,0,0,173,1.0,3,0.0,0
2026-04-10 02:12:00+00:00,1288.2671163816883,0,1,0,2,117,1.0,3,0.0,0
2026-04-10 02:29:00+00:00,693.139406877463,0,1,0,0,280,1.0,2,0.0,0
2026-04-10 02:48:00+00:00,532.6677352547492,1,1,0,2,167,0.762452058506019,1,0.0,0
2026-04-10 03:26:00+00:00,5897.943041116036,1,2,0,1,248,7.94752645695761,2,0.5,0
2026-04-10 04:32:00+00:00,381.11618965165655,1,1,0,0,329,1.0,8,0.0,0
2026-04-10 05:07:00+00:00,354.7685060584573,0,2,0,2,57,1.0,2,0.5,0
2026-04-10 06:34:00+00:00,605.3552794687384,1,2,0,2,203,0.9202940709381711,3,0.5,0
2026-04-10 07:00:00+00:00,327.97012718214523,0,1,0,1,22,1.0,1,0.0,0
2026-04-10 07:28:00+00:00,382.9887468455139,0,1,0,4,160,0.37737887587909985,2,0.0,0
2026-04-10 07:36:00+00:00,276.70291979026206,0,1,0,1,213,1.0,4,0.0,0
2026-04-10 07:46:00+00:00,289.06467722165695,1,1,0,3,254,1.0,2,0.0,0
2026-04-10 07:49:00+00:00,193.09413693449693,0,1,0,1,225,1.0,4,0.0,0
2026-04-10 08:44:00+00:00,364.4574664688981,0,1,0,1,179,0.864157808557376,5,0.0,0
2026-04-10 08:47:00+00:00,4550.7171880874885,0,1,0,2,349,7.212191482866947,3,0.0,0
2026-04-10 09:15:00+00:00,327.38792176178293,0,1,0,1,87,1.0,3,0.0,0
2026-04-10 10:30:00+00:00,1143.3755385634788,0,1,0,0,190,0.9120515800484772,2,0.0,0
2026-04-10 10:57:00+00:00,2902.8970409655717,0,1,0,3,346,4.765159114879214,4,0.0,0
2026-04-10 11:13:00+00:00,431.8920553064363,0,1,0,3,58,0.533525615321449,2,0.0,0
2026-04-10 11:30:00+00:00,404.39519651999257,1,1,0,1,115,1.0,4,0.0,0
2026-04-10 11:32:00+00:00,610.0566962020529,1,1,0,0,331,1.0,7,0.0,0
2026-04-10 11:34:00+00:00,339.2622145864908,0,1,0,2,261,1.0,2,0.0,0
2026-04-10 11:57:00+00:00,506.2988210327279,0,1,0,0,41,1.0,3,0.0,0
2026-04-10 11:59:00+00:00,362.2012330516415,0,1,0,3,299,1.0,1,0.0,0
2026-04-10 12:34:00+00:00,214.2325143949925,0,1,0,1,57,1.0,2,0.0,0
2026-04-10 12:46:00+00:00,838.1758522396287,0,1,0,2,174,0.8005264225097622,3,0.0,0
2026-04-10 12:46:00+00:00,384.86559935133954,1,1,0,2,166,0.6361552775790473,2,0.0,0
2026-04-10 14:01:00+00:00,325.9512907120649,0,1,0,1,244,0.2502431696129406,3,0.0,0
2026-04-10 14:24:00+00:00,6397.322827364432,0,1,0,0,269,1.0,4,0.0,0
2026-04-10 14:35:00+00:00,390.8894249507007,0,3,0,1,165,1.0,4,0.6666666666666666,0
2026-04-10 14:52:00+00:00,93.86591732870171,0,3,0,0,100,0.12361487902362993,2,0.6666666666666666,0
2026-04-10 16:01:00+00:00,410.1480507032352,0,1,0,1,299,0.32563535184143827,3,0.0,0
2026-04-10 16:52:00+00:00,1921.9833716508706,0,1,0,3,89,2.105614592129108,5,0.0,0
2026-04-10 16:53:00+00:00,363.55027568032494,0,3,0,1,7,1.0,4,0.6666666666666666,0
2026-04-10 17:29:00+00:00,455.16056043780316,1,1,0,2,354,0.8734758707379483,5,0.0,0
2026-04-10 17:55:00+00:00,760.8266817061822,0,1,0,0,257,1.1803402348094922,3,0.0,0
2026-04-10 18:30:00+00:00,133.7117571900477,1,4,0,0,340,0.30122230318617854,4,0.75,0
2026-04-10 18:44:00+00:00,3051.0284434820132,1,1,0,0,316,1.0,4,0.0,0
2026-04-10 19:04:00+00:00,813.896920261461,0,1,0,0,114,1.7518387580224213,3,0.0,0
2026-04-10 19:48:00+00:00,2690.958833156177,0,1,0,1,167,1.4748523960375537,3,0.0,0
2026-04-10 19:48:00+00:00,434.15577229815057,1,1,0,0,133,0.6601001773392338,2,0.0,0
2026-04-10 22:08:00+00:00,1349.2581504877191,1,1,0,1,242,1.0,2,0.0,0
2026-04-10 22:11:00+00:00,403.511386975336,0,1,0,1,151,0.5483693034429183,5,0.0,0
2026-04-10 22:47:00+00:00,512.6284207798209,1,1,0,0,320,1.0,4,0.0,0
2026-04-10 22:53:00+00:00,54.743709690157694,1,1,0,1,29,1.0,5,0.0,0
2026-04-10 23:06:00+00:00,285.3624532327956,0,1,0,0,3,1.0,4,0.0,0
2026-04-10 23:13:00+00:00,202.45983214398888,1,2,0,0,115,1.0,4,0.5,0
2026-04-10 23:48:00+00:00,118.5789091647603,1,1,0,0,245,1.0,1,0.0,0
2026-04-11 01:03:00+00:00,1502.1516564219824,1,1,0,0,67,1.0,3,0.0,0
2026-04-11 01:37:00+00:00,3944.0826201494406,1,1,0,1,335,6.177703716614899,1,0.0,0
2026-04-11 01:58:00+00:00,1518.7913172730305,1,1,0,1,186,1.0,1,0.0,0
2026-04-11 02:09:00+00:00,627.3602503511945,0,1,0,2,229,1.0142878294003814,4,0.0,0
2026-04-11 02:59:00+00:00,82.97855885444905,0,3,0,1,38,1.0,3,0.6666666666666666,0
2026-04-11 03:48:00+00:00,1665.4325238134506,0,4,0,1,198,3.10597302651901,1,0.75,0
2026-04-11 03:53:00+00:00,265.3166465750464,0,1,0,0,264,1.0,3,0.0,0
2026-04-11 04:18:00+00:00,1454.8474003470374,1,1,0,1,70,1.2978777327658737,4,0.0,0
2026-04-11 04:42:00+00:00,1070.1939416737705,0,3,0,1,360,0.5045430497342639,6,0.6666666666666666,0
2026-04-11 05:02:00+00:00,537.9725815958831,0,1,0,1,16,0.4308555815299825,5,0.0,0
2026-04-11 05:38:00+00:00,1546.2941436663577,0,1,0,0,41,1.0,3,0.0,0
2026-04-11 05:41:00+00:00,629.3237303683565,0,4,0,2,210,0.4119017148674568,6,0.75,0
2026-04-11 05:52:00+00:00,1092.626049333649,1,1,0,1,54,2.869423006072315,2,0.0,0
2026-04-11 05:53:00+00:00,3920.0539100165424,0,1,0,2,79,7.587089602184884,2,0.0,0
2026-04-11 05:55:00+00:00,927.185402778923,0,2,1,1,237,1.0,5,0.5,0
2026-04-11 05:56:00+00:00,827.1998582875149,0,1,0,1,152,1.0,5,0.0,0
2026-04-11 06:15:00+00:00,85.50783563614314,0,1,1,2,277,1.0,3,0.0,1
2026-04-11 06:18:00+00:00,335.52046986317634,1,1,0,1,86,1.0,4,0.0,1
2026-04-11 06:41:00+00:00,187.86538278614384,1,1,0,2,104,0.12092087494385556,2,0.0,0
2026-04-11 06:47:00+00:00,1687.6555290945496,1,1,0,2,189,1.0,1,0.0,0
2026-04-11 07:34:00+00:00,930.9002580721942,0,1,0,1,262,0.6753393073114606,2,0.0,0
2026-04-11 07:47:00+00:00,205.67196572755387,0,2,0,1,87,0.16538642073420168,1,0.5,0
2026-04-11 08:10:00+00:00,264.3026842238807,0,1,0,0,306,0.5074089519337726,2,0.0,0
2026-04-11 08:11:00+00:00,500.777673328812,0,3,0,2,258,1.034258875260851,3,0.6666666666666666,0
2026-04-11 08:27:00+00:00,603.8074249676326,0,2,0,0,27,1.142205992585095,2,0.5,0
2026-04-11 08:46:00+00:00,805.6325021435283,0,1,0,1,238,0.7846647795002253,1,0.0,0
2026-04-11 08:48:00+00:00,694.1874466168201,0,1,0,2,153,1.0,2,0.0,0
2026-04-11 08:59:00+00:00,1093.6625093809234,1,1,0,0,197,0.9545328817950962,3,0.0,0
2026-04-11 09:35:00+00:00,500.94190577962024,0,2,0,0,90,0.49462158790255856,8,0.5,0
2026-04-11 09:47:00+00:00,611.0020373570451,0,1,0,0,327,1.0,1,0.0,0
2026-04-11 10:15:00+00:00,1157.2969389650586,0,1,0,0,298,1.0,2,0.0,0
2026-04-11 11:10:00+00:00,1406.8983975683086,0,1,0,2,125,2.008547754086447,1,0.0,0
2026-04-11 12:51:00+00:00,165.97459294215776,0,1,0,1,14,0.3891088484986666,4,0.0,0
2026-04-11 13:10:00+00:00,342.31514100270573,1,1,0,0,223,1.0,3,0.0,0
2026-04-11 13:31:00+00:00,1921.3839791778319,0,1,0,2,118,2.501804981079057,4,0.0,0
2026-04-11 13:45:00+00:00,409.3712661592665,0,2,0,2,86,1.0,3,0.5,0
2026-04-11 13:52:00+00:00,3585.6820633867164,0,1,0,5,158,4.491132653431737,1,0.0,0
2026-04-11 14:14:00+00:00,532.5232228657509,0,1,0,2,28,0.42733314743091716,3,0.0,0
2026-04-11 14:27:00+00:00,919.0608692399838,0,1,0,2,325,1.0,5,0.0,0
2026-04-11 15:05:00+00:00,181.81948677867604,0,1,0,1,323,1.0,4,0.0,1
2026-04-11 15:16:00+00:00,1261.1204298154553,0,1,0,0,23,1.0,4,0.0,0
2026-04-11 15:23:00+00:00,536.3155843578219,0,2,0,1,297,1.0,3,0.5,0
2026-04-11 15:26:00+00:00,221.36917294979568,0,1,0,1,133,0.1989110397091355,4,0.0,0
2026-04-11 15:31:00+00:00,515.0276415142406,1,1,0,0,272,1.0,5,0.0,0
2026-04-11 15:33:00+00:00,979.3341959575798,1,1,0,1,354,1.0,3,0.0,0
2026-04-11 15:38:00+00:00,351.17751398519823,0,1,0,1,338,1.0,2,0.0,0
2026-04-11 15:54:00+00:00,2443.573314243344,0,2,0,3,217,1.0,3,0.5,0
2026-04-11 16:02:00+00:00,41.08925281775619,1,1,0,2,150,0.05332986417337187,3,0.0,0
2026-04-11 16:12:00+00:00,751.6984904543731,0,1,0,1,56,1.5572099468852203,5,0.0,1
2026-04-11 16:29:00+00:00,164.34097779994858,1,1,0,3,164,1.0,3,0.0,0
2026-04-11 16:30:00+00:00,2280.5192890468775,0,1,0,1,91,1.566112843548616,4,0.0,0
2026-04-11 16:46:00+00:00,816.679352840356,0,1,0,1,34,0.6415528110364117,7,0.0,0
2026-04-11 16:56:00+00:00,262.0139001260464,0,1,1,3,172,1.0,3,0.0,1
2026-04-11 17:31:00+00:00,454.6976500052651,0,1,0,2,335,0.30692528055856055,4,0.0,0
2026-04-11 18:13:00+00:00,225.23972834828294,1,1,0,0,115,0.27223042958261073,1,0.0,0
2026-04-11 18:48:00+00:00,200.51929385403682,0,2,0,1,69,0.18616235237380105,2,0.5,0
2026-04-11 19:12:00+00:00,164.1622067243925,1,1,0,1,139,1.0,4,0.0,0
2026-04-11 20:13:00+00:00,129.39824785277685,1,1,0,5,357,1.0,2,0.0,0
2026-04-11 21:11:00+00:00,129.61964767192742,0,1,0,1,77,1.0,5,0.0,0
2026-04-11 21:21:00+00:00,841.6378906835616,0,1,0,2,23,0.761765029958452,3,0.0,0
2026-04-11 22:18:00+00:00,1230.8865654866174,0,1,2,6,52,1.0,5,0.0,1
2026-04-11 22:22:00+00:00,337.9971549496583,1,1,0,0,194,1.0,6,0.0,0
2026-04-11 22:40:00+00:00,411.7834690835932,0,1,0,1,248,0.34026693219783155,3,0.0,0
2026-04-11 22:44:00+00:00,1011.9988071651119,1,1,0,3,159,1.3525282241971808,3,0.0,0
2026-04-11 23:26:00+00:00,339.1700681471025,0,1,0,0,281,0.5240829102759229,4,0.0,0
2026-04-11 23:59:00+00:00,2125.786595058982,0,2,0,1,189,5.157170292795853,5,0.5,0
2026-04-12 00:17:00+00:00,65.02285884827907,0,1,0,1,57,1.0,2,0.0,0
2026-04-12 00:46:00+00:00,618.9298113918517,0,1,0,1,55,0.877961197124208,3,0.0,0
2026-04-12 01:12:00+00:00,686.825667611742,0,1,0,0,327,1.5499589640712506,1,0.0,0
2026-04-12 03:19:00+00:00,443.86171533600464,0,1,0,2,282,1.0,4,0.0,0
2026-04-12 03:23:00+00:00,199.81424730211188,1,1,0,1,27,1.0,4,0.0,0
2026-04-12 04:13:00+00:00,874.5982527764993,0,1,0,0,158,1.7733655364242933,1,0.0,0
2026-04-12 04:18:00+00:00,850.2902817374681,0,2,0,1,60,1.0,4,0.5,0
2026-04-12 04:40:00+00:00,933.5453560455246,0,1,0,0,47,1.0,6,0.0,0
2026-04-12 05:23:00+00:00,321.187496982741,0,1,0,0,30,0.5065130181733426,3,0.0,0
2026-04-12 05:48:00+00:00,491.8076155894265,1,1,0,1,217,0.8865227206801752,4,0.0,0
2026-04-12 06:00:00+00:00,508.6909791780118,0,1,1,3,193,1.0,2,0.0,0
2026-04-12 06:17:00+00:00,4942.055638106848,1,3,0,2,243,1.0,4,0.6666666666666666,1
2026-04-12 07:11:00+00:00,2445.3833099647104,0,1,0,4,139,5.05435961139763,7,0.0,0
2026-04-12 09:45:00+00:00,197.61762333307757,1,1,0,1,347,0.29681590346363557,1,0.0,0
2026-04-12 10:35:00+00:00,580.4007085293862,0,1,0,0,202,0.653282778857689,5,0.0,0
2026-04-12 11:04:00+00:00,1384.901786433074,1,1,0,1,257,3.6726633700366524,3,0.0,1
2026-04-12 11:06:00+00:00,259.5627432262769,0,1,0,1,342,1.0,5,0.0,0
2026-04-12 11:08:00+00:00,1301.503215539842,1,3,0,0,22,1.0,4,0.6666666666666666,0
2026-04-12 11:09:00+00:00,265.1404776944934,0,1,0,6,93,1.0,6,0.0,0
2026-04-12 11:10:00+00:00,840.6516727135506,0,1,0,1,351,1.0,3,0.0,0
2026-04-12 11:15:00+00:00,1580.1286428454432,0,1,0,1,201,1.0,2,0.0,0
2026-04-12 11:50:00+00:00,1421.0328180168467,0,1,0,1,31,3.593845842275737,4,0.0,0
2026-04-12 11:54:00+00:00,284.00851277562856,1,1,0,0,340,0.3963341905542917,2,0.0,0
2026-04-12 12:01:00+00:00,353.3889419472479,1,1,0,3,114,0.7783439514457496,3,0.0,0
2026-04-12 12:32:00+00:00,916.6360281629654,0,1,0,1,125,1.5229653426219965,6,0.0,0
2026-04-12 13:25:00+00:00,1173.0491174607232,0,1,0,1,64,2.699309769379289,2,0.0,0
2026-04-12 13:39:00+00:00,300.301878667481,0,1,0,2,192,0.2576043951591186,3,0.0,0
2026-04-12 14:15:00+00:00,886.5506325048444,1,1,0,0,336,1.0,2,0.0,0
2026-04-12 14:40:00+00:00,1940.6778816900105,0,1,0,1,211,3.992893556967698,8,0.0,0
2026-04-12 14:43:00+00:00,1048.9012024089805,1,1,0,1,196,1.0,3,0.0,0
2026-04-12 15:49:00+00:00,322.95059693802546,0,1,0,0,7,1.0,2,0.0,0
2026-04-12 16:00:00+00:00,1195.8806887453904,0,1,0,1,217,1.0,4,0.0,0
2026-04-12 16:29:00+00:00,1143.822517137321,0,1,0,0,187,1.8278484720299442,2,0.0,0
2026-04-12 16:30:00+00:00,2340.696391135313,0,1,0,1,25,1.0,3,0.0,0
2026-04-12 16:51:00+00:00,367.4679859167711,1,3,0,0,282,0.2936292183661747,4,0.6666666666666666,0
2026-04-12 17:10:00+00:00,543.385522554467,0,1,0,0,361,0.5448343201026948,1,0.0,0
2026-04-12 17:19:00+00:00,315.43782520948946,0,1,0,1,249,1.0,4,0.0,0
2026-04-12 17:50:00+00:00,1651.7262753132557,0,1,0,2,10,1.0,1,0.0,0
2026-04-12 17:51:00+00:00,242.17554953984654,0,1,0,1,218,0.30814701819995877,1,0.0,0
2026-04-12 19:41:00+00:00,2251.805009340752,0,1,0,1,178,1.0,4,0.0,0
2026-04-12 20:09:00+00:00,711.6243261290579,1,1,1,2,156,1.0,1,0.0,1
2026-04-12 20:52:00+00:00,726.2676668407851,0,1,0,1,100,1.0,4,0.0,0
2026-04-12 21:02:00+00:00,134.09052336208782,0,1,0,0,64,1.0,3,0.0,0
2026-04-12 21:21:00+00:00,172.33626489001807,0,1,0,1,39,1.0,4,0.0,0
2026-04-12 21:31:00+00:00,2196.6150967081344,1,1,0,0,271,2.5154307861229497,1,0.0,0
2026-04-12 22:08:00+00:00,455.61809115848,1,1,0,1,195,1.0,4,0.0,0
2026-04-12 22:16:00+00:00,1122.7253599373403,1,1,0,1,154,0.48348960088625104,5,0.0,0
2026-04-12 22:40:00+00:00,175.13610362576856,0,1,1,2,121,0.12575340028380644,2,0.0,0
2026-04-12 23:06:00+00:00,1479.5126663980118,0,1,0,0,342,1.363343693789883,3,0.0,0
2026-04-12 23:16:00+00:00,1964.5127257418076,0,1,0,0,269,1.9341084500281365,3,0.0,0
2026-04-12 23:47:00+00:00,49.707714516479086,1,1,0,3,314,1.0,4,0.0,0
2026-04-13 00:15:00+00:00,2635.672853367265,0,1,0,3,329,1.0,4,0.0,0
2026-04-13 00:23:00+00:00,804.6059155598249,1,1,0,1,70,1.0,3,0.0,0
2026-04-13 00:42:00+00:00,558.9123572250732,0,1,0,0,44,1.0,3,0.0,0
2026-04-13 00:55:00+00:00,80.63795969634361,0,4,0,0,297,0.09770060915547094,3,0.75,0
2026-04-13 01:25:00+00:00,299.6576395422556,1,1,0,0,88,1.0,3,0.0,0
2026-04-13 01:28:00+00:00,201.76860307882657,0,3,0,1,56,0.20228858198046243,2,0.6666666666666666,1
2026-04-13 02:26:00+00:00,539.7217389218521,0,1,0,1,76,1.0,3,0.0,0
2026-04-13 02:32:00+00:00,221.1127692856591,0,1,0,1,203,0.16617778158511218,4,0.0,0
2026-04-13 04:39:00+00:00,3956.207993951818,0,1,0,0,361,1.0,2,0.0,0
2026-04-13 05:34:00+00:00,3225.796790234636,0,3,0,3,243,2.686625296640838,8,0.6666666666666666,0
2026-04-13 05:46:00+00:00,827.9810912882498,0,1,0,3,61,1.0,2,0.0,0
2026-04-13 06:25:00+00:00,592.9844738646539,0,1,0,3,310,0.82352788856365,3,0.0,0
2026-04-13 07:09:00+00:00,940.0145942762616,0,1,0,2,179,1.0118863759586398,1,0.0,0
2026-04-13 07:13:00+00:00,151.65556794057963,0,1,0,0,151,0.060379684587795475,4,0.0,0
2026-04-13 09:23:00+00:00,155.33248002822216,0,1,0,0,164,1.0,2,0.0,0
2026-04-13 09:58:00+00:00,443.3521961834823,0,1,0,1,46,0.6994720830663356,3,0.0,0
2026-04-13 10:42:00+00:00,941.7924054853098,0,1,0,2,349,1.433051808311312,2,0.0,0
2026-04-13 10:45:00+00:00,564.5842950639953,0,2,0,1,198,0.6656948362124713,2,0.5,0
2026-04-13 11:10:00+00:00,2431.1297988707056,0,1,1,0,175,1.5255988620636567,5,0.0,0
2026-04-13 11:40:00+00:00,184.35787244714138,0,4,0,0,191,0.15175106611978903,4,0.75,0
2026-04-13 11:55:00+00:00,370.490813997532,0,1,1,1,128,1.0,4,0.0,0
2026-04-13 12:03:00+00:00,198.92036293791932,1,1,0,0,257,1.0,4,0.0,0
2026-04-13 12:31:00+00:00,2438.9195573121874,0,1,0,1,268,1.0,3,0.0,0
2026-04-13 12:46:00+00:00,612.0824698809274,0,1,0,0,214,0.2967022796659834,4,0.0,0
2026-04-13 13:38:00+00:00,1184.4730626344174,0,1,0,0,248,1.0,1,0.0,0
2026-04-13 13:42:00+00:00,692.394080143617,1,1,0,1,43,1.0,2,0.0,0
2026-04-13 13:58:00+00:00,485.1922576751799,1,1,0,1,359,1.0,4,0.0,0
2026-04-13 14:13:00+00:00,265.6925030509064,0,1,0,0,12,0.32831848573202616,4,0.0,0
2026-04-13 14:15:00+00:00,995.1386489687122,1,2,0,0,360,1.0,6,0.5,0
2026-04-13 14:25:00+00:00,12742.762117649325,0,4,0,1,55,16.539984658050777,4,0.75,0
2026-04-13 14:44:00+00:00,2553.9039518750847,1,1,0,1,317,1.0,1,0.0,0
2026-04-13 14:56:00+00:00,31.74561931881611,0,1,0,2,105,1.0,1,0.0,0
2026-04-13 15:40:00+00:00,311.20028359937703,1,1,0,1,185,1.0,3,0.0,0
2026-04-13 16:38:00+00:00,836.1308883492246,0,1,0,1,309,1.0208697571218759,5,0.0,0
2026-04-13 17:37:00+00:00,400.27572257578646,1,4,0,3,82,0.4381260894129537,5,0.75,0
2026-04-13 18:17:00+00:00,916.405308160123,0,1,0,1,233,1.2251384166551809,2,0.0,0
2026-04-13 18:19:00+00:00,248.19409981098994,1,1,0,3,60,1.0,9,0.0,0
2026-04-13 18:32:00+00:00,173.9333277215263,1,3,0,0,325,0.16674362932429826,1,0.6666666666666666,0
2026-04-13 19:29:00+00:00,894.680559443904,1,1,0,1,349,1.0,3,0.0,0
2026-04-13 19:36:00+00:00,224.42982418428412,0,2,0,2,117,1.0,3,0.5,0
2026-04-13 19:43:00+00:00,1245.6831554332136,0,1,0,0,148,1.0,2,0.0,0
2026-04-13 19:46:00+00:00,676.713502224607,0,1,0,1,111,1.47957917778047,4,0.0,0
2026-04-13 20:07:00+00:00,583.9173591549512,0,2,0,0,202,1.0,3,0.5,0
2026-04-13 20:32:00+00:00,754.2689950558469,1,1,0,4,319,1.0,3,0.0,1
2026-04-13 21:38:00+00:00,781.9444031481346,1,3,0,0,274,0.9153996978771965,2,0.6666666666666666,0
2026-04-13 21:42:00+00:00,728.0827332578124,0,1,0,0,337,0.9833624735286184,1,0.0,0
2026-04-14 00:25:00+00:00,381.03476281111693,0,1,0,0,227,1.0,3,0.0,0
2026-04-14 00:26:00+00:00,454.82714989671,1,1,0,1,241,1.0,4,0.0,0
2026-04-14 00:28:00+00:00,773.5838366406838,0,1,0,3,189,1.0,6,0.0,0
2026-04-14 01:15:00+00:00,416.4114183472435,1,2,0,3,37,1.0,3,0.5,1
2026-04-14 02:01:00+00:00,4539.453456707676,0,1,0,2,103,5.55209204042461,5,0.0,0
2026-04-14 02:19:00+00:00,1775.918207900756,0,1,0,0,229,2.2662375701076978,6,0.0,0
2026-04-14 02:29:00+00:00,911.8532571527101,0,1,0,2,171,1.0,2,0.0,0
2026-04-14 03:10:00+00:00,497.5409396400762,0,1,0,1,206,0.43902183271608697,3,0.0,0
2026-04-14 03:54:00+00:00,289.1784588497866,0,1,0,0,196,0.26494494922457046,5,0.0,0
2026-04-14 04:26:00+00:00,106.2253396866082,0,1,0,0,105,0.13247752183824324,5,0.0,0
2026-04-14 05:00:00+00:00,6206.507622608071,0,1,2,3,184,7.370775449562201,1,0.0,1
2026-04-14 06:14:00+00:00,1602.4343462780034,0,1,0,3,304,1.7881383562225637,3,0.0,0
2026-04-14 06:22:00+00:00,260.3269099923323,0,1,0,0,356,1.0,4,0.0,0
2026-04-14 06:45:00+00:00,333.25793557102406,0,2,0,1,22,0.4781393652775632,4,0.5,0
2026-04-14 07:06:00+00:00,118.74511577540589,0,1,0,0,178,0.4793437357156754,4,0.0,0
2026-04-14 07:17:00+00:00,4029.711988809381,0,1,0,0,149,1.0,2,0.0,0
2026-04-14 07:50:00+00:00,388.18812890318304,0,1,0,2,64,0.7181806604514642,3,0.0,0
2026-04-14 08:43:00+00:00,8311.415922859416,0,3,0,2,246,1.0,3,0.6666666666666666,0
2026-04-14 09:06:00+00:00,637.1604019039157,0,1,0,2,150,0.8936065928153618,5,0.0,0
2026-04-14 09:18:00+00:00,550.2422698044882,0,1,1,1,364,1.4934193285509723,3,0.0,0
2026-04-14 10:09:00+00:00,295.55751166169813,0,1,0,0,171,0.3859440470181592,4,0.0,0
2026-04-14 10:10:00+00:00,172.79384310491918,0,2,0,1,253,0.4229302662820757,5,0.5,0
2026-04-14 10:14:00+00:00,3332.3708880633144,0,1,0,0,346,1.0,2,0.0,0
2026-04-14 10:35:00+00:00,272.59952776296933,1,1,0,2,192,1.0,2,0.0,0
2026-04-14 10:41:00+00:00,357.7318130718293,1,1,0,1,258,1.0,4,0.0,0
2026-04-14 11:21:00+00:00,403.93670626464257,0,2,1,3,232,1.0,6,0.5,1
2026-04-14 13:34:00+00:00,257.64507487744356,0,1,0,1,353,0.539074733673778,4,0.0,0
2026-04-14 13:43:00+00:00,407.8830461315498,0,1,0,2,259,1.0,2,0.0,0
2026-04-14 14:12:00+00:00,285.59006329937216,0,1,0,0,49,0.35483233192070296,5,0.0,0
2026-04-14 14:17:00+00:00,382.69534457206237,1,1,0,1,197,1.0,3,0.0,0
2026-04-14 16:22:00+00:00,79.59030671633688,0,1,0,0,4,0.15020116191552074,1,0.0,0
2026-04-14 16:48:00+00:00,1524.159641916688,1,1,0,0,231,1.1779137165395253,4,0.0,0
2026-04-14 16:55:00+00:00,143.63534751915736,1,1,0,2,69,0.05535157013688954,4,0.0,0
2026-04-14 17:19:00+00:00,424.85089844094944,1,1,0,0,282,1.0,6,0.0,0
2026-04-14 17:29:00+00:00,523.8209179663986,0,1,0,0,6,0.45233256468562283,3,0.0,0
2026-04-14 17:41:00+00:00,533.4021180635067,0,1,0,1,307,0.8446623416365955,3,0.0,0
2026-04-14 17:55:00+00:00,2627.4774852924907,0,1,0,1,232,1.2596728010264477,5,0.0,0
2026-04-14 18:56:00+00:00,1663.3701783903634,0,1,0,1,148,1.9067606191340922,5,0.0,0
2026-04-14 18:57:00+00:00,305.5481005470929,0,1,1,0,149,1.0,2,0.0,0
2026-04-14 19:43:00+00:00,785.6767331382435,0,1,0,2,326,1.0,3,0.0,0
2026-04-14 20:01:00+00:00,1624.5072962663958,1,3,0,2,117,1.3346523417306877,2,0.6666666666666666,0
2026-04-14 20:04:00+00:00,1164.499280491341,0,1,0,1,226,1.4539444811894147,3,0.0,0
2026-04-14 21:14:00+00:00,528.4145937229682,0,1,0,0,150,1.0,5,0.0,0
2026-04-14 22:06:00+00:00,386.46172009071114,0,1,0,0,99,0.5249529189161283,5,0.0,0
2026-04-14 22:26:00+00:00,187.79587454525296,0,1,0,1,37,0.28476852558681387,1,0.0,0
2026-04-14 22:56:00+00:00,891.0728946026491,0,1,0,0,42,1.2159610376202323,4,0.0,0
2026-04-14 23:25:00+00:00,608.3700880178559,0,1,0,0,293,0.2593437204398201,4,0.0,0
2026-04-15 00:45:00+00:00,84.63122548139506,1,1,2,1,346,1.0,3,0.0,1
2026-04-15 01:29:00+00:00,579.7226748592058,0,1,0,1,221,0.3935599673898916,1,0.0,0
2026-04-15 02:06:00+00:00,765.7278234441048,1,2,0,3,218,1.293904224084029,4,0.5,0
2026-04-15 04:23:00+00:00,1291.433380415458,0,2,1,2,168,1.8293939692769385,6,0.5,1
2026-04-15 04:33:00+00:00,1168.4686319705672,0,1,0,2,220,2.27243736891865,3,0.0,0
2026-04-15 04:43:00+00:00,457.7663737182967,1,1,0,1,141,0.3651143595455934,3,0.0,0
2026-04-15 04:56:00+00:00,98.99315070083063,1,2,0,0,56,0.1917195662213771,3,0.5,0
2026-04-15 06:38:00+00:00,189.5183325923618,0,4,0,4,36,1.0,5,0.75,1
2026-04-15 06:39:00+00:00,466.41832414358254,0,1,0,1,242,1.0,1,0.0,0
2026-04-15 06:48:00+00:00,422.9389182572859,0,1,0,1,3,0.8654298990116681,2,0.0,0
2026-04-15 07:34:00+00:00,483.61540761704396,0,1,0,2,339,1.0158250922322964,1,0.0,0
2026-04-15 08:05:00+00:00,397.38407254720653,0,1,0,1,282,1.0,3,0.0,0
2026-04-15 08:19:00+00:00,1532.5116996898803,1,2,0,1,121,1.3510410401126451,3,0.5,0
2026-04-15 08:22:00+00:00,867.8619328645877,0,1,0,2,180,0.7381535209340787,4,0.0,0
2026-04-15 09:22:00+00:00,291.8373184090641,0,1,0,0,317,1.0,3,0.0,0
2026-04-15 09:31:00+00:00,207.821437558095,0,1,0,0,31,1.0,2,0.0,0
2026-04-15 11:33:00+00:00,89.62624458383345,0,1,0,0,206,1.0,3,0.0,0
2026-04-15 12:14:00+00:00,95.74928695074904,0,1,0,1,343,0.12417820178727489,4,0.0,0
2026-04-15 12:48:00+00:00,391.3663124502257,1,1,0,2,217,0.8322274136397018,3,0.0,0
2026-04-15 12:54:00+00:00,855.2301039155609,1,1,0,1,169,1.0,3,0.0,0
2026-04-15 13:35:00+00:00,837.4609288754586,1,3,0,2,121,1.0,1,0.6666666666666666,1
2026-04-15 13:54:00+00:00,780.5094612778214,0,1,0,0,2,1.3881867275851867,4,0.0,0
2026-04-15 14:16:00+00:00,368.6548952372811,1,1,0,0,324,0.5454699197637494,2,0.0,0
2026-04-15 14:35:00+00:00,2232.3106928753164,1,3,0,0,266,1.0,2,0.6666666666666666,1
2026-04-15 14:41:00+00:00,534.3061090417002,1,1,0,0,8,1.0,6,0.0,0
2026-04-15 14:44:00+00:00,290.4483308942064,0,4,0,1,102,0.42857499612295685,3,0.75,0
2026-04-15 14:53:00+00:00,1645.136715187916,1,1,0,4,66,1.0,3,0.0,0
2026-04-15 14:53:00+00:00,253.35984996093072,0,3,0,2,90,1.0,6,0.6666666666666666,0
2026-04-15 14:55:00+00:00,143.99997660320776,0,2,0,3,145,1.0,3,0.5,0
2026-04-15 15:25:00+00:00,238.21309946570548,1,1,0,0,107,1.2043046278301002,2,0.0,0
2026-04-15 15:54:00+00:00,57.601610443383386,0,1,0,0,349,1.0,4,0.0,0
2026-04-15 16:17:00+00:00,1675.8971959762907,0,1,0,2,229,1.2927537307626378,2,0.0,0
2026-04-15 17:07:00+00:00,940.8720393836395,1,1,0,0,350,1.0,3,0.0,0
2026-04-15 17:30:00+00:00,293.90905937006096,1,1,0,1,321,1.0,4,0.0,0
2026-04-15 17:43:00+00:00,1180.477808773003,0,1,0,0,305,1.8184189721159574,3,0.0,0
2026-04-15 18:13:00+00:00,2020.0865933158211,0,3,0,1,303,2.44753685480981,4,0.6666666666666666,0
2026-04-15 18:22:00+00:00,362.03190059133306,0,1,0,2,197,0.3078046167804203,4,0.0,0
2026-04-15 18:31:00+00:00,129.31302016128993,1,4,0,0,72,0.23289936210703335,3,0.75,0
2026-04-15 18:32:00+00:00,1110.1312884709155,1,1,0,2,322,1.654529131046594,1,0.0,0
2026-04-15 19:43:00+00:00,201.10530824594156,0,1,0,0,308,0.4026752338309404,4,0.0,0
2026-04-15 19:53:00+00:00,2983.075362163772,1,1,0,0,261,2.467026661201268,4,0.0,0
2026-04-15 20:54:00+00:00,202.92532432367582,0,1,0,0,342,0.3213171119217232,4,0.0,0
2026-04-15 21:23:00+00:00,998.6676459752625,0,2,0,0,230,1.0,4,0.5,0
2026-04-15 22:14:00+00:00,65.85425790358238,0,1,1,3,132,0.14636746387690655,4,0.0,1
2026-04-15 22:14:00+00:00,264.03537901074577,0,1,0,0,212,0.17374148244974008,2,0.0,0
2026-04-15 23:12:00+00:00,222.83331757813448,1,1,0,0,93,0.4828485926608571,2,0.0,0
2026-04-15 23:25:00+00:00,397.51215794044504,0,1,0,2,172,0.5908317886296294,3,0.0,0
2026-04-15 23:35:00+00:00,268.9437386620288,0,1,0,1,174,1.0,6,0.0,0
2026-04-16 00:22:00+00:00,161.98523686149053,0,1,0,4,90,0.19670739987659452,2,0.0,1
2026-04-16 01:25:00+00:00,1944.8719955650163,1,1,0,2,344,2.684619017564457,2,0.0,0
2026-04-16 02:08:00+00:00,83.92704077196663,1,1,0,1,313,1.0,2,0.0,0
2026-04-16 03:05:00+00:00,575.8318842864337,0,2,0,1,87,0.5559368662528908,5,0.5,0
2026-04-16 03:46:00+00:00,661.3826999704013,1,2,0,1,264,1.0,4,0.5,1
2026-04-16 03:46:00+00:00,134.48195147444136,1,1,0,0,180,0.13126889988888693,5,0.0,0
2026-04-16 04:16:00+00:00,2774.2356936372644,0,1,0,2,113,3.7060509182488595,3,0.0,0
2026-04-16 05:38:00+00:00,1418.2705008139046,0,1,0,2,192,1.0,5,0.0,0
2026-04-16 05:42:00+00:00,373.85883591602396,0,1,0,0,122,0.26573882665453363,3,0.0,0
2026-04-16 06:03:00+00:00,1134.0594423903885,0,1,0,1,59,1.1344385465699203,5,0.0,0
2026-04-16 06:39:00+00:00,168.60164960729566,1,1,0,0,7,0.22979546529500053,3,0.0,0
2026-04-16 06:46:00+00:00,40.95327750406148,0,1,0,0,7,0.053912317508296,3,0.0,0
2026-04-16 06:51:00+00:00,447.0275388487131,0,1,0,0,187,1.0,1,0.0,0
2026-04-16 07:18:00+00:00,1722.852067848985,0,1,0,1,92,1.0,3,0.0,0
2026-04-16 08:53:00+00:00,190.1644420949533,0,1,0,2,74,0.21539364409481065,3,0.0,0
2026-04-16 08:54:00+00:00,294.09537537833415,0,2,0,1,31,0.5101858509051651,2,0.5,0
2026-04-16 08:58:00+00:00,231.9694178915384,1,1,0,1,6,1.0,3,0.0,0
2026-04-16 09:16:00+00:00,3411.9925474462034,0,2,1,0,107,1.0,4,0.5,1
2026-04-16 09:30:00+00:00,268.73447296540155,0,2,0,0,345,0.2695397554509052,2,0.5,0
2026-04-16 09:39:00+00:00,4993.08373287641,0,1,0,1,217,11.628234309793385,7,0.0,0
2026-04-16 09:46:00+00:00,606.5615018653941,0,1,0,0,161,1.0,6,0.0,0
2026-04-16 09:51:00+00:00,973.3642037835816,0,1,0,1,339,0.8538518295921329,4,0.0,0
2026-04-16 10:36:00+00:00,1663.9578910207783,0,1,0,1,364,2.7436503929092866,3,0.0,0
2026-04-16 11:18:00+00:00,768.0761460899374,0,1,0,0,247,1.0,3,0.0,0
2026-04-16 11:39:00+00:00,2643.906174484224,0,3,1,3,21,1.0,5,0.6666666666666666,1
2026-04-16 12:36:00+00:00,334.12582352561367,1,2,0,0,156,0.9235237691609591,2,0.5,0
2026-04-16 12:47:00+00:00,393.2237330207156,1,1,0,2,76,1.098875801102958,3,0.0,0
2026-04-16 12:49:00+00:00,409.6443031540714,0,1,0,2,68,0.42031046526860805,3,0.0,0
2026-04-16 13:10:00+00:00,1589.5936120196366,0,1,0,3,276,1.7685812523345312,3,0.0,0
2026-04-16 13:28:00+00:00,705.7536883654307,0,1,0,2,234,1.0,3,0.0,0
2026-04-16 13:47:00+00:00,93.78884771392636,1,1,0,1,363,0.07825391196250522,2,0.0,0
2026-04-16 14:09:00+00:00,103.10984197322817,1,1,0,0,64,0.13935760039906742,3,0.0,0
2026-04-16 14:13:00+00:00,240.80674242413295,0,1,0,1,281,1.0,3,0.0,0
2026-04-16 15:17:00+00:00,616.3238928460414,0,1,0,0,153,1.0,2,0.0,0
2026-04-16 15:31:00+00:00,646.9891524982081,0,1,0,1,127,1.0,1,0.0,0
2026-04-16 16:25:00+00:00,846.3464923663179,0,1,0,1,334,1.0,4,0.0,0
2026-04-16 16:31:00+00:00,386.34947979002936,0,1,0,3,207,0.28639211092215744,2,0.0,0
2026-04-16 16:55:00+00:00,1075.589821627207,1,1,0,1,351,0.9614260153451184,3,0.0,0
2026-04-16 17:05:00+00:00,2520.1792377922707,0,1,0,2,141,1.0,8,0.0,0
2026-04-16 17:47:00+00:00,1534.389258202464,1,2,0,2,285,3.282582862354324,6,0.5,0
2026-04-16 17:51:00+00:00,811.47109044433,0,2,0,1,154,1.1136202315899855,4,0.5,0
2026-04-16 18:17:00+00:00,1634.7273748120792,1,1,0,2,37,2.7709955665472155,3,0.0,0
2026-04-16 18:44:00+00:00,1159.2914767333211,0,1,0,1,276,1.0,4,0.0,0
2026-04-16 19:13:00+00:00,1882.2997743686913,0,1,0,1,37,2.870995316507276,1,0.0,0
2026-04-16 19:20:00+00:00,371.4116868440042,0,1,0,1,334,0.1806271979364745,3,0.0,0
2026-04-16 19:36:00+00:00,750.6562199471125,0,1,0,0,259,1.0,2,0.0,0
2026-04-16 20:18:00+00:00,231.16290756234713,1,1,0,2,36,1.0,3,0.0,0
2026-04-16 20:58:00+00:00,172.148394076194,1,1,0,0,310,0.2173801430932637,1,0.0,0
2026-04-16 21:12:00+00:00,833.4734359312489,0,1,0,0,314,2.298209021805029,9,0.0,0
2026-04-16 21:39:00+00:00,434.9976944776841,0,1,0,1,220,0.7615093689959603,2,0.0,0
2026-04-16 22:25:00+00:00,3624.4036903000033,0,1,0,0,204,7.595299986545555,5,0.0,0
2026-04-16 23:06:00+00:00,475.17017021575145,0,4,0,2,272,1.054989748958923,2,0.75,0
2026-04-16 23:37:00+00:00,82.857251326099,1,2,0,1,106,0.07504262438496774,3,0.5,1
2026-04-16 23:58:00+00:00,684.4504082403433,0,1,0,0,169,0.9187609539053706,5,0.0,0
2026-04-17 00:07:00+00:00,120.85634335509079,1,1,0,1,183,1.0,4,0.0,0
2026-04-17 01:11:00+00:00,704.4960062597419,0,4,1,5,62,0.5715082418324515,3,0.75,1
2026-04-17 01:56:00+00:00,1717.1384559130865,0,1,0,0,173,1.0,5,0.0,0
2026-04-17 03:06:00+00:00,181.47039518925678,1,1,0,0,70,1.0,1,0.0,0
2026-04-17 03:52:00+00:00,1411.1672882070234,0,2,1,3,343,1.0,5,0.5,1
2026-04-17 03:56:00+00:00,224.40854058169253,0,1,0,1,31,0.13132811088930307,4,0.0,0
2026-04-17 04:09:00+00:00,1025.8260550743898,0,1,0,1,37,2.3722026627643626,4,0.0,0
2026-04-17 04:26:00+00:00,503.6187453202684,1,3,0,2,315,0.47093052069606256,6,0.6666666666666666,0
2026-04-17 05:08:00+00:00,748.01384316996,0,3,0,0,170,1.0,3,0.6666666666666666,0
2026-04-17 05:59:00+00:00,147.92077728032433,1,1,0,1,157,0.3054668539998092,4,0.0,0
2026-04-17 06:48:00+00:00,1406.7985459714362,0,1,0,1,317,2.2053041061358094,1,0.0,1
2026-04-17 07:00:00+00:00,366.12616418127755,0,3,0,1,145,1.0,5,0.6666666666666666,0
2026-04-17 07:17:00+00:00,2012.7239455704091,0,1,0,1,56,1.0,2,0.0,0
2026-04-17 08:04:00+00:00,815.9350184810007,0,1,0,1,360,1.0,2,0.0,0
2026-04-17 10:05:00+00:00,1164.8554484653446,0,1,0,0,323,1.0,2,0.0,0
2026-04-17 10:22:00+00:00,1432.0682075563898,1,1,0,0,4,1.0,1,0.0,0
2026-04-17 10:27:00+00:00,1417.0364087011058,1,2,0,2,205,3.8278775299577545,3,0.5,0
2026-04-17 11:29:00+00:00,1821.2427505724827,0,1,0,2,244,1.0,2,0.0,0
2026-04-17 11:35:00+00:00,1645.7149327940447,1,1,0,1,163,1.0,4,0.0,0
2026-04-17 12:25:00+00:00,500.9014032151356,0,1,0,2,176,0.5285231335065014,3,0.0,0
2026-04-17 12:52:00+00:00,481.87258120831495,0,4,0,1,131,1.0,6,0.75,0
2026-04-17 13:43:00+00:00,647.4530591059004,0,1,0,1,276,0.6707020621978783,4,0.0,0
2026-04-17 13:46:00+00:00,1656.9805129347915,1,1,0,1,342,1.0,4,0.0,0
2026-04-17 13:50:00+00:00,480.2862023776035,0,1,0,1,339,0.660615335283866,6,0.0,0
2026-04-17 14:04:00+00:00,324.16509057033943,0,1,0,0,349,1.0,3,0.0,0
2026-04-17 14:07:00+00:00,668.2393126277594,0,1,0,0,225,1.100023050583909,5,0.0,0
2026-04-17 14:32:00+00:00,1179.2402864063438,0,3,0,3,348,3.113716842377834,2,0.6666666666666666,0
2026-04-17 16:06:00+00:00,2311.754656719541,0,4,0,0,6,1.0,5,0.75,0
2026-04-17 16:25:00+00:00,213.6036036034349,0,1,0,1,327,0.3871250342678476,2,0.0,0
2026-04-17 17:26:00+00:00,433.42788284468736,0,1,0,0,14,0.7320344821374085,1,0.0,0
2026-04-17 17:46:00+00:00,55.00547099090538,0,1,0,0,296,0.12925699840975324,4,0.0,0
2026-04-17 18:21:00+00:00,1226.986701357294,0,1,0,0,191,2.6107697948897295,6,0.0,0
2026-04-17 18:55:00+00:00,155.76828286048365,1,1,0,0,236,1.0,2,0.0,0
2026-04-17 18:58:00+00:00,245.7637894509708,0,1,0,1,331,0.2910844083715046,2,0.0,0
2026-04-17 19:32:00+00:00,604.5401791419148,1,1,0,0,90,1.0384401021370846,3,0.0,0
2026-04-17 19:37:00+00:00,131.1547350119398,0,1,0,2,344,1.0,3,0.0,0
2026-04-17 19:57:00+00:00,1558.5411754372956,0,1,0,0,266,0.9728113638466769,7,0.0,0
2026-04-17 20:17:00+00:00,3075.2528698349033,1,1,0,3,355,6.223328908581731,1,0.0,1
2026-04-17 20:45:00+00:00,2554.8637867952207,0,2,0,2,52,2.1696427909800424,4,0.5,0
2026-04-17 21:39:00+00:00,18.504368460656643,0,1,0,0,344,0.03285763789595695,3,0.0,0
2026-04-17 21:56:00+00:00,375.9148828173811,0,1,0,2,361,0.22377468452602406,4,0.0,1
2026-04-17 22:02:00+00:00,341.87640839292106,0,1,0,3,258,0.25896733265178434,5,0.0,0
2026-04-17 22:35:00+00:00,382.1633591479395,1,1,0,1,193,1.0,6,0.0,0
2026-04-17 23:10:00+00:00,1403.3454858607724,1,1,0,1,250,0.8330590520891972,3,0.0,0
2026-04-17 23:42:00+00:00,715.7858730021974,0,1,0,2,182,1.0,2,0.0,0
2026-04-18 00:19:00+00:00,210.54077655487734,0,4,0,1,11,1.0,7,0.75,0
2026-04-18 01:55:00+00:00,766.8608633521928,0,1,0,0,62,1.0036485442431278,2,0.0,0
2026-04-18 02:26:00+00:00,4829.904979000942,1,2,0,4,266,4.215796344951456,2,0.5,0
2026-04-18 02:37:00+00:00,431.38104943359514,1,1,0,1,249,0.5209582320468827,7,0.0,0
2026-04-18 02:45:00+00:00,580.7467846243453,0,1,0,0,297,0.8318250048882676,5,0.0,0
2026-04-18 02:49:00+00:00,781.9354869263146,1,1,0,0,20,1.0,2,0.0,0
2026-04-18 03:08:00+00:00,610.5481528733307,1,1,0,2,348,0.5632860834654748,4,0.0,0
2026-04-18 04:43:00+00:00,1818.2521042303924,1,1,0,1,227,1.0,2,0.0,0
2026-04-18 05:24:00+00:00,807.9600298714162,0,1,0,1,225,0.8077058055781442,5,0.0,0
2026-04-18 05:42:00+00:00,153.15386337431374,1,2,0,1,306,1.0,3,0.5,1
2026-04-18 06:15:00+00:00,186.74221624528724,0,1,0,0,343,0.5752294548105779,2,0.0,0
2026-04-18 06:15:00+00:00,594.3599239142627,0,3,1,3,262,0.5335610149326537,3,0.6666666666666666,0
2026-04-18 06:28:00+00:00,4496.617789319786,0,1,0,1,196,4.536629781252835,2,0.0,0
2026-04-18 06:30:00+00:00,73.80519829661911,1,1,0,3,250,0.052631528127672855,2,0.0,0
2026-04-18 07:36:00+00:00,1339.5799864659355,0,1,0,0,235,1.9984974696927997,3,0.0,0
2026-04-18 07:42:00+00:00,614.8451060575238,0,1,1,2,211,1.0,3,0.0,1
2026-04-18 07:44:00+00:00,182.94670695200867,1,2,0,1,344,1.0,6,0.5,0
2026-04-18 07:53:00+00:00,310.8436515026601,1,1,0,1,17,0.45015146438868964,3,0.0,0
2026-04-18 07:55:00+00:00,514.3835278241144,0,2,0,2,227,0.7730580571241181,5,0.5,0
2026-04-18 08:31:00+00:00,202.71788208719545,0,1,0,0,123,1.0,3,0.0,0
2026-04-18 08:39:00+00:00,127.10435739894024,0,1,0,4,356,0.2904373507120658,4,0.0,0
2026-04-18 08:47:00+00:00,166.70741808234067,1,1,0,1,194,0.21853841237839933,7,0.0,0
2026-04-18 09:06:00+00:00,275.4132049461531,1,1,0,0,35,0.48629945940265257,3,0.0,0
2026-04-18 09:28:00+00:00,596.957333452287,0,1,0,1,262,0.43200716908148756,4,0.0,0
2026-04-18 09:52:00+00:00,345.4176980090427,0,1,0,0,349,0.3023477473096014,7,0.0,0
2026-04-18 10:12:00+00:00,2098.968225181973,0,1,0,1,159,1.0,3,0.0,0
2026-04-18 10:17:00+00:00,973.4293282199532,1,1,0,1,82,1.0,5,0.0,0
2026-04-18 10:41:00+00:00,471.6867682738237,1,1,0,0,9,1.0,2,0.0,0
2026-04-18 11:42:00+00:00,258.27347993167234,0,1,0,0,295,1.0,4,0.0,0
2026-04-18 12:41:00+00:00,1060.6042327493624,0,1,1,2,40,2.093687769847986,2,0.0,0
2026-04-18 13:33:00+00:00,408.1401131690387,1,1,0,0,10,1.0,3,0.0,0
2026-04-18 14:14:00+00:00,5042.5154616951695,1,1,0,2,200,4.620426541599963,3,0.0,1
2026-04-18 14:41:00+00:00,74.4073612010771,0,1,0,0,334,0.11221722207477842,3,0.0,0
2026-04-18 15:22:00+00:00,339.5930937398649,0,2,0,0,169,1.0,1,0.5,0
2026-04-18 16:09:00+00:00,247.37099910413147,0,1,0,0,307,0.26528003097207836,1,0.0,0
2026-04-18 16:23:00+00:00,109.15010586280702,0,1,0,0,326,0.07761630396056074,11,0.0,0
2026-04-18 16:35:00+00:00,783.333701680138,0,1,0,2,185,1.0,1,0.0,0
2026-04-18 17:30:00+00:00,534.5811993188183,1,1,0,1,77,0.7441077276062281,7,0.0,0
2026-04-18 17:46:00+00:00,55.58612507888508,0,1,0,0,182,0.15751370845838172,3,0.0,0
2026-04-18 17:59:00+00:00,2414.5389805426025,1,1,0,1,245,1.3907671856258628,3,0.0,0
2026-04-18 19:03:00+00:00,289.2793893690076,1,1,0,2,359,1.0,4,0.0,0
2026-04-18 19:12:00+00:00,116.9501693688913,0,1,0,0,55,1.0,5,0.0,0
2026-04-18 19:22:00+00:00,308.4708058217144,0,1,0,2,120,0.14666719603299153,3,0.0,0
2026-04-18 19:40:00+00:00,832.7624592501879,1,1,0,0,194,0.7602976129783494,1,0.0,0
2026-04-18 20:06:00+00:00,263.8691659639664,0,1,0,1,2,0.5076962714455626,6,0.0,1
2026-04-18 20:09:00+00:00,130.1599276118927,1,1,0,0,29,0.26685535381934633,2,0.0,0
2026-04-18 21:04:00+00:00,127.94528117193785,0,1,0,1,53,0.12684624753319074,1,0.0,1
2026-04-18 21:31:00+00:00,824.244083770993,1,1,0,1,165,1.6967312563470045,2,0.0,0
2026-04-18 21:38:00+00:00,410.3819304867728,0,1,0,1,138,1.0,6,0.0,0
2026-04-18 21:44:00+00:00,227.36154644219067,0,1,1,5,353,1.0,5,0.0,1
2026-04-18 21:54:00+00:00,986.8051569453582,0,1,0,2,174,1.0,3,0.0,0
2026-04-18 23:29:00+00:00,3396.001857362893,1,1,0,1,333,1.0,7,0.0,0
2026-04-19 00:56:00+00:00,1025.2669569065647,0,2,0,0,163,1.0,3,0.5,0
2026-04-19 01:24:00+00:00,215.8801583107276,0,2,0,0,43,0.4004279278904737,5,0.5,0
2026-04-19 02:02:00+00:00,900.1749905031759,0,1,0,0,333,1.0,4,0.0,0
2026-04-19 02:26:00+00:00,537.3345077018381,0,1,0,2,135,0.5962306376946244,4,0.0,0
2026-04-19 02:43:00+00:00,865.3528569447319,0,1,0,0,158,1.0140653146484633,3,0.0,0
2026-04-19 04:41:00+00:00,1094.663463709156,0,1,0,2,179,1.0336814548965516,4,0.0,0
2026-04-19 05:35:00+00:00,1196.24086758345,1,2,1,1,312,1.0,6,0.5,1
2026-04-19 06:07:00+00:00,407.4857096437007,1,2,0,2,315,0.6538204614206379,4,0.5,0
2026-04-19 06:35:00+00:00,839.8903484157754,0,1,0,2,45,1.0,3,0.0,0
2026-04-19 06:38:00+00:00,1395.4204112229545,1,4,0,2,215,1.8925460843142095,4,0.75,0
2026-04-19 06:50:00+00:00,908.9258846819429,1,1,0,0,7,1.0,2,0.0,0
2026-04-19 07:36:00+00:00,443.14304367085947,1,1,0,2,216,0.922286185410766,3,0.0,0
2026-04-19 07:49:00+00:00,330.53963828848725,1,1,0,1,161,1.0,5,0.0,0
2026-04-19 08:44:00+00:00,1185.8053476799173,0,1,0,2,24,0.9357013194580206,1,0.0,0
2026-04-19 09:18:00+00:00,207.957521701497,0,1,0,0,347,1.0,4,0.0,0
2026-04-19 09:20:00+00:00,1252.8910704929194,1,1,0,0,122,2.1371593205909805,3,0.0,0
2026-04-19 09:29:00+00:00,1391.4339962010538,0,1,0,0,140,1.0,6,0.0,0
2026-04-19 09:44:00+00:00,299.73196161910863,0,1,0,1,51,1.0,1,0.0,0
2026-04-19 10:20:00+00:00,191.36034497946528,1,1,0,2,316,1.0,5,0.0,0
2026-04-19 10:44:00+00:00,3416.690344157864,0,1,0,0,329,1.0,3,0.0,0
2026-04-19 10:57:00+00:00,1374.0513780847048,1,1,0,2,294,1.9478075041888532,2,0.0,0
2026-04-19 11:13:00+00:00,102.28743376393395,1,1,0,0,122,0.07396574383181569,4,0.0,0
2026-04-19 11:42:00+00:00,754.4811684602086,0,1,0,2,161,1.2302722374596504,4,0.0,0
2026-04-19 12:15:00+00:00,2762.939623249542,0,2,0,1,256,1.0,1,0.5,0
2026-04-19 12:18:00+00:00,1279.5707332136235,0,4,0,2,261,1.0,2,0.75,0
2026-04-19 13:23:00+00:00,215.79404531808322,0,1,0,0,183,0.23349669309778118,5,0.0,0
2026-04-19 14:19:00+00:00,2364.155744430501,0,1,2,2,221,3.0235625484335986,6,0.0,0
2026-04-19 14:30:00+00:00,1883.819250546417,1,1,0,1,78,3.6633398375050112,3,0.0,0
2026-04-19 15:50:00+00:00,427.84040887252684,0,4,0,2,21,0.2612449257391942,1,0.75,0
2026-04-19 16:18:00+00:00,192.3865870206146,0,1,0,0,146,0.44105271016480585,2,0.0,0
2026-04-19 17:02:00+00:00,650.7379246968985,0,3,0,1,93,1.297681685890574,2,0.6666666666666666,0
2026-04-19 17:30:00+00:00,66.47177478273896,0,1,0,2,318,0.11939157184594656,5,0.0,0
2026-04-19 18:25:00+00:00,461.1258670212937,0,1,1,4,169,0.44885620106878077,5,0.0,0
2026-04-19 18:40:00+00:00,1170.9283245885167,0,1,0,2,140,1.0,3,0.0,0
2026-04-19 19:28:00+00:00,137.91330848902388,1,1,0,2,15,1.0,5,0.0,0
2026-04-19 20:10:00+00:00,2128.7629145686315,0,1,0,1,121,1.0,2,0.0,0
2026-04-19 20:57:00+00:00,1407.6533924386272,1,4,0,1,34,3.869373926359223,3,0.75,1
2026-04-19 21:30:00+00:00,195.52444122076676,1,1,0,2,354,1.0,5,0.0,0
2026-04-19 22:37:00+00:00,1239.710519917612,0,3,0,2,174,0.9998887155790221,4,0.6666666666666666,0
2026-04-19 23:26:00+00:00,1843.7871672056995,0,1,0,1,151,1.0762173078057984,2,0.0,0
2026-04-19 23:51:00+00:00,338.69076973746706,1,1,0,1,226,1.0,6,0.0,0
2026-04-20 00:29:00+00:00,1666.4915058483866,1,1,0,0,282,1.0,4,0.0,0
2026-04-20 02:07:00+00:00,528.9157017166449,0,2,0,1,225,0.23562086837354115,3,0.5,0
2026-04-20 02:08:00+00:00,216.90962570329162,1,1,0,1,51,0.34706422377427826,4,0.0,0
2026-04-20 03:24:00+00:00,332.9739874822352,0,1,0,1,121,1.0,2,0.0,0
2026-04-20 03:55:00+00:00,935.9008872247796,0,1,0,2,59,1.7267468029528257,1,0.0,0
2026-04-20 04:12:00+00:00,270.94006904437333,0,1,0,2,277,1.0,4,0.0,0
2026-04-20 04:15:00+00:00,162.3662658171511,0,1,0,1,161,1.0,4,0.0,0
2026-04-20 04:17:00+00:00,279.9900236290386,0,3,0,1,200,1.0,3,0.6666666666666666,0
2026-04-20 04:21:00+00:00,320.3769475388845,0,1,0,1,294,0.4182122691558763,2,0.0,0
2026-04-20 04:21:00+00:00,851.6620851735803,1,1,0,0,362,1.0,3,0.0,0
2026-04-20 04:55:00+00:00,691.1629375695409,0,1,0,0,280,1.0,2,0.0,0
2026-04-20 04:55:00+00:00,611.4472865828269,0,3,0,0,84,0.8784656558705145,4,0.6666666666666666,0
2026-04-20 06:44:00+00:00,772.6931685544088,0,2,0,2,139,1.435778818026262,4,0.5,0
2026-04-20 07:01:00+00:00,2116.757279572222,0,1,0,2,316,1.0,6,0.0,0
2026-04-20 07:23:00+00:00,672.851646203253,1,1,0,1,27,0.49424960981097515,2,0.0,0
2026-04-20 07:39:00+00:00,3251.5279398559874,0,2,0,0,178,1.0,3,0.5,0
2026-04-20 08:22:00+00:00,569.312440077315,0,3,0,0,9,0.8616030064904735,3,0.6666666666666666,0
2026-04-20 08:49:00+00:00,1582.0271143352825,0,1,0,2,183,1.0,5,0.0,0
2026-04-20 09:04:00+00:00,1006.0612576386436,1,1,0,2,244,1.0,5,0.0,0
2026-04-20 09:41:00+00:00,956.3826256243276,0,1,0,0,92,1.6499525511713076,1,0.0,0
2026-04-20 09:47:00+00:00,711.701084052995,0,1,0,1,361,1.0,3,0.0,0
2026-04-20 09:50:00+00:00,835.0245669952413,0,3,0,1,66,0.9934006855357796,2,0.6666666666666666,0
2026-04-20 10:24:00+00:00,4066.007133416818,0,2,0,1,136,6.049986705987673,6,0.5,0
2026-04-20 10:31:00+00:00,408.2711032763108,0,1,0,0,131,0.9605777805489669,6,0.0,0
2026-04-20 10:48:00+00:00,86.74490020473199,1,2,0,1,64,1.0,6,0.5,0
2026-04-20 11:00:00+00:00,661.0793214038803,0,3,0,1,243,0.5739005852394629,3,0.6666666666666666,0
2026-04-20 11:16:00+00:00,607.1163769251266,0,2,0,0,84,1.0,2,0.5,0
2026-04-20 11:41:00+00:00,4128.992441392854,1,1,1,3,169,1.0,4,0.0,1
2026-04-20 12:19:00+00:00,335.23021140782885,1,4,0,0,134,1.0,2,0.75,0
2026-04-20 12:22:00+00:00,425.5598421834412,0,2,0,2,354,0.22488374687096818,5,0.5,0
2026-04-20 12:43:00+00:00,589.1636307906866,1,1,0,2,310,1.0,3,0.0,0
2026-04-20 12:49:00+00:00,775.0967711340465,1,2,0,3,56,1.0,2,0.5,1
2026-04-20 12:52:00+00:00,324.7941647271623,0,1,0,1,83,0.3158582372897574,5,0.0,0
2026-04-20 13:13:00+00:00,673.316284358631,0,1,0,1,17,1.0,3,0.0,0
2026-04-20 13:39:00+00:00,408.83094482373235,1,2,0,2,76,1.0,5,0.5,1
2026-04-20 13:55:00+00:00,267.08462347071054,0,2,0,1,264,0.2954416118679502,4,0.5,0
2026-04-20 15:23:00+00:00,238.12541180570906,0,1,0,2,154,0.5645507295894554,3,0.0,0
2026-04-20 16:57:00+00:00,496.34151741875576,0,1,0,2,178,0.26417896698321025,4,0.0,0
2026-04-20 18:16:00+00:00,9741.816726220963,0,2,0,2,70,11.503589084240712,2,0.5,0
2026-04-20 18:18:00+00:00,566.969677037001,0,2,0,0,20,1.0,2,0.5,0
2026-04-20 18:19:00+00:00,656.7212567094523,0,1,0,1,50,1.4798022309859948,3,0.0,0
2026-04-20 18:57:00+00:00,2602.836433307877,0,1,0,0,26,3.437791295097467,2,0.0,0
2026-04-20 18:59:00+00:00,1174.6988884044854,1,1,0,0,54,1.9101975784637548,3,0.0,0
2026-04-20 19:17:00+00:00,990.6920692895667,1,1,0,3,31,1.0,3,0.0,0
2026-04-20 19:28:00+00:00,201.57159404342963,0,1,0,3,140,0.1482388131596521,3,0.0,0
2026-04-20 19:45:00+00:00,297.6058823425384,0,1,0,1,74,1.0,5,0.0,0
2026-04-20 20:15:00+00:00,354.09390433224297,0,3,0,1,238,1.0,2,0.6666666666666666,0
2026-04-20 20:17:00+00:00,1591.0107633780053,0,1,0,0,259,4.817825180463647,6,0.0,0
2026-04-20 20:51:00+00:00,500.85956536145363,0,1,0,2,347,1.0,3,0.0,0
2026-04-20 21:03:00+00:00,661.3016255800032,0,1,0,1,186,1.0,2,0.0,0
2026-04-20 21:19:00+00:00,1718.3794078899614,0,4,0,2,159,1.0,4,0.75,0
2026-04-20 21:33:00+00:00,1189.135032834351,0,1,0,1,65,1.0,5,0.0,0
2026-04-20 21:52:00+00:00,609.984804608245,0,2,0,1,302,1.0,4,0.5,0
2026-04-20 21:59:00+00:00,247.75281913315888,0,2,0,0,254,1.0,2,0.5,0
2026-04-20 22:00:00+00:00,1337.1456597142503,0,2,0,1,301,1.850936567587983,2,0.5,0
2026-04-20 22:05:00+00:00,347.9637272662807,0,3,0,0,237,0.2566413412934501,5,0.6666666666666666,0
2026-04-20 22:58:00+00:00,242.66524419305858,0,1,0,1,295,1.0,3,0.0,0
2026-04-21 00:17:00+00:00,686.8331714249842,0,1,0,0,281,1.0,3,0.0,0
2026-04-21 00:48:00+00:00,322.41581498538613,1,3,0,1,79,0.43424336303794875,4,0.6666666666666666,0
2026-04-21 01:17:00+00:00,493.0049716254513,0,3,0,1,327,1.1682337598914059,3,0.6666666666666666,0
2026-04-21 01:25:00+00:00,237.4911091251002,0,1,0,0,328,1.0,3,0.0,0
2026-04-21 01:32:00+00:00,378.420336560655,1,1,0,3,155,1.0,1,0.0,0
2026-04-21 01:58:00+00:00,582.422713790188,1,1,0,0,141,1.0,3,0.0,0
2026-04-21 02:51:00+00:00,2894.9520177622685,1,1,0,0,191,1.0,9,0.0,0
2026-04-21 03:08:00+00:00,403.8814222696297,0,1,0,0,263,0.6909933040664394,4,0.0,0
2026-04-21 03:18:00+00:00,593.6852673466375,0,1,0,1,129,1.0,3,0.0,0
2026-04-21 03:18:00+00:00,650.5873791963471,1,1,0,0,302,0.9874554670466621,5,0.0,1
2026-04-21 03:55:00+00:00,336.1869647707868,0,1,1,2,319,0.49946730560194014,4,0.0,0
2026-04-21 04:26:00+00:00,115.02669441616233,1,2,0,0,213,0.23974194113666028,4,0.5,1
2026-04-21 04:58:00+00:00,1435.5117940367422,0,1,0,0,326,1.4673651410199529,5,0.0,0
2026-04-21 05:31:00+00:00,373.714702811779,0,1,0,3,190,0.4703856140186862,5,0.0,0
2026-04-21 06:01:00+00:00,198.2172505576496,0,1,0,2,211,0.18613001907183846,3,0.0,0
2026-04-21 06:03:00+00:00,126.02439832840727,0,1,0,0,110,0.10228107317774365,4,0.0,0
2026-04-21 06:08:00+00:00,4515.465769607242,0,1,0,0,318,6.179830886253623,5,0.0,0
2026-04-21 06:25:00+00:00,781.6334674901832,0,1,0,1,41,1.0,4,0.0,0
2026-04-21 06:58:00+00:00,279.17998337072606,0,1,0,1,251,0.6191067775194494,4,0.0,0
2026-04-21 07:03:00+00:00,1181.1184820254705,1,1,0,0,215,1.0,3,0.0,0
2026-04-21 08:21:00+00:00,789.3303023537622,0,1,0,1,67,1.0,2,0.0,0
2026-04-21 09:17:00+00:00,323.92189590254446,0,1,0,0,210,0.17954957910459746,3,0.0,0
2026-04-21 09:48:00+00:00,365.35111150660055,0,1,0,1,184,1.025978496319739,5,0.0,0
2026-04-21 09:58:00+00:00,732.8850672497929,0,1,0,1,12,1.0,4,0.0,0
2026-04-21 10:11:00+00:00,174.46720932162137,0,1,0,1,48,1.0,1,0.0,0
2026-04-21 10:33:00+00:00,554.3524106798905,0,1,0,2,31,1.0,1,0.0,0
2026-04-21 10:34:00+00:00,139.28753235440118,0,1,0,1,136,0.2730578049519342,7,0.0,0
2026-04-21 11:34:00+00:00,6579.838009570984,0,1,0,0,65,1.0,5,0.0,0
2026-04-21 11:56:00+00:00,719.488208844757,0,1,1,4,231,1.0,2,0.0,1
2026-04-21 12:12:00+00:00,716.5669439713544,0,1,0,0,16,1.0,5,0.0,0
2026-04-21 12:36:00+00:00,475.3126615481199,1,1,0,0,241,1.0,3,0.0,0
2026-04-21 12:43:00+00:00,291.1157227314455,0,1,0,1,219,0.4366952017645272,1,0.0,0
2026-04-21 13:24:00+00:00,227.85655725156414,0,4,2,5,297,0.3346294349845763,4,0.75,1
2026-04-21 13:30:00+00:00,2517.7252960707033,0,1,0,1,93,1.0,1,0.0,0
2026-04-21 13:56:00+00:00,550.8182512335627,0,1,0,0,235,0.8094901212759699,4,0.0,0
2026-04-21 14:14:00+00:00,178.07572262660676,1,1,0,3,344,0.12156488001343704,5,0.0,0
2026-04-21 14:37:00+00:00,1144.4787610774172,0,1,0,0,20,1.4687346570357285,5,0.0,0
2026-04-21 14:52:00+00:00,504.4952153455015,1,1,0,3,102,1.006361817568996,2,0.0,0
2026-04-21 15:59:00+00:00,141.01984911807273,0,2,0,1,214,1.0,3,0.5,0
2026-04-21 16:19:00+00:00,507.94067275065936,1,3,0,3,104,1.0,5,0.6666666666666666,0
2026-04-21 16:20:00+00:00,2691.076923000387,1,1,0,1,209,2.6474860005491188,5,0.0,0
2026-04-21 16:53:00+00:00,95.84730181878365,1,1,0,0,317,0.14781465131705224,3,0.0,0
2026-04-21 17:03:00+00:00,18.453225545566994,1,1,0,2,249,1.0,5,0.0,0
2026-04-21 17:17:00+00:00,499.5426905109175,0,1,0,2,233,0.31187575575287657,3,0.0,0
2026-04-21 17:45:00+00:00,96.8121320615129,0,3,0,3,94,1.0,4,0.6666666666666666,1
2026-04-21 17:52:00+00:00,82.41891656519132,0,1,0,2,126,0.18921920890797794,5,0.0,0
2026-04-21 17:56:00+00:00,1297.868653821947,0,1,0,1,41,0.8700748485215585,5,0.0,0
2026-04-21 18:04:00+00:00,261.76929966500904,0,1,0,1,126,0.49682609426387137,3,0.0,0
2026-04-21 20:01:00+00:00,80.02494347395628,0,1,0,1,311,0.09521852595518611,3,0.0,0
2026-04-21 21:22:00+00:00,212.98195184615037,0,1,0,2,244,1.0,2,0.0,0
2026-04-21 22:21:00+00:00,1692.1982646150457,0,1,0,0,226,2.7463715449866037,3,0.0,0
2026-04-21 22:42:00+00:00,84.27588371313658,0,1,0,3,12,1.0,6,0.0,0
2026-04-21 23:08:00+00:00,142.293114154861,0,4,0,0,135,0.10409238698743038,5,0.75,0
2026-04-21 23:35:00+00:00,481.1168721462528,0,1,0,1,73,1.0,2,0.0,0
2026-04-21 23:38:00+00:00,1067.9146340395214,1,1,0,1,309,1.0,3,0.0,0
2026-04-21 23:46:00+00:00,3454.109749532684,0,1,0,2,143,5.467231478462193,3,0.0,0
2026-04-22 00:42:00+00:00,481.18378578751157,0,1,0,1,256,0.35561187679545275,3,0.0,0
2026-04-22 00:52:00+00:00,777.7327548476947,1,1,0,1,84,1.0,1,0.0,0
2026-04-22 01:03:00+00:00,172.57494554801778,0,1,0,1,92,0.12707715198173747,1,0.0,0
2026-04-22 01:12:00+00:00,255.21932100212172,1,4,0,1,26,0.5167266893141038,5,0.75,1
2026-04-22 01:50:00+00:00,323.9319812401632,1,2,0,1,264,0.2338879906713735,5,0.5,0
2026-04-22 02:18:00+00:00,2749.580509599281,0,1,0,2,362,2.3293655414044117,3,0.0,0
2026-04-22 02:54:00+00:00,1797.4481791359635,0,1,0,0,265,2.0786830843387003,1,0.0,0
2026-04-22 03:00:00+00:00,793.898528247098,0,2,0,2,168,1.0,3,0.5,0
2026-04-22 04:01:00+00:00,959.4329685566919,1,1,0,0,165,0.7637375808488803,1,0.0,0
2026-04-22 04:25:00+00:00,1115.5451927205067,0,1,0,0,266,1.0,2,0.0,0
2026-04-22 05:45:00+00:00,192.99884272538551,0,1,0,4,360,0.18420694741749688,3,0.0,0
2026-04-22 05:56:00+00:00,180.7991174727633,0,1,0,0,243,0.13842109463726462,3,0.0,0
2026-04-22 06:06:00+00:00,715.3319202484273,1,1,0,1,21,1.0,5,0.0,0
2026-04-22 06:12:00+00:00,911.0409402137568,0,1,0,1,224,2.181412814285101,3,0.0,0
2026-04-22 06:59:00+00:00,819.9709405582767,0,1,0,2,343,0.9137849081119536,3,0.0,0
2026-04-22 08:35:00+00:00,210.17261029598598,1,1,1,3,360,0.19355421039091844,1,0.0,1
2026-04-22 08:39:00+00:00,768.7332050953399,1,1,0,1,104,1.0,2,0.0,0
2026-04-22 08:51:00+00:00,5532.53890616947,1,4,0,0,49,5.88533318297097,3,0.75,1
2026-04-22 08:52:00+00:00,253.3261642791712,0,1,0,1,359,0.15084022456433743,4,0.0,0
2026-04-22 09:01:00+00:00,640.1758680259939,0,1,0,1,14,0.5323561689215972,2,0.0,0
2026-04-22 09:01:00+00:00,59.745635116366316,0,1,0,0,200,0.07755013188322266,2,0.0,0
2026-04-22 09:09:00+00:00,131.2388919993984,1,1,0,0,300,0.10014989090084592,4,0.0,0
2026-04-22 09:19:00+00:00,462.4429885200482,1,1,0,0,180,1.0,5,0.0,0
2026-04-22 09:20:00+00:00,546.9280625048499,1,1,0,4,151,1.0,3,0.0,1
2026-04-22 10:05:00+00:00,414.4582018981603,0,1,0,1,26,0.3724007099900767,2,0.0,1
2026-04-22 10:37:00+00:00,5112.088004010021,1,1,0,2,176,1.0,4,0.0,1
2026-04-22 10:42:00+00:00,277.6127099137299,0,4,0,1,155,1.0,5,0.75,1
2026-04-22 11:27:00+00:00,512.9724753316457,0,3,0,0,99,0.8216909080929518,5,0.6666666666666666,0
2026-04-22 11:58:00+00:00,1080.0097265920554,1,1,0,0,358,1.0,2,0.0,0
2026-04-22 12:16:00+00:00,742.7468915306588,1,1,0,2,122,0.9122488029808506,3,0.0,0
2026-04-22 15:21:00+00:00,629.6902840564658,0,4,0,2,28,0.7994204967618657,2,0.75,0
2026-04-22 15:35:00+00:00,270.65145387278835,0,2,0,1,356,0.27755903335529386,3,0.5,0
2026-04-22 16:11:00+00:00,539.7108275987246,1,2,0,0,326,1.0,1,0.5,0
2026-04-22 16:29:00+00:00,389.590423765266,0,1,0,1,251,0.916641412005445,7,0.0,0
2026-04-22 17:06:00+00:00,18.935906735596923,0,1,0,3,190,1.0,1,0.0,0
2026-04-22 17:18:00+00:00,191.58376277401288,0,1,0,1,55,0.2614277378179141,6,0.0,0
2026-04-22 18:08:00+00:00,1804.2071231984676,0,2,0,0,211,0.8886441162765608,3,0.5,0
2026-04-22 18:54:00+00:00,540.1817354196462,1,1,0,0,305,0.3875711476586066,4,0.0,0
2026-04-22 20:00:00+00:00,430.91079381245413,1,4,0,1,333,1.0,3,0.75,0
2026-04-22 20:10:00+00:00,514.2672698764601,1,1,0,1,215,1.0,4,0.0,0
2026-04-22 20:41:00+00:00,693.596746494441,0,1,0,0,57,1.0,2,0.0,0
2026-04-22 20:41:00+00:00,987.1112997180222,0,1,0,0,115,0.7053584069495534,4,0.0,0
2026-04-22 20:47:00+00:00,90.2992211330829,0,1,0,3,258,0.10569342176468226,6,0.0,0
2026-04-22 21:00:00+00:00,416.68843909005886,1,1,0,3,197,0.2078068786245685,6,0.0,0
2026-04-22 21:21:00+00:00,158.91876430031436,0,1,0,0,270,0.15699996179298492,2,0.0,0
2026-04-22 21:49:00+00:00,274.3547320303778,1,1,0,0,240,1.0,3,0.0,0
2026-04-22 21:52:00+00:00,564.290803363653,0,1,0,2,129,0.7315288125711332,3,0.0,0
2026-04-22 22:11:00+00:00,195.27629353932437,0,2,0,0,2,1.0,6,0.5,0
2026-04-22 22:45:00+00:00,270.08061225748224,0,1,0,3,188,0.49166313079417207,3,0.0,0
2026-04-22 22:55:00+00:00,971.8287511479716,1,1,0,2,93,1.0,6,0.0,0
2026-04-23 00:17:00+00:00,1072.9151320036049,0,1,0,3,9,1.0,5,0.0,1
2026-04-23 00:43:00+00:00,2491.1132790195034,0,2,0,0,136,1.0,3,0.5,0
2026-04-23 00:46:00+00:00,833.5397183756266,1,1,0,0,188,1.038956361300652,2,0.0,0
2026-04-23 02:45:00+00:00,2784.9295188232854,0,1,0,2,236,1.0,4,0.0,0
2026-04-23 03:15:00+00:00,800.3591684732318,0,1,0,1,200,2.288560030822483,5,0.0,0
2026-04-23 04:44:00+00:00,122.32479243291047,1,1,0,2,338,1.0,1,0.0,0
2026-04-23 04:57:00+00:00,738.5622945299685,0,2,0,1,145,1.7626815632346016,2,0.5,0
2026-04-23 05:53:00+00:00,133.15068516751043,0,1,0,1,29,0.12100540769412015,2,0.0,0
2026-04-23 05:57:00+00:00,795.8962696281081,1,2,0,3,132,1.0,4,0.5,0
2026-04-23 06:05:00+00:00,321.0883602209605,1,1,0,0,337,0.8247300329953459,3,0.0,0
2026-04-23 06:39:00+00:00,1689.5340529455107,0,1,0,0,88,1.0,5,0.0,0
2026-04-23 08:11:00+00:00,249.36809573629117,0,1,0,0,17,0.35330972025209234,2,0.0,0
2026-04-23 08:19:00+00:00,1574.9302269451393,0,1,0,0,142,1.0,6,0.0,0
2026-04-23 08:32:00+00:00,366.2868211196063,0,1,0,0,61,1.0,2,0.0,0
2026-04-23 08:45:00+00:00,673.2729586905765,1,1,0,2,202,0.6108603309602845,7,0.0,0
2026-04-23 09:18:00+00:00,68.51503659831197,0,1,0,1,362,0.05474641297843011,3,0.0,1
2026-04-23 09:28:00+00:00,769.2123370539513,0,1,0,0,354,1.0,4,0.0,0
2026-04-23 09:35:00+00:00,222.74510599098846,1,1,0,4,97,1.0,4,0.0,0
2026-04-23 10:49:00+00:00,175.71115651478146,0,4,0,1,158,0.3003819450166333,1,0.75,0
2026-04-23 10:58:00+00:00,463.73956457025605,1,1,0,4,279,0.24221939176452326,3,0.0,0
2026-04-23 11:00:00+00:00,97.28206115671395,0,1,0,0,207,0.15458778811339396,1,0.0,0
2026-04-23 11:01:00+00:00,261.91875819821433,0,1,0,0,252,0.4419497419341473,4,0.0,0
2026-04-23 11:40:00+00:00,417.56883155517136,1,1,0,1,167,1.0,1,0.0,0
2026-04-23 12:02:00+00:00,674.1182720088696,0,1,0,0,235,0.31764639441545733,4,0.0,1
2026-04-23 12:02:00+00:00,499.76035183859693,0,4,0,2,273,0.3164410567652464,4,0.75,0
2026-04-23 12:07:00+00:00,1624.8562496086834,1,1,0,3,192,2.3052446421698787,2,0.0,0
2026-04-23 12:08:00+00:00,316.5902995011894,0,1,0,0,283,1.0,2,0.0,0
2026-04-23 12:23:00+00:00,729.5120493620466,1,1,0,0,347,1.1251933343659792,4,0.0,0
2026-04-23 12:49:00+00:00,860.9284416164097,1,1,0,0,259,1.0,3,0.0,0
2026-04-23 17:57:00+00:00,620.3429860771969,0,1,0,1,150,1.0,3,0.0,0
2026-04-23 18:36:00+00:00,293.646686390154,0,1,0,2,82,1.0,4,0.0,0
2026-04-23 18:43:00+00:00,656.7317865907412,0,1,0,2,256,1.0,2,0.0,0
2026-04-23 19:01:00+00:00,726.9735902415866,1,1,2,6,295,1.5699713775875088,2,0.0,1
2026-04-23 19:14:00+00:00,181.5102974455338,1,1,0,0,227,0.2762721165446393,4,0.0,0
2026-04-23 19:28:00+00:00,636.9734218320399,1,1,0,0,192,0.6130999629611152,4,0.0,0
2026-04-23 19:55:00+00:00,2580.9368549128985,0,1,0,0,211,1.0,2,0.0,0
2026-04-23 20:11:00+00:00,819.331693871424,1,3,0,3,60,1.0,3,0.6666666666666666,0
2026-04-23 21:12:00+00:00,298.478974014218,0,1,0,0,5,1.0,6,0.0,0
2026-04-23 22:24:00+00:00,1225.0992277175424,1,4,0,0,134,1.2231503493203502,6,0.75,0
2026-04-23 22:27:00+00:00,335.24405864834773,0,1,2,4,26,0.17026444689570383,1,0.0,1
2026-04-23 23:28:00+00:00,528.4790440274388,0,1,0,0,228,0.5744809360206506,6,0.0,0
2026-04-23 23:36:00+00:00,1151.0596747976256,1,1,0,3,222,1.39873452319225,4,0.0,0
2026-04-24 00:08:00+00:00,3975.553500576773,0,1,0,3,283,2.983939651316373,3,0.0,0
2026-04-24 00:10:00+00:00,258.6310609985421,0,1,0,2,317,0.2050800813761851,5,0.0,0
2026-04-24 00:57:00+00:00,1102.3738099053498,1,1,1,0,38,1.0,3,0.0,1
2026-04-24 01:01:00+00:00,325.88707172596435,0,1,0,0,58,0.5706346046463623,5,0.0,0
2026-04-24 01:13:00+00:00,1522.1835910441791,0,3,0,0,158,2.8955945745620415,4,0.6666666666666666,0
2026-04-24 03:32:00+00:00,77.15387694888123,1,1,0,0,193,0.04634163497641433,5,0.0,0
2026-04-24 03:47:00+00:00,775.1418906866797,1,2,0,2,341,1.7803859432134725,1,0.5,0
2026-04-24 04:02:00+00:00,1054.4873557481887,0,1,1,3,192,1.0,3,0.0,0
2026-04-24 04:22:00+00:00,575.9771610804879,1,3,0,0,144,0.6699080125637649,4,0.6666666666666666,1
2026-04-24 04:33:00+00:00,150.36309727054322,0,2,0,1,352,1.0,4,0.5,0
2026-04-24 04:33:00+00:00,5049.162788858723,0,1,0,1,345,3.502109070046829,2,0.0,0
2026-04-24 04:44:00+00:00,517.0268897291191,1,1,0,1,101,0.3439761061679467,4,0.0,0
2026-04-24 05:10:00+00:00,139.69897744177484,1,1,0,1,100,1.0,1,0.0,0
2026-04-24 05:18:00+00:00,743.4263116848837,0,2,0,2,331,1.0,5,0.5,0
2026-04-24 05:21:00+00:00,287.0035837699065,0,1,0,0,315,1.0,6,0.0,0
2026-04-24 05:32:00+00:00,705.1794924616876,0,2,0,2,331,1.797312436197,3,0.5,0
2026-04-24 06:41:00+00:00,347.2693408985762,0,3,0,1,74,0.4133083184128747,7,0.6666666666666666,0
2026-04-24 07:47:00+00:00,178.47094934004144,0,1,0,1,11,0.12745466430525867,3,0.0,1
2026-04-24 08:02:00+00:00,953.775993813568,0,1,0,1,278,1.0,4,0.0,0
2026-04-24 08:44:00+00:00,546.1729855100874,1,1,1,2,152,0.8617690920147808,5,0.0,1
2026-04-24 09:08:00+00:00,626.4184601323415,1,1,0,1,233,0.395790440181361,2,0.0,0
2026-04-24 09:13:00+00:00,1716.2191016262313,0,1,0,0,281,1.6772033759739537,2,0.0,0
2026-04-24 09:57:00+00:00,216.13089903848498,1,1,0,0,334,1.0,3,0.0,0
2026-04-24 10:27:00+00:00,785.2715825545804,0,1,0,0,75,1.8385664817101384,5,0.0,0
2026-04-24 10:57:00+00:00,113.99325438982224,0,1,0,1,317,0.19190995400373315,2,0.0,0
2026-04-24 11:04:00+00:00,1289.1452972894404,0,1,0,0,316,1.0,4,0.0,0
2026-04-24 11:19:00+00:00,740.2051860362203,0,1,0,1,178,1.0,3,0.0,0
2026-04-24 11:22:00+00:00,143.2806594614952,0,1,0,0,251,0.286837678261411,2,0.0,0
2026-04-24 13:02:00+00:00,277.0130520573712,1,1,0,0,320,1.0,4,0.0,0
2026-04-24 13:22:00+00:00,742.1338307060831,0,1,0,1,355,1.4792245405855284,4,0.0,0
2026-04-24 13:35:00+00:00,833.8193656241675,1,1,0,0,298,1.0,4,0.0,0
2026-04-24 13:43:00+00:00,624.3997730846312,1,1,0,0,176,1.0,5,0.0,0
2026-04-24 15:19:00+00:00,406.82726567449805,1,2,0,0,188,0.4803244734885135,3,0.5,0
2026-04-24 16:27:00+00:00,446.6078315826254,0,1,0,0,78,1.0,3,0.0,0
2026-04-24 18:17:00+00:00,929.4380016978893,0,1,0,1,127,1.0,5,0.0,0
2026-04-24 18:34:00+00:00,389.1887830641957,1,1,0,0,12,0.7760611156830451,4,0.0,0
2026-04-24 18:56:00+00:00,5095.768244888672,0,1,0,0,5,9.779660588625266,6,0.0,0
2026-04-24 19:04:00+00:00,91.31897303869016,0,1,0,1,269,0.09648595738369878,4,0.0,0
2026-04-24 20:24:00+00:00,1814.7184023781758,0,1,0,0,166,1.0,6,0.0,0
2026-04-24 20:25:00+00:00,91.97768496885944,1,2,0,1,253,0.11248194108749064,2,0.5,0
2026-04-24 20:27:00+00:00,249.88823591410005,1,1,0,0,205,1.0,3,0.0,0
2026-04-24 21:11:00+00:00,384.0118082484398,0,4,0,1,163,1.0,5,0.75,0
2026-04-24 21:13:00+00:00,1487.676712650309,1,1,0,2,142,3.4769594351883613,2,0.0,0
2026-04-24 21:16:00+00:00,2210.3212557722004,1,1,0,0,351,1.0,8,0.0,0
2026-04-24 22:04:00+00:00,539.1755509913891,0,1,0,5,44,1.5771822856277757,5,0.0,0
2026-04-24 22:12:00+00:00,853.9159559113573,0,1,0,0,348,0.5551377520114801,4,0.0,0
2026-04-24 22:13:00+00:00,1235.0292118694551,1,1,0,0,213,1.064261509543337,6,0.0,0
2026-04-24 22:34:00+00:00,294.80383475880564,0,1,0,2,105,0.43535652430498134,3,0.0,0
2026-04-24 23:34:00+00:00,37.94143314653651,0,1,0,2,201,0.05089402555472931,8,0.0,0
2026-04-24 23:45:00+00:00,671.4763295229736,0,1,0,3,336,1.0,2,0.0,0
2026-04-25 00:51:00+00:00,108.9257192100307,1,1,0,2,355,1.0,4,0.0,0
2026-04-25 01:06:00+00:00,259.6182707647039,1,1,0,1,5,1.0,3,0.0,0
2026-04-25 01:11:00+00:00,2965.637391641758,0,2,0,1,105,2.601952761579749,4,0.5,1
2026-04-25 01:24:00+00:00,567.6832967723542,1,1,0,0,53,0.5559744710450722,7,0.0,0
2026-04-25 02:49:00+00:00,3034.3244507832583,0,1,0,1,226,3.281779597833404,6,0.0,0
2026-04-25 03:02:00+00:00,1170.6543318642714,0,1,0,0,254,1.2386803244390678,1,0.0,0
2026-04-25 04:04:00+00:00,1833.2841399437532,0,1,0,1,243,1.0,2,0.0,0
2026-04-25 04:04:00+00:00,268.2391436984187,1,3,0,1,80,1.0,5,0.6666666666666666,0
2026-04-25 04:37:00+00:00,4053.8577891697305,1,1,0,2,185,5.731191266860824,3,0.0,0
2026-04-25 04:37:00+00:00,6854.936328258095,1,2,0,0,316,1.0,4,0.5,1
2026-04-25 05:26:00+00:00,177.00022091011434,0,1,0,0,183,0.18429930021945615,1,0.0,0
2026-04-25 05:52:00+00:00,1255.6153432701228,1,1,0,1,314,1.3341681980904279,4,0.0,0
2026-04-25 08:45:00+00:00,191.4596215572406,1,1,0,0,117,0.4715157761871482,6,0.0,0
2026-04-25 09:14:00+00:00,433.39479379939354,1,1,0,1,6,1.0,6,0.0,0
2026-04-25 09:26:00+00:00,561.3991057517604,0,1,0,2,258,1.0,2,0.0,0
2026-04-25 10:02:00+00:00,674.7214065110312,1,1,0,0,48,1.6789976448482027,3,0.0,0
2026-04-25 11:07:00+00:00,229.75508250499468,1,1,0,0,20,0.23107774862968714,5,0.0,1
2026-04-25 11:21:00+00:00,61.85277307603141,0,1,0,0,201,0.0717823442639074,4,0.0,0
2026-04-25 12:19:00+00:00,1600.010221563265,0,1,0,2,168,2.7689482802314287,5,0.0,0
2026-04-25 12:29:00+00:00,1252.1427672330565,0,1,0,2,34,1.0,3,0.0,0
2026-04-25 13:17:00+00:00,430.3665462318991,1,1,0,0,20,0.38274863299316336,7,0.0,0
2026-04-25 13:59:00+00:00,603.41903168105,0,2,0,1,306,0.8507820646772347,4,0.5,0
2026-04-25 14:29:00+00:00,154.53836802535864,0,4,0,0,319,0.25223622265149553,4,0.75,0
2026-04-25 14:43:00+00:00,592.3493313635761,0,1,1,3,82,0.8693293980122473,1,0.0,1
2026-04-25 15:28:00+00:00,2206.8354404587253,0,4,0,2,16,2.1435335413538734,5,0.75,0
2026-04-25 16:09:00+00:00,2291.5531651594742,0,1,0,1,265,1.0,2,0.0,0
2026-04-25 16:20:00+00:00,284.84262347104584,0,1,0,1,269,0.42302417420521715,3,0.0,0
2026-04-25 16:39:00+00:00,1933.5213403846012,1,1,0,1,126,1.686753813581184,5,0.0,0
2026-04-25 17:49:00+00:00,204.38332892719885,1,1,0,0,223,0.2190762156355376,6,0.0,0
2026-04-25 18:10:00+00:00,3848.3831464087134,0,1,0,1,241,4.771414409995378,2,0.0,0
2026-04-25 18:28:00+00:00,377.99789920327214,1,1,0,0,204,0.49601240820673886,6,0.0,0
2026-04-25 18:38:00+00:00,210.38061802576237,0,1,0,1,166,0.29274051805526446,4,0.0,0
2026-04-25 18:39:00+00:00,599.348019450659,0,3,0,0,289,1.117954021238555,4,0.6666666666666666,0
2026-04-25 18:49:00+00:00,649.0449619226924,0,1,0,0,60,0.9891218560813707,2,0.0,0
2026-04-25 19:01:00+00:00,448.640710642921,0,2,0,1,118,0.5704362295920329,4,0.5,0
2026-04-25 19:20:00+00:00,170.01646536319646,1,1,0,1,363,0.3867087686161533,5,0.0,0
2026-04-25 19:34:00+00:00,799.4017899063795,0,1,0,1,62,0.7421714410492682,3,0.0,0
2026-04-25 20:44:00+00:00,149.6982712949136,0,1,0,3,202,1.0,6,0.0,0
2026-04-25 21:01:00+00:00,784.8386551869208,0,1,0,0,350,1.0,4,0.0,0
2026-04-25 21:38:00+00:00,545.5442280682745,0,2,0,3,140,1.7203601687147976,2,0.5,0
2026-04-25 21:45:00+00:00,361.1480933301401,1,1,0,1,126,1.0,2,0.0,0
2026-04-25 22:06:00+00:00,508.6091567508737,1,2,0,2,219,1.0,2,0.5,0
2026-04-25 23:35:00+00:00,838.7608337410663,0,1,0,0,154,1.0,3,0.0,0
2026-04-25 23:42:00+00:00,760.6311727768788,0,4,0,0,136,0.5363971588132422,5,0.75,0
2026-04-25 23:56:00+00:00,279.1830715660176,1,1,1,3,54,0.3342962759395697,5,0.0,1
2026-04-26 00:37:00+00:00,95.91959388099102,0,1,0,0,54,0.07736492020184106,5,0.0,0
2026-04-26 00:40:00+00:00,298.17742250761137,0,1,0,3,234,0.26004057587815343,2,0.0,0
2026-04-26 00:56:00+00:00,413.4923575886691,1,2,0,1,354,1.0,4,0.5,0
2026-04-26 01:36:00+00:00,297.7214166039094,1,1,0,3,180,0.3264588585462519,1,0.0,0
2026-04-26 01:47:00+00:00,685.2172352839692,0,2,0,3,281,0.4581443102269699,6,0.5,0
2026-04-26 02:26:00+00:00,864.7313057314346,1,1,0,0,92,1.0767587274918258,3,0.0,0
2026-04-26 02:30:00+00:00,393.23946065936707,0,2,0,0,146,1.0,3,0.5,0
2026-04-26 02:47:00+00:00,746.7737123210152,1,1,0,2,345,1.6928627039077984,3,0.0,0
2026-04-26 03:23:00+00:00,477.1137390370955,0,1,0,0,258,1.0,2,0.0,0
2026-04-26 03:57:00+00:00,120.67350324166442,0,2,0,0,335,0.13825192074985304,3,0.5,0
2026-04-26 03:58:00+00:00,42.233474089670494,0,1,0,1,180,1.0,4,0.0,0
2026-04-26 04:33:00+00:00,538.9504876824038,0,1,0,0,15,0.9789738396783095,4,0.0,0
2026-04-26 05:12:00+00:00,1472.1488961076639,0,1,0,1,180,1.0,8,0.0,0
2026-04-26 05:37:00+00:00,345.2490912812875,0,1,0,0,2,0.5416104561397447,4,0.0,0
2026-04-26 08:49:00+00:00,505.3469501635261,1,1,1,1,108,1.0,3,0.0,1
2026-04-26 08:49:00+00:00,1804.1169937037653,1,1,0,0,201,1.0,5,0.0,0
2026-04-26 10:05:00+00:00,1134.530327437943,0,1,0,0,359,1.8362626571021525,4,0.0,0
2026-04-26 10:16:00+00:00,1013.596051952394,0,1,0,1,298,0.8608530369977021,3,0.0,0
2026-04-26 10:39:00+00:00,233.52433746957817,1,1,0,1,306,0.2828450397885378,3,0.0,1
2026-04-26 10:58:00+00:00,1099.2896450626185,1,3,0,0,349,1.0,3,0.6666666666666666,1
2026-04-26 11:17:00+00:00,1099.145285521121,0,1,0,3,229,1.0,3,0.0,0
2026-04-26 11:20:00+00:00,1381.5894989432695,1,1,0,3,33,1.0,2,0.0,0
2026-04-26 11:45:00+00:00,487.240547035226,0,1,0,2,120,0.7841087463784246,1,0.0,0
2026-04-26 11:59:00+00:00,1676.5496684183029,0,3,0,1,76,2.717523103345074,6,0.6666666666666666,0
2026-04-26 12:33:00+00:00,935.6781516530195,0,1,0,0,63,0.6079752494490602,5,0.0,0
2026-04-26 12:50:00+00:00,267.78309155021697,0,3,1,4,83,1.0,1,0.6666666666666666,1
2026-04-26 13:13:00+00:00,708.4925136853178,0,1,0,3,16,1.0570462547975688,5,0.0,0
2026-04-26 13:25:00+00:00,852.9169851785723,1,4,0,1,68,1.0,4,0.75,0
2026-04-26 13:35:00+00:00,1894.8930064986012,0,1,0,0,108,2.8560112719798605,4,0.0,0
2026-04-26 14:25:00+00:00,546.2264910901056,1,2,1,0,43,0.755443189916033,4,0.5,1
2026-04-26 14:32:00+00:00,528.9666927557009,1,1,0,1,308,0.702209859397786,3,0.0,0
2026-04-26 14:50:00+00:00,1611.371088634533,1,3,0,1,80,2.384259681274162,3,0.6666666666666666,0
2026-04-26 15:08:00+00:00,1044.7491521659454,0,1,0,1,357,1.0,2,0.0,0
2026-04-26 15:36:00+00:00,1423.1662664553926,0,1,0,1,185,1.576045319488231,2,0.0,0
2026-04-26 16:02:00+00:00,1167.3297211651138,0,1,1,2,189,1.4408441439676805,3,0.0,0
2026-04-26 16:37:00+00:00,61.76076487698778,1,2,0,0,161,0.09666433767921051,3,0.5,0
2026-04-26 16:59:00+00:00,6282.682581294638,0,1,0,1,292,16.322040466922672,5,0.0,0
2026-04-26 17:47:00+00:00,555.717092964966,0,1,0,2,37,1.0,7,0.0,0
2026-04-26 18:05:00+00:00,413.5210318964468,1,1,0,3,350,1.0,7,0.0,0
2026-04-26 18:23:00+00:00,2275.902051579,0,4,0,0,198,1.0,3,0.75,0
2026-04-26 19:42:00+00:00,2615.901227193057,0,1,0,0,281,4.110820885350202,6,0.0,0
2026-04-26 20:07:00+00:00,221.22035141282817,0,1,0,0,20,0.30389603111913543,3,0.0,0
2026-04-26 21:02:00+00:00,851.841682719511,0,3,0,0,2,2.0445380597479446,4,0.6666666666666666,0
2026-04-26 21:06:00+00:00,312.2127651770659,0,1,0,0,155,0.2584232461770559,4,0.0,0
2026-04-26 21:32:00+00:00,701.034075423741,0,1,0,0,92,0.9903411612046071,5,0.0,0
2026-04-26 22:03:00+00:00,211.9478312697335,1,1,0,1,106,0.27975716387265637,3,0.0,0
2026-04-26 22:06:00+00:00,563.6497286773197,0,2,0,2,363,0.7228821510325562,5,0.5,0
2026-04-26 22:43:00+00:00,468.1613905644075,0,1,0,0,64,0.6644430696689417,4,0.0,0
2026-04-26 22:44:00+00:00,2248.489465848767,0,4,2,1,106,1.698305837214157,4,0.75,1
2026-04-26 22:49:00+00:00,1808.3467758549673,0,1,0,2,140,1.4896978325799095,5,0.0,0
2026-04-26 23:01:00+00:00,101.53633316855773,1,2,0,1,122,0.26557840735244637,3,0.5,0
2026-04-26 23:11:00+00:00,109.58764676228698,0,1,0,0,83,1.0,7,0.0,0
2026-04-26 23:42:00+00:00,790.5122451342044,0,2,0,3,19,0.2858156393508899,1,0.5,0
2026-04-26 23:51:00+00:00,1584.5516111074596,0,1,0,2,186,1.562870422680053,3,0.0,1
2026-04-27 00:31:00+00:00,367.69516563544136,0,1,0,0,254,0.199538490887344,4,0.0,0
2026-04-27 00:53:00+00:00,1486.0759944198007,0,1,0,1,53,1.0,2,0.0,0
2026-04-27 02:47:00+00:00,390.27944879770195,0,4,0,0,234,0.40643231774649413,2,0.75,0
2026-04-27 02:57:00+00:00,1947.1273615131224,0,1,0,0,144,3.8434456046854497,4,0.0,0
2026-04-27 03:09:00+00:00,898.3988560117966,1,1,0,2,313,1.4776083706082004,5,0.0,0
2026-04-27 03:11:00+00:00,296.59691794449776,1,1,0,0,341,0.2892891037089932,5,0.0,0
2026-04-27 04:00:00+00:00,84.73511641392741,0,1,0,1,78,1.0,3,0.0,0
2026-04-27 04:12:00+00:00,3940.1969328340506,0,2,0,4,69,1.0,3,0.5,1
2026-04-27 06:03:00+00:00,219.43626290573246,0,1,0,1,331,0.16843942100664197,2,0.0,0
2026-04-27 06:42:00+00:00,401.9699214732626,0,1,0,5,279,0.5384972612883852,5,0.0,0
2026-04-27 06:50:00+00:00,148.65491350833045,0,1,0,0,71,0.1425205992665531,3,0.0,0
2026-04-27 07:02:00+00:00,377.89039588953466,1,1,0,0,35,0.7246567757325798,1,0.0,0
2026-04-27 07:09:00+00:00,190.27217584630333,0,3,1,4,337,0.6307574611413782,4,0.6666666666666666,1
2026-04-27 07:17:00+00:00,140.1648907333051,0,4,0,1,43,1.0,3,0.75,0
2026-04-27 07:56:00+00:00,277.3378059589509,0,1,0,0,336,0.4994316693747874,4,0.0,0
2026-04-27 08:07:00+00:00,150.20849884639657,1,2,0,0,295,1.0,3,0.5,0
2026-04-27 08:38:00+00:00,1222.1618537358697,0,3,1,4,24,0.8927874877611934,5,0.6666666666666666,1
2026-04-27 08:47:00+00:00,506.9356750554079,0,1,0,1,316,0.35572097584225376,3,0.0,0
2026-04-27 09:30:00+00:00,491.5507833187811,1,1,0,1,50,0.7136173325024358,5,0.0,0
2026-04-27 10:07:00+00:00,1150.1468143056136,0,4,0,0,246,2.288167388695281,2,0.75,0
2026-04-27 10:30:00+00:00,431.2408980378635,0,1,0,4,310,0.3540963599768292,3,0.0,1
2026-04-27 10:39:00+00:00,494.00618980415504,0,1,0,1,78,0.2733854707411795,2,0.0,0
2026-04-27 11:20:00+00:00,228.56195964964638,0,1,0,3,197,0.20048450209407476,3,0.0,0
2026-04-27 11:31:00+00:00,2701.5981339536934,0,1,0,1,30,4.510851075101074,3,0.0,1
2026-04-27 12:47:00+00:00,340.0477749340615,0,1,0,1,230,1.0,1,0.0,0
2026-04-27 12:47:00+00:00,724.1013733953572,1,1,0,2,106,1.0,3,0.0,0
2026-04-27 12:49:00+00:00,258.12532971142997,0,1,0,0,269,1.0,3,0.0,0
2026-04-27 13:03:00+00:00,492.821719502581,0,1,0,1,144,1.0,4,0.0,0
2026-04-27 13:29:00+00:00,449.41148907655213,0,1,0,1,324,0.3211255388067262,2,0.0,0
2026-04-27 13:40:00+00:00,1646.6183934494243,1,1,0,4,306,3.740990906163914,4,0.0,0
2026-04-27 14:16:00+00:00,373.9573800236308,1,1,0,1,200,0.5607555492514885,4,0.0,0
2026-04-27 14:52:00+00:00,560.3498721953149,0,1,0,0,17,0.8805447904134738,2,0.0,0
2026-04-27 15:33:00+00:00,122.19196842214026,0,1,0,3,240,0.07065027166503696,6,0.0,0
2026-04-27 15:44:00+00:00,1435.7648166303227,0,1,0,1,227,2.3751197515693314,4,0.0,0
2026-04-27 15:55:00+00:00,193.5569367568371,1,1,0,1,287,1.0,6,0.0,0
2026-04-27 16:01:00+00:00,265.39590007262814,0,1,0,0,210,1.0,6,0.0,0
2026-04-27 16:17:00+00:00,321.3294464230517,0,1,0,1,316,0.39355038904293926,4,0.0,0
2026-04-27 17:05:00+00:00,295.41857836409076,0,2,0,2,295,0.347755948872899,1,0.5,0
2026-04-27 17:30:00+00:00,653.34703653625,0,1,0,4,76,0.8703601426601497,3,0.0,0
2026-04-27 17:52:00+00:00,42.94856824885781,0,3,0,1,166,1.0,4,0.6666666666666666,0
2026-04-27 18:32:00+00:00,180.286923522946,1,1,0,3,122,1.0,1,0.0,0
2026-04-27 18:51:00+00:00,2178.7294338848374,0,3,0,1,137,1.0,5,0.6666666666666666,0
2026-04-27 19:17:00+00:00,330.6369508676912,1,3,0,1,357,0.3054381241186882,2,0.6666666666666666,0
2026-04-27 19:26:00+00:00,92.55014062440858,0,1,0,0,239,0.08086292169735732,6,0.0,0
2026-04-27 19:37:00+00:00,79.6230416878884,0,1,0,0,225,1.0,8,0.0,0
2026-04-27 19:49:00+00:00,1260.8511403853445,1,1,0,2,31,1.0,4,0.0,0
2026-04-27 20:30:00+00:00,944.3862863531609,1,1,0,2,163,0.6677489034185005,5,0.0,0
2026-04-27 22:09:00+00:00,209.07806070989793,0,1,0,0,97,1.0,6,0.0,0
2026-04-27 22:23:00+00:00,583.6612449399054,1,1,0,1,358,0.9028137533825212,4,0.0,0
2026-04-27 22:50:00+00:00,212.77614306241617,0,1,0,2,361,0.319163891240462,3,0.0,0
2026-04-28 00:04:00+00:00,107.87611463655806,0,3,0,1,319,1.0,3,0.6666666666666666,0
2026-04-28 00:22:00+00:00,615.5017222392723,0,1,0,0,194,1.0,2,0.0,0
2026-04-28 00:29:00+00:00,1195.9472959975033,0,2,0,4,99,1.0,5,0.5,0
2026-04-28 01:13:00+00:00,293.9006162723366,0,1,0,2,302,1.0,4,0.0,0
2026-04-28 02:00:00+00:00,220.09403850794985,0,1,0,1,12,0.2530649694467116,4,0.0,0
2026-04-28 02:06:00+00:00,256.45764079843207,1,1,0,1,312,0.6491661250269198,6,0.0,0
2026-04-28 02:16:00+00:00,468.2537348206803,1,1,0,0,278,1.0,5,0.0,0
2026-04-28 02:36:00+00:00,462.47908143330983,0,1,0,0,100,1.0,3,0.0,0
2026-04-28 03:18:00+00:00,1884.315624899269,1,3,0,0,256,1.0,3,0.6666666666666666,1
2026-04-28 04:13:00+00:00,1390.6434507170834,0,1,0,1,260,1.0,2,0.0,0
2026-04-28 04:15:00+00:00,659.8990282964643,0,1,0,2,74,0.7854978622967191,5,0.0,0
2026-04-28 04:31:00+00:00,366.7621065856234,0,1,1,2,124,0.5673014739318026,3,0.0,0
2026-04-28 04:36:00+00:00,344.0690697457427,1,3,0,2,149,1.0,3,0.6666666666666666,0
2026-04-28 04:37:00+00:00,258.10510528442074,1,1,0,0,114,0.39978694673590026,3,0.0,0
2026-04-28 05:05:00+00:00,4246.496296831957,0,1,0,1,245,1.0,4,0.0,0
2026-04-28 07:13:00+00:00,924.3769840561719,1,1,0,3,213,1.1454911640891547,2,0.0,0
2026-04-28 07:18:00+00:00,327.9787109327538,1,1,0,4,210,1.0,4,0.0,0
2026-04-28 07:33:00+00:00,102.61187857762137,0,1,0,1,308,0.08455566939632345,5,0.0,1
2026-04-28 08:04:00+00:00,314.63645893391106,0,1,0,0,107,1.0,3,0.0,0
2026-04-28 08:16:00+00:00,350.75028374604256,1,1,0,1,103,0.28615686155767955,4,0.0,0
2026-04-28 09:04:00+00:00,1275.7583227967775,0,2,0,0,188,1.0,2,0.5,0
2026-04-28 11:29:00+00:00,120.06854459875399,0,1,0,1,311,1.0,3,0.0,0
2026-04-28 11:36:00+00:00,1066.3212315549574,1,1,0,0,11,2.1798323788082414,5,0.0,0
2026-04-28 11:40:00+00:00,991.6468084144487,0,1,0,1,335,1.358086658535629,4,0.0,0
2026-04-28 12:51:00+00:00,69.55396247170538,0,1,0,2,257,1.0,3,0.0,0
2026-04-28 13:42:00+00:00,107.80787928974749,1,2,0,1,344,1.0,7,0.5,0
2026-04-28 14:10:00+00:00,670.1779506876148,0,1,0,1,363,1.0,3,0.0,0
2026-04-28 14:11:00+00:00,184.51448986831807,1,1,0,0,4,1.0,8,0.0,0
2026-04-28 14:37:00+00:00,232.43102710955475,1,3,0,1,252,0.1293395387935642,3,0.6666666666666666,0
2026-04-28 15:59:00+00:00,745.758945173319,0,1,0,1,324,1.0600211502193009,2,0.0,0
2026-04-28 16:06:00+00:00,413.6106048768042,0,1,0,1,10,0.3778571894542864,2,0.0,0
2026-04-28 17:24:00+00:00,252.63303144730605,0,1,0,0,83,1.0,6,0.0,0
2026-04-28 17:30:00+00:00,322.3750165027395,0,1,0,0,268,0.3587627347604719,4,0.0,0
2026-04-28 18:04:00+00:00,796.8773856880829,0,1,0,2,20,0.5788960488935664,5,0.0,0
2026-04-28 19:11:00+00:00,2441.612775444069,0,1,0,0,139,2.2579324203597335,4,0.0,1
2026-04-28 20:28:00+00:00,689.4656368529136,1,1,0,1,23,0.9876869742475196,2,0.0,0
2026-04-28 20:57:00+00:00,2487.70827496845,1,1,0,1,137,1.3473850261842364,3,0.0,1
2026-04-28 21:06:00+00:00,294.51946861939956,0,1,0,0,304,0.14876083889149805,3,0.0,0
2026-04-28 22:01:00+00:00,398.7177907677005,0,2,0,0,228,1.0,4,0.5,0
2026-04-28 22:07:00+00:00,3369.371309682525,0,2,0,0,243,2.9196641857876116,3,0.5,0
2026-04-28 22:08:00+00:00,2821.6140485723063,0,2,0,0,238,5.170890228865445,3,0.5,0
2026-04-28 22:09:00+00:00,633.8701176935549,1,2,0,0,90,1.0,4,0.5,0
2026-04-28 22:31:00+00:00,1970.1613131243307,0,1,0,0,159,2.601790314156686,2,0.0,0
2026-04-28 23:38:00+00:00,1751.17395938552,0,1,0,0,73,1.9221670995908462,5,0.0,0
2026-04-29 00:14:00+00:00,158.60337140898704,0,1,0,1,114,0.12616559072408856,3,0.0,0
2026-04-29 00:37:00+00:00,652.3481846856647,0,1,0,1,349,0.35931266810971685,7,0.0,0
2026-04-29 02:07:00+00:00,1493.0509070709222,1,1,0,0,48,2.255099114825378,2,0.0,0
2026-04-29 02:51:00+00:00,1839.6260758757578,1,2,0,0,361,1.0,5,0.5,0
2026-04-29 03:02:00+00:00,1368.7019851529276,0,1,0,1,227,1.1141271329334557,4,0.0,0
2026-04-29 04:22:00+00:00,1146.8238702962735,0,1,0,1,332,1.0,4,0.0,0
2026-04-29 04:41:00+00:00,268.7230617370242,0,2,0,1,76,1.0,3,0.5,0
2026-04-29 04:43:00+00:00,5308.063691281059,1,1,0,1,319,1.0,6,0.0,0
2026-04-29 04:45:00+00:00,97.70483902366868,0,1,0,0,195,1.0,3,0.0,0
2026-04-29 05:11:00+00:00,1270.811919200943,0,1,0,1,241,1.3336666508931132,4,0.0,0
2026-04-29 07:23:00+00:00,1830.102948939922,0,1,0,2,328,1.7631896274863184,3,0.0,0
2026-04-29 08:57:00+00:00,2316.086111669743,0,1,0,0,238,6.1506240696904335,3,0.0,0
2026-04-29 09:31:00+00:00,381.9965605942051,1,1,0,0,157,1.0,4,0.0,0
2026-04-29 09:32:00+00:00,737.7868116770175,0,1,0,2,148,1.1856216692513368,3,0.0,0
2026-04-29 10:01:00+00:00,1700.11395753635,1,1,0,1,236,0.8567815852421807,3,0.0,0
2026-04-29 10:14:00+00:00,640.1215593739457,0,1,0,2,20,1.0,5,0.0,0
2026-04-29 11:11:00+00:00,321.0267590520941,0,1,0,0,164,0.166137564891951,4,0.0,0
2026-04-29 11:24:00+00:00,1082.8761603049286,1,1,0,2,98,1.0,1,0.0,0
2026-04-29 11:43:00+00:00,591.5632128782529,0,1,0,0,118,0.9855461928580878,2,0.0,0
2026-04-29 11:55:00+00:00,701.930558843206,1,1,0,2,5,1.0,7,0.0,0
2026-04-29 12:06:00+00:00,193.63212402408743,0,1,0,0,317,0.236657378649889,3,0.0,0
2026-04-29 13:33:00+00:00,723.7816461749858,1,1,0,1,354,1.0,3,0.0,1
2026-04-29 15:01:00+00:00,378.9066896671529,0,2,0,1,80,0.6309021919870008,2,0.5,0
2026-04-29 15:04:00+00:00,342.7273830564285,0,1,0,2,363,0.19874102829973284,6,0.0,0
2026-04-29 15:31:00+00:00,434.1083451346595,0,1,0,1,4,1.0,3,0.0,0
2026-04-29 15:43:00+00:00,257.80337862841424,0,1,0,0,341,1.0,3,0.0,0
2026-04-29 16:43:00+00:00,321.39919965403135,0,1,0,3,215,0.5696262800786702,4,0.0,0
2026-04-29 17:08:00+00:00,651.4234102828557,0,1,0,2,9,0.8556148231042674,9,0.0,0
2026-04-29 17:16:00+00:00,635.3197407626559,0,1,0,0,307,0.41351028689926017,2,0.0,0
2026-04-29 17:23:00+00:00,964.3806103775388,0,1,0,1,93,0.8824079241569783,2,0.0,0
2026-04-29 17:47:00+00:00,1641.2569678759999,0,1,0,1,223,1.0,3,0.0,0
2026-04-29 18:33:00+00:00,390.8041966175546,0,1,0,0,102,0.5192883114886331,3,0.0,0
2026-04-29 19:37:00+00:00,124.70769853372428,0,1,0,0,239,1.0,2,0.0,0
2026-04-29 19:43:00+00:00,430.06009274190154,0,1,0,1,54,0.6560648612369809,3,0.0,0
2026-04-29 20:08:00+00:00,549.902203260308,0,3,0,3,281,1.0,4,0.6666666666666666,0
2026-04-29 20:49:00+00:00,165.74716919228834,0,1,0,2,220,1.0,4,0.0,0
2026-04-29 20:52:00+00:00,4250.281561563853,1,1,0,0,336,1.0,6,0.0,0
2026-04-29 21:51:00+00:00,1377.5762441829715,1,1,0,1,321,1.1011696245985152,1,0.0,0
2026-04-29 21:56:00+00:00,667.2160559284935,0,2,0,2,297,1.1320046388077896,3,0.5,0
2026-04-29 22:04:00+00:00,1143.441173752133,0,1,0,0,165,1.9454124593997066,4,0.0,0
2026-04-29 22:37:00+00:00,324.43879141873106,1,3,0,0,140,0.5142559894471312,3,0.6666666666666666,0
2026-04-29 23:49:00+00:00,682.2446402486777,0,1,0,0,79,0.9901235253818712,4,0.0,0
2026-04-30 00:29:00+00:00,190.33056693517423,0,1,0,0,173,1.0,5,0.0,0
2026-04-30 03:01:00+00:00,454.1367172586862,0,1,0,2,127,0.6704541861711811,2,0.0,0
2026-04-30 04:16:00+00:00,436.564845658283,0,1,0,1,53,0.7026881517353478,4,0.0,0
2026-04-30 04:35:00+00:00,554.0241258408881,0,4,0,1,253,0.5640687065800095,8,0.75,0
2026-04-30 07:33:00+00:00,1014.9792308152628,1,1,0,1,153,1.0,3,0.0,1
2026-04-30 07:49:00+00:00,311.27021879171167,1,1,0,0,82,1.5290238441255584,5,0.0,0
2026-04-30 07:56:00+00:00,441.0638435585205,0,1,0,1,361,0.4192186571590436,4,0.0,0
2026-04-30 08:00:00+00:00,820.2209276647234,0,1,0,1,222,1.1624254488941863,5,0.0,0
2026-04-30 08:50:00+00:00,67.38517135675055,0,1,0,0,337,1.0,2,0.0,0
2026-04-30 09:18:00+00:00,211.71157731891407,0,1,0,1,155,0.3725348865138669,1,0.0,0
2026-04-30 09:29:00+00:00,2090.836948379411,0,1,0,1,196,1.0,10,0.0,0
2026-04-30 10:39:00+00:00,371.01713384267185,0,1,0,1,197,0.6267298374354493,3,0.0,0
2026-04-30 11:06:00+00:00,171.33352679839288,0,2,0,1,91,1.0,2,0.5,0
2026-04-30 11:35:00+00:00,448.4529829007699,0,1,0,0,69,0.36232032401863606,7,0.0,0
2026-04-30 11:50:00+00:00,156.09968133807274,1,2,0,1,315,0.34171966230294837,4,0.5,0
2026-04-30 11:54:00+00:00,1853.8454610428812,0,1,0,4,15,1.0,3,0.0,0
2026-04-30 12:26:00+00:00,309.0553514257849,0,1,0,0,206,0.2747227063807479,1,0.0,0
2026-04-30 13:26:00+00:00,1201.761414930681,0,1,0,1,69,2.1895100501294915,5,0.0,0
2026-04-30 14:57:00+00:00,530.7635290960371,1,1,0,1,67,0.36290196557274185,4,0.0,0
2026-04-30 15:15:00+00:00,3450.577014463033,0,1,0,0,49,1.0,3,0.0,0
2026-04-30 15:47:00+00:00,917.5383055996253,0,1,0,0,152,1.0,6,0.0,0
2026-04-30 15:52:00+00:00,451.0578819489936,0,1,0,0,311,0.7763166791497691,6,0.0,0
2026-04-30 17:15:00+00:00,1494.7253929786077,0,4,0,0,130,1.0,6,0.75,0
2026-04-30 17:29:00+00:00,491.5303901708852,1,1,0,5,241,0.48872894318485305,7,0.0,0
2026-04-30 17:58:00+00:00,423.9078659271853,1,1,0,4,195,0.7033680543878863,1,0.0,0
2026-04-30 19:02:00+00:00,3133.7123358969966,0,1,0,2,64,4.235605006226259,2,0.0,0
2026-04-30 19:02:00+00:00,857.5359808325541,0,1,0,3,55,1.0,2,0.0,0
2026-04-30 19:17:00+00:00,546.3407961012267,1,1,0,0,126,1.0,4,0.0,0
2026-04-30 21:26:00+00:00,619.6477388897117,0,1,0,0,95,0.9202728218998972,7,0.0,0
2026-04-30 22:07:00+00:00,132.94863470700855,0,1,0,1,81,0.19889085076895427,4,0.0,0
2026-05-01 00:57:00+00:00,1118.642506110056,1,1,0,0,332,1.369620038193278,2,0.0,0
2026-05-01 01:43:00+00:00,1897.2557382828315,1,1,0,0,177,1.0,7,0.0,0
2026-05-01 01:45:00+00:00,805.8824860784176,0,1,0,0,294,1.0931337685979825,3,0.0,0
2026-05-01 04:44:00+00:00,2455.3277659027694,0,1,0,2,351,2.1701041660697054,4,0.0,0
2026-05-01 05:01:00+00:00,1461.3932407601667,0,1,0,0,306,1.2682278479407503,5,0.0,0
2026-05-01 05:15:00+00:00,730.3810258480689,0,1,0,0,261,0.9837076682177768,4,0.0,0
2026-05-01 05:23:00+00:00,708.4403489381451,0,1,0,1,19,1.0,3,0.0,0
2026-05-01 08:31:00+00:00,364.12102770734924,1,1,0,1,206,1.0,5,0.0,0
2026-05-01 09:24:00+00:00,279.8499349936976,0,2,0,0,22,0.33469477537598097,1,0.5,0
2026-05-01 10:16:00+00:00,2024.1901039448921,0,1,0,0,237,1.4309488173416263,4,0.0,0
2026-05-01 10:23:00+00:00,1172.8333185226406,1,1,0,0,84,1.1663113813602148,6,0.0,0
2026-05-01 11:41:00+00:00,3126.698949961572,0,2,0,1,114,5.5648070222499895,6,0.5,0
2026-05-01 12:12:00+00:00,183.1197514164816,0,1,0,0,347,1.0,3,0.0,0
2026-05-01 13:35:00+00:00,173.8442844704087,0,1,0,0,176,1.0,4,0.0,0
2026-05-01 14:32:00+00:00,877.4976904975454,0,1,0,0,140,1.0,7,0.0,0
2026-05-01 14:46:00+00:00,598.4782186367216,0,1,0,3,6,1.0,4,0.0,1
2026-05-01 14:48:00+00:00,772.8183783416471,0,1,0,0,261,0.34188699092285896,7,0.0,0
2026-05-01 15:14:00+00:00,1096.6856987633782,0,1,0,2,17,1.7765371127889633,5,0.0,0
2026-05-01 15:17:00+00:00,942.870078876664,1,1,0,0,141,1.0,4,0.0,0
2026-05-01 15:24:00+00:00,137.14112524859945,0,1,0,0,323,1.0,6,0.0,0
2026-05-01 15:57:00+00:00,221.28345987827444,1,1,0,1,269,0.3569602461529199,4,0.0,0
2026-05-01 16:30:00+00:00,223.08514390175645,0,1,0,0,240,0.23936516572707717,2,0.0,0
2026-05-01 16:45:00+00:00,118.66143625004037,0,2,0,1,82,0.10563570028371606,2,0.5,0
2026-05-01 17:04:00+00:00,1138.5596689207407,0,1,0,0,308,1.5760163629474988,6,0.0,0
2026-05-01 17:40:00+00:00,351.8346924345189,0,1,0,0,172,0.7373552127037166,3,0.0,0
2026-05-01 18:00:00+00:00,1224.7032634228592,0,4,0,0,112,1.0,4,0.75,0
2026-05-01 18:15:00+00:00,447.1456187543579,0,1,0,1,107,1.0,2,0.0,0
2026-05-01 18:37:00+00:00,235.16734173019773,0,4,0,0,192,0.34535230539681966,6,0.75,0
2026-05-01 18:41:00+00:00,1715.7220662019881,1,1,0,0,352,1.0741656575305525,5,0.0,0
2026-05-01 19:39:00+00:00,559.0599779103391,1,1,0,2,169,1.0,1,0.0,0
2026-05-01 20:01:00+00:00,303.3866067041302,0,1,0,0,334,0.13762848618667306,4,0.0,0
2026-05-01 20:04:00+00:00,469.78357445722486,0,4,0,1,122,0.7326392639743033,9,0.75,0
2026-05-01 20:23:00+00:00,1652.131886821313,0,1,0,2,18,2.0766454186065135,1,0.0,0
2026-05-01 20:37:00+00:00,296.93206264957263,1,1,0,0,101,0.1619891129957026,4,0.0,0
2026-05-01 21:13:00+00:00,870.837641593738,0,1,1,3,79,1.0,10,0.0,0
2026-05-01 21:28:00+00:00,236.51853351320483,1,1,0,0,140,0.3539077339604801,2,0.0,0
2026-05-01 21:44:00+00:00,760.7340667496665,0,2,0,3,271,1.0,2,0.5,0
2026-05-01 22:04:00+00:00,1481.9587407467911,0,4,0,2,26,2.4569547635039406,3,0.75,0
2026-05-01 22:11:00+00:00,1198.0988633747997,0,2,0,0,72,1.8560259212141021,2,0.5,0
2026-05-01 22:46:00+00:00,1418.643882018289,0,1,0,0,89,2.4486991515819265,1,0.0,0
2026-05-01 23:08:00+00:00,308.52900009155803,1,1,0,2,164,0.4955654706881037,3,0.0,0
2026-05-02 00:53:00+00:00,554.7450506629981,0,1,0,1,53,0.13931787720904362,1,0.0,0
2026-05-02 01:12:00+00:00,324.96682339360143,0,1,0,0,63,0.42507944712983253,3,0.0,0
2026-05-02 01:26:00+00:00,1294.3469904294432,0,1,0,1,261,0.5211521172125105,4,0.0,0
2026-05-02 01:58:00+00:00,60.68006616117977,0,1,0,1,306,0.05546419065413345,2,0.0,0
2026-05-02 03:22:00+00:00,78.98701674529615,0,1,0,3,233,0.15903734040701495,4,0.0,0
2026-05-02 03:49:00+00:00,1176.4264172658027,1,1,1,2,197,1.5631815570719254,4,0.0,1
2026-05-02 04:19:00+00:00,388.8553223001023,0,1,1,0,2,1.0,2,0.0,0
2026-05-02 04:34:00+00:00,755.7047902695938,1,4,0,2,192,0.7284328883869194,4,0.75,0
2026-05-02 05:48:00+00:00,80.79978276893671,0,1,0,1,125,1.0,1,0.0,0
2026-05-02 05:48:00+00:00,1852.468275228815,0,1,0,1,203,1.81585624427154,2,0.0,0
2026-05-02 07:08:00+00:00,3934.91199507857,0,1,0,1,160,5.4405679998277305,2,0.0,0
2026-05-02 07:13:00+00:00,3005.514751929734,1,4,0,4,72,3.7128736512534535,3,0.75,1
2026-05-02 07:38:00+00:00,195.17677310549982,1,1,0,1,288,0.22884852974129222,4,0.0,0
2026-05-02 08:15:00+00:00,1862.7238285779758,0,1,0,2,320,2.024480103306701,3,0.0,0
2026-05-02 08:30:00+00:00,991.2929279940793,0,1,0,3,58,0.8625086938994208,3,0.0,0
2026-05-02 10:23:00+00:00,126.76572461574352,0,2,0,1,48,0.20861561584720048,3,0.5,1
2026-05-02 10:30:00+00:00,61.82079383662473,0,2,0,0,198,0.10382852142731044,5,0.5,0
2026-05-02 10:35:00+00:00,116.42445503517101,0,1,0,3,286,0.08286948919453575,2,0.0,0
2026-05-02 10:58:00+00:00,424.9585800399441,0,1,0,0,117,0.320936090884921,6,0.0,0
2026-05-02 11:42:00+00:00,716.9372330689099,0,2,0,0,96,1.0,5,0.5,0
2026-05-02 11:44:00+00:00,2064.537930015278,0,1,0,3,71,8.91830174338778,3,0.0,0
2026-05-02 12:21:00+00:00,170.81622054912742,0,1,1,1,242,1.0,4,0.0,1
2026-05-02 12:46:00+00:00,102.98954237615985,0,1,0,1,263,1.0,3,0.0,0
2026-05-02 13:01:00+00:00,234.87999571375465,1,1,0,4,282,0.14117504034487924,4,0.0,0
2026-05-02 13:04:00+00:00,188.28393363018964,0,1,0,0,321,0.26243354137318425,4,0.0,0
2026-05-02 13:17:00+00:00,4686.088613413707,1,1,0,0,180,5.309313482978937,4,0.0,0
2026-05-02 13:30:00+00:00,492.18710369657845,0,1,0,1,173,0.6004039564544552,7,0.0,0
2026-05-02 14:41:00+00:00,672.9324472715898,0,1,0,2,156,1.0,5,0.0,0
2026-05-02 15:10:00+00:00,608.6969291448684,0,1,0,2,158,0.8160960500661872,2,0.0,0
2026-05-02 15:10:00+00:00,69.35895756634753,0,1,0,0,59,1.0,6,0.0,0
2026-05-02 15:43:00+00:00,1522.4026751576118,1,1,0,0,325,3.631530367242021,3,0.0,0
2026-05-02 15:48:00+00:00,873.778599595297,0,1,0,1,326,1.6299830946714435,2,0.0,0
2026-05-02 16:03:00+00:00,124.08983364090389,0,2,0,1,45,0.2966583733774194,4,0.5,0
2026-05-02 16:07:00+00:00,261.49055596781983,0,1,0,0,199,0.10290408962018231,7,0.0,0
2026-05-02 16:07:00+00:00,152.44215675522096,0,1,0,0,227,0.4046622007564054,3,0.0,0
2026-05-02 16:11:00+00:00,495.7391442563577,1,1,0,1,71,0.5442711424900083,6,0.0,1
2026-05-02 16:12:00+00:00,432.3533659592075,0,1,0,1,120,0.5260285241663872,5,0.0,0
2026-05-02 16:31:00+00:00,1439.6989911004903,1,1,0,0,290,0.7004598482492645,5,0.0,0
2026-05-02 16:51:00+00:00,2480.5014450412837,0,1,1,2,360,2.0841656039954994,2,0.0,0
2026-05-02 17:35:00+00:00,2417.5893219746713,0,2,0,1,325,3.148519204620651,2,0.5,0
2026-05-02 17:49:00+00:00,331.7941956275986,1,3,2,0,293,0.6543794583835673,3,0.6666666666666666,1
2026-05-02 18:04:00+00:00,1019.7733288684175,0,3,0,3,10,1.0,6,0.6666666666666666,0
2026-05-02 19:19:00+00:00,261.1562600580169,0,1,0,0,145,1.0,4,0.0,0
2026-05-02 19:23:00+00:00,127.81147720731954,0,1,0,3,190,0.07474695436163817,2,0.0,0
2026-05-02 19:25:00+00:00,347.9493286805507,0,1,0,0,30,1.0,2,0.0,0
2026-05-02 20:18:00+00:00,495.45131957145134,0,1,0,1,24,0.33943720564114294,4,0.0,0
2026-05-02 20:46:00+00:00,195.2264755842636,0,3,0,0,216,1.0,3,0.6666666666666666,0
2026-05-02 21:05:00+00:00,525.9854760124015,0,3,0,1,329,0.43385108245413134,4,0.6666666666666666,0
2026-05-02 21:44:00+00:00,1056.8598964871064,1,1,1,1,54,1.0953992369240682,5,0.0,1
2026-05-02 22:35:00+00:00,6335.421975531745,0,3,0,0,18,6.623763561861605,3,0.6666666666666666,0
2026-05-02 22:47:00+00:00,298.2634683570418,0,1,0,2,87,0.39951165132573285,3,0.0,0
2026-05-02 22:47:00+00:00,136.69830802319166,0,1,0,1,175,0.09213532559962187,4,0.0,0
2026-05-03 00:15:00+00:00,707.7996616624624,0,1,1,2,233,0.6906468646487486,4,0.0,0
2026-05-03 01:05:00+00:00,3258.552487283363,0,1,0,0,360,4.245494932774368,5,0.0,0
2026-05-03 01:06:00+00:00,1925.1396018931314,0,1,0,0,118,1.7244883117436314,4,0.0,0
2026-05-03 01:27:00+00:00,1111.3989654154448,1,2,0,0,158,1.0,4,0.5,0
2026-05-03 01:53:00+00:00,1248.9040640279534,0,1,0,0,192,0.8237170942908631,6,0.0,0
2026-05-03 02:58:00+00:00,202.71402349910775,0,2,0,1,71,1.0,5,0.5,1
2026-05-03 03:25:00+00:00,505.19036734865983,1,1,0,1,122,0.6129143259570549,3,0.0,0
2026-05-03 03:55:00+00:00,1005.3049116700844,0,4,0,1,179,0.4847610011714063,4,0.75,0
2026-05-03 04:43:00+00:00,860.1601259493109,0,1,0,2,343,1.0,3,0.0,0
2026-05-03 05:02:00+00:00,1126.3765053949787,0,1,1,4,263,1.0,2,0.0,1
2026-05-03 05:13:00+00:00,838.8105636766546,1,1,0,1,357,1.0,4,0.0,0
2026-05-03 05:57:00+00:00,599.5183024586165,0,2,0,0,350,0.8434100207219314,6,0.5,0
2026-05-03 06:08:00+00:00,428.0056147917328,0,1,0,2,36,0.22346011772226293,5,0.0,0
2026-05-03 06:32:00+00:00,131.01234299162223,0,1,0,2,214,1.0,3,0.0,0
2026-05-03 06:36:00+00:00,67.78775288218938,0,1,0,2,96,0.11858777373731286,4,0.0,0
2026-05-03 06:49:00+00:00,233.04925306724246,0,1,0,3,152,0.33869606571367056,4,0.0,0
2026-05-03 07:11:00+00:00,8218.80567739592,0,1,0,1,34,12.83339205341029,6,0.0,1
2026-05-03 07:18:00+00:00,223.27207503592066,0,1,1,4,104,0.34981126974990545,3,0.0,0
2026-05-03 08:08:00+00:00,669.0905866808021,1,1,0,0,354,1.0,1,0.0,0
2026-05-03 10:02:00+00:00,714.5045852046092,0,1,0,1,236,1.0,4,0.0,0
2026-05-03 10:04:00+00:00,469.01930493698353,0,1,0,3,97,0.5690447902883188,4,0.0,0
2026-05-03 10:18:00+00:00,116.0701730225175,0,1,0,3,237,0.25907256467082285,4,0.0,0
2026-05-03 10:33:00+00:00,925.8530425862543,0,1,0,0,173,0.8181933382832552,5,0.0,0
2026-05-03 10:38:00+00:00,1036.101905170089,0,1,0,0,310,0.9059002698166724,4,0.0,0
2026-05-03 10:46:00+00:00,709.0794371201015,1,1,0,4,254,0.7065874916137725,3,0.0,0
2026-05-03 11:08:00+00:00,1845.7452991346497,0,2,0,1,98,4.581384899996026,5,0.5,1
2026-05-03 11:15:00+00:00,1478.941335620442,0,1,0,2,77,2.9027401904819414,5,0.0,0
2026-05-03 12:43:00+00:00,5265.406526050255,0,1,0,1,308,4.638924022125895,1,0.0,0
2026-05-03 13:09:00+00:00,603.9581637892129,0,1,0,1,311,0.26685907323444763,6,0.0,0
2026-05-03 13:21:00+00:00,712.3274032932945,0,1,0,1,193,1.0,2,0.0,0
2026-05-03 13:32:00+00:00,2147.1517840198685,0,4,0,0,326,1.0,4,0.75,0
2026-05-03 13:52:00+00:00,405.78182677544874,0,2,0,0,55,0.6364317690173731,5,0.5,0
2026-05-03 14:20:00+00:00,725.9480207903009,0,1,0,1,221,1.7826703206406405,7,0.0,0
2026-05-03 15:35:00+00:00,370.790636649103,0,1,0,1,224,1.0,5,0.0,0
2026-05-03 15:35:00+00:00,1420.033404770024,1,1,0,1,136,1.0,4,0.0,0
2026-05-03 15:57:00+00:00,933.8713940545551,0,1,0,1,2,1.17268526516439,3,0.0,0
2026-05-03 16:19:00+00:00,1271.6361693200033,0,1,0,2,104,1.0,2,0.0,0
2026-05-03 16:47:00+00:00,860.1055295953882,0,1,0,2,41,1.0,1,0.0,0
2026-05-03 17:43:00+00:00,854.7060355664528,0,1,0,0,153,0.5720165113671003,4,0.0,0
2026-05-03 18:14:00+00:00,235.34021090602127,0,1,0,0,234,0.42030687819225,5,0.0,0
2026-05-03 18:46:00+00:00,1651.5815656778595,1,1,0,0,204,1.7057288555772685,5,0.0,0
2026-05-03 19:52:00+00:00,588.0749817689276,1,1,0,0,13,1.0,6,0.0,0
2026-05-03 21:28:00+00:00,372.82551484984936,0,1,0,0,105,1.0,3,0.0,0
2026-05-03 22:43:00+00:00,2640.9175807549555,0,1,0,0,228,2.2686932334054415,5,0.0,0
2026-05-03 23:49:00+00:00,2788.9505232434303,0,1,0,1,250,1.0,2,0.0,0
2026-05-04 00:09:00+00:00,717.80516825978,0,1,0,1,175,1.618221595484707,2,0.0,0
2026-05-04 00:12:00+00:00,376.521253408126,0,2,0,1,319,0.19947569108403912,4,0.5,0
2026-05-04 00:25:00+00:00,352.64398050502166,1,1,0,0,234,1.0,3,0.0,0
2026-05-04 00:44:00+00:00,491.97286291349326,0,2,0,0,115,1.0,3,0.5,0
2026-05-04 00:49:00+00:00,346.1488444591297,0,1,0,0,294,0.43740940085200425,1,0.0,0
2026-05-04 00:50:00+00:00,401.3444494744608,1,1,0,2,337,0.36511701449764894,3,0.0,0
2026-05-04 00:55:00+00:00,281.9625625976474,1,2,0,1,133,0.25965148406626054,5,0.5,0
2026-05-04 01:10:00+00:00,876.4512003439505,0,1,0,1,88,1.0452172775048474,3,0.0,0
2026-05-04 01:36:00+00:00,938.7967248904766,0,1,0,0,158,0.8650849639110609,2,0.0,0
2026-05-04 01:38:00+00:00,597.4203474736903,1,1,0,1,109,0.6279014579634424,4,0.0,0
2026-05-04 01:49:00+00:00,939.7033868601584,0,1,0,2,296,1.0,7,0.0,0
2026-05-04 01:55:00+00:00,276.9620150779249,0,2,0,3,18,0.5505878733904376,5,0.5,1
2026-05-04 02:01:00+00:00,1428.8445000255344,0,1,0,2,323,3.021131593297253,4,0.0,1
2026-05-04 02:07:00+00:00,1001.0766279105835,1,1,0,1,216,2.192750989734969,3,0.0,0
2026-05-04 02:14:00+00:00,11196.17392022643,0,1,0,1,59,9.868416761702406,4,0.0,0
2026-05-04 02:25:00+00:00,148.38224398194978,0,1,0,2,254,0.18831784010207653,5,0.0,0
2026-05-04 02:34:00+00:00,32.6208687873625,0,2,0,0,171,1.0,3,0.5,0
2026-05-04 04:44:00+00:00,2529.321428495778,0,1,0,1,268,2.5468123633980397,3,0.0,0
2026-05-04 04:48:00+00:00,617.8824245893818,1,1,0,0,224,1.0,3,0.0,0
2026-05-04 05:23:00+00:00,206.5558612166089,1,1,0,1,294,1.0,5,0.0,0
2026-05-04 05:56:00+00:00,871.597591939362,1,1,0,1,5,1.0,4,0.0,0
2026-05-04 06:25:00+00:00,46.9032263448947,1,2,0,1,250,0.04167539006697544,2,0.5,0
2026-05-04 07:18:00+00:00,624.7338433285736,1,3,0,1,166,0.37364732984278876,3,0.6666666666666666,0
2026-05-04 07:37:00+00:00,118.03560809776825,1,1,0,1,235,0.13877805365468213,4,0.0,0
2026-05-04 07:46:00+00:00,108.03806396074665,1,1,0,0,64,0.11767246766419757,2,0.0,0
2026-05-04 07:57:00+00:00,366.23142973581815,1,1,0,0,50,0.44731723163096127,2,0.0,0
2026-05-04 09:31:00+00:00,466.6392753249002,0,1,0,0,47,0.6164386593814027,2,0.0,0
2026-05-04 09:36:00+00:00,1927.2019847735212,0,1,0,0,274,2.7486421516188573,5,0.0,0
2026-05-04 09:58:00+00:00,309.5355144734339,1,1,0,3,41,0.35396695626412694,6,0.0,0
2026-05-04 10:43:00+00:00,652.1468804077098,0,1,0,1,229,1.2844160861192224,5,0.0,0
2026-05-04 11:08:00+00:00,137.79691785569682,1,1,0,0,356,0.1292807283099873,1,0.0,0
2026-05-04 11:09:00+00:00,837.429354864968,0,2,0,2,359,1.308793305001186,4,0.5,0
2026-05-04 11:24:00+00:00,290.14217001954756,0,2,0,0,39,0.2006444312380356,5,0.5,0
2026-05-04 11:30:00+00:00,141.50049199149018,1,2,0,1,188,0.21311709755342978,5,0.5,0
2026-05-04 11:46:00+00:00,691.7888570189233,1,1,0,1,254,1.0,7,0.0,1
2026-05-04 11:52:00+00:00,2285.4136398406736,0,3,0,1,165,1.0,3,0.6666666666666666,0
2026-05-04 11:53:00+00:00,657.8329421502438,1,1,0,0,194,0.907945982978464,2,0.0,0
2026-05-04 12:36:00+00:00,3121.8516912937675,0,2,0,1,331,1.0,4,0.5,0
2026-05-04 13:00:00+00:00,496.92383633592107,0,1,0,1,119,1.0,4,0.0,0
2026-05-04 13:12:00+00:00,458.00063044424735,1,1,0,1,132,0.2415958598336798,3,0.0,0
2026-05-04 13:26:00+00:00,943.3301560703351,0,1,0,1,351,1.0,3,0.0,0
2026-05-04 13:46:00+00:00,960.402956943815,0,1,0,0,2,2.3692139420790825,2,0.0,0
2026-05-04 14:42:00+00:00,2745.3804585941793,1,1,0,1,115,4.441338047446774,4,0.0,1
2026-05-04 15:11:00+00:00,408.1405980082077,1,1,0,2,169,0.3583124993033227,5,0.0,0
2026-05-04 15:27:00+00:00,801.3630388082855,0,2,0,1,273,0.8951745278612574,2,0.5,0
2026-05-04 15:28:00+00:00,1883.3520359102454,0,1,0,0,184,1.0,3,0.0,0
2026-05-04 16:50:00+00:00,429.92099294868063,0,2,0,1,3,0.292772316771001,2,0.5,0
2026-05-04 17:08:00+00:00,621.0887176426346,1,3,0,1,187,0.6538711822688826,2,0.6666666666666666,0
2026-05-04 17:17:00+00:00,412.34580924601687,0,2,0,2,117,0.39956896352865173,10,0.5,0
2026-05-04 17:28:00+00:00,345.04130365833385,0,4,0,1,70,1.0,4,0.75,0
2026-05-04 17:33:00+00:00,163.39740091900293,0,1,0,0,282,0.27396879394996204,3,0.0,0
2026-05-04 18:07:00+00:00,113.56535947989073,1,1,0,0,243,0.14076887986459516,2,0.0,0
2026-05-04 19:07:00+00:00,351.5903670763147,0,1,0,1,20,0.6416904524166666,3,0.0,0
2026-05-04 19:14:00+00:00,777.7491585691371,1,1,0,0,155,0.9556578484422922,4,0.0,0
2026-05-04 19:36:00+00:00,455.11757601352133,0,1,0,1,332,1.0348255958259054,6,0.0,0
2026-05-04 20:32:00+00:00,980.2934458714691,0,1,0,0,40,1.7020494625396747,3,0.0,0
2026-05-04 20:51:00+00:00,1795.4288466759,0,1,0,1,116,2.4629579255809304,6,0.0,0
2026-05-04 20:56:00+00:00,3207.2074205286235,0,1,0,0,75,3.2637443166001807,5,0.0,0
2026-05-04 21:14:00+00:00,668.5355934553348,0,1,0,1,265,1.3300475740130124,4,0.0,0
2026-05-04 21:48:00+00:00,2139.4091948801006,0,1,0,0,311,4.81362895030855,4,0.0,0
2026-05-04 22:06:00+00:00,1659.9754364701284,0,2,0,1,177,1.0,5,0.5,0
2026-05-05 00:10:00+00:00,924.7245954295346,1,2,0,0,63,1.0,5,0.5,0
2026-05-05 00:29:00+00:00,2771.3082459232573,1,1,0,0,274,4.4642001456930664,3,0.0,0
2026-05-05 00:35:00+00:00,71.10757962588774,0,1,0,1,19,0.3350278329830084,3,0.0,0
2026-05-05 01:05:00+00:00,1562.3621005339346,0,1,0,0,228,0.8313683101020389,3,0.0,0
2026-05-05 01:14:00+00:00,1135.4733704583764,0,1,0,3,193,1.4635169812238216,6,0.0,0
2026-05-05 01:26:00+00:00,1170.6847694821329,0,1,0,1,304,2.3819314608696764,4,0.0,0
2026-05-05 01:57:00+00:00,680.0219366307085,0,1,0,1,139,1.0,6,0.0,0
2026-05-05 02:06:00+00:00,714.8143028569593,1,1,0,1,108,0.7160099432140122,3,0.0,0
2026-05-05 02:54:00+00:00,251.3511434545112,0,1,0,1,308,0.18265415213843547,4,0.0,0
2026-05-05 02:55:00+00:00,411.9270649280568,0,2,0,2,199,0.631253035478819,2,0.5,0
2026-05-05 04:38:00+00:00,6903.441420848414,0,1,0,1,186,1.0,3,0.0,0
2026-05-05 05:41:00+00:00,497.1386037429207,1,1,0,3,302,0.22861681749260515,4,0.0,0
2026-05-05 06:13:00+00:00,643.2365690971978,0,1,1,0,179,0.5343488908870812,8,0.0,0
2026-05-05 06:16:00+00:00,1322.9326579149804,1,1,1,4,152,1.3574103399939592,4,0.0,1
2026-05-05 06:34:00+00:00,346.89710886149436,0,4,0,0,118,0.47120251713646216,2,0.75,0
2026-05-05 06:49:00+00:00,1245.7135379025046,1,1,0,0,20,1.0735734380084738,2,0.0,0
2026-05-05 07:06:00+00:00,1087.4803825176668,0,1,0,1,170,0.9912531613346447,2,0.0,0
2026-05-05 07:18:00+00:00,260.4854312445088,0,1,0,1,39,1.0,5,0.0,0
2026-05-05 07:20:00+00:00,1723.0938777803922,0,1,0,0,212,4.23614544394878,3,0.0,0
2026-05-05 07:21:00+00:00,927.3472176162796,0,1,0,1,353,0.9257494775034012,5,0.0,0
2026-05-05 07:26:00+00:00,203.0516743259278,0,1,0,1,18,1.0,4,0.0,0
2026-05-05 07:37:00+00:00,456.3000910391687,0,1,0,0,143,0.2397923175985024,4,0.0,0
2026-05-05 08:07:00+00:00,962.8365840997515,0,1,0,1,355,1.059096492737711,7,0.0,0
2026-05-05 08:35:00+00:00,1162.8730293917006,0,4,0,1,281,1.384322017964802,6,0.75,0
2026-05-05 10:06:00+00:00,392.24663898622424,0,1,0,2,83,1.0,4,0.0,0
2026-05-05 10:48:00+00:00,234.27376714491643,0,1,0,1,148,0.3828500890060434,5,0.0,0
2026-05-05 11:42:00+00:00,831.6063743478205,0,1,0,0,44,4.406536405073503,3,0.0,0
2026-05-05 13:00:00+00:00,543.6490959017303,1,2,1,7,112,0.779433117762344,4,0.5,1
2026-05-05 13:12:00+00:00,705.0227954429148,0,2,0,2,333,1.0,4,0.5,0
2026-05-05 13:17:00+00:00,858.5765376222985,0,1,0,0,347,1.1514513287627155,5,0.0,0
2026-05-05 13:22:00+00:00,1267.124062829796,0,1,0,1,321,1.0,4,0.0,0
2026-05-05 13:34:00+00:00,2010.3281369199267,0,1,0,0,8,1.5418610849145469,5,0.0,0
2026-05-05 14:12:00+00:00,422.2952829146715,0,1,0,1,137,1.8416816076856293,4,0.0,0
2026-05-05 14:25:00+00:00,90.98154283793681,0,1,0,0,356,0.21708034308117752,6,0.0,0
2026-05-05 14:26:00+00:00,217.75617131484168,1,1,0,0,206,0.5820766667840084,3,0.0,0
2026-05-05 14:28:00+00:00,2897.6614143630145,0,1,0,0,355,1.0,2,0.0,0
2026-05-05 14:36:00+00:00,313.61235550404297,1,1,0,1,50,0.28140849337274315,3,0.0,0
2026-05-05 15:50:00+00:00,2071.233794515536,1,1,0,1,280,2.398108743116328,3,0.0,0
2026-05-05 15:55:00+00:00,154.62978275017784,0,1,0,2,128,0.2317463795486938,3,0.0,0
2026-05-05 16:06:00+00:00,256.38968335225275,1,1,0,2,40,0.12930973287335307,4,0.0,0
2026-05-05 17:07:00+00:00,1230.0400064304688,0,4,0,0,213,1.0188217924787897,6,0.75,0
2026-05-05 17:34:00+00:00,96.40221450286545,0,1,0,2,130,0.07950805052811481,6,0.0,0
2026-05-05 17:55:00+00:00,229.95138844204655,1,1,0,1,336,1.0,8,0.0,0
2026-05-05 18:49:00+00:00,334.87059908742697,0,1,0,0,106,0.4288878921601394,6,0.0,0
2026-05-05 19:36:00+00:00,885.3472623365424,1,1,0,1,250,1.8368132351020106,4,0.0,0
2026-05-05 20:01:00+00:00,212.7857097701805,1,4,0,2,8,0.19419973087503042,2,0.75,0
2026-05-05 20:07:00+00:00,2306.0609797166403,0,1,0,0,307,3.0707460968714377,8,0.0,0
2026-05-05 20:25:00+00:00,471.35568351943226,0,4,0,1,86,0.24568442707533278,5,0.75,0
2026-05-05 20:59:00+00:00,193.3749455046329,0,1,0,1,276,0.19086439885108084,4,0.0,0
2026-05-05 21:10:00+00:00,717.8806055540747,0,1,0,0,138,0.7491666270724768,3,0.0,0
2026-05-05 21:18:00+00:00,1513.489562584737,1,1,0,2,168,1.0,4,0.0,0
2026-05-05 21:25:00+00:00,1464.75342489848,0,1,0,0,288,3.5777945783103693,1,0.0,0
2026-05-05 22:04:00+00:00,360.20930220823567,0,3,1,2,97,0.3128372029879147,4,0.6666666666666666,1
2026-05-05 22:09:00+00:00,156.29621295485006,0,1,0,2,62,0.2840332001314886,2,0.0,0
2026-05-05 23:09:00+00:00,454.02522669433336,0,1,0,5,292,1.0,3,0.0,0
2026-05-05 23:25:00+00:00,1324.8549701856757,0,1,0,0,31,1.0,4,0.0,0
2026-05-05 23:31:00+00:00,281.02892576280215,1,3,0,2,13,1.0,4,0.6666666666666666,1
2026-05-05 23:40:00+00:00,1051.2759424857854,0,1,0,2,0,2.0675729617063743,3,0.0,0
2026-05-05 23:52:00+00:00,108.47491961732959,0,1,0,0,45,0.09986682420018915,4,0.0,0
2026-05-06 00:05:00+00:00,2988.1689799117075,1,2,0,0,59,1.0,5,0.5,1
2026-05-06 01:14:00+00:00,625.4028702012193,1,1,0,2,330,0.4998617491748024,5,0.0,0
2026-05-06 01:49:00+00:00,2857.2829979293274,0,2,0,0,126,2.327805755328197,6,0.5,0
2026-05-06 01:56:00+00:00,244.70466752834668,1,1,0,3,38,0.3173091899844218,3,0.0,0
2026-05-06 02:40:00+00:00,474.51183442284326,0,3,0,0,283,0.9540856144737949,4,0.6666666666666666,0
2026-05-06 02:55:00+00:00,185.96062085205966,0,1,0,0,232,0.46184570156845334,8,0.0,0
2026-05-06 03:45:00+00:00,3233.1293311869263,1,1,0,1,303,1.0,4,0.0,0
2026-05-06 03:51:00+00:00,275.3787042025307,0,1,0,0,188,0.26460887783795356,4,0.0,0
2026-05-06 04:09:00+00:00,640.2567234787314,0,1,0,0,67,1.0,3,0.0,0
2026-05-06 05:02:00+00:00,532.4259279426759,0,1,0,0,48,0.49698541613354913,4,0.0,1
2026-05-06 05:24:00+00:00,784.6043133860826,1,1,0,2,114,2.9830918484453135,5,0.0,1
2026-05-06 06:18:00+00:00,2249.6643757175234,0,1,0,2,109,1.0,5,0.0,1
2026-05-06 06:28:00+00:00,422.4095039860828,0,1,0,1,283,1.0,7,0.0,0
2026-05-06 06:58:00+00:00,694.0168246704534,1,1,0,3,289,1.0955728187135498,3,0.0,0
2026-05-06 07:07:00+00:00,856.8635127098632,0,1,0,1,134,0.5948582664767829,3,0.0,0
2026-05-06 07:28:00+00:00,1318.7537562446594,1,1,0,1,297,0.803616365258199,3,0.0,0
2026-05-06 07:29:00+00:00,517.2459821382337,0,1,0,1,215,1.0,5,0.0,0
2026-05-06 08:14:00+00:00,772.1574677041108,1,1,0,0,196,1.0,3,0.0,0
2026-05-06 08:56:00+00:00,443.10393298941153,0,1,0,1,72,1.0,3,0.0,0
2026-05-06 09:13:00+00:00,564.2892711888184,0,1,0,1,353,1.1981746835621037,2,0.0,0
2026-05-06 09:24:00+00:00,1317.9884394206508,0,1,0,1,81,2.64961679180894,4,0.0,1
2026-05-06 09:40:00+00:00,1116.9340763390485,0,3,0,2,333,1.6374726118915133,2,0.6666666666666666,0
2026-05-06 10:45:00+00:00,1117.770059415438,0,1,0,0,115,1.0,5,0.0,0
2026-05-06 11:20:00+00:00,950.5636266801775,0,1,0,2,3,0.7422052126265916,3,0.0,0
2026-05-06 11:41:00+00:00,406.7614461586305,0,1,0,2,151,0.3991871172111991,7,0.0,0
2026-05-06 12:40:00+00:00,358.1959912377576,1,1,0,0,206,0.2694336139948351,4,0.0,0
2026-05-06 12:55:00+00:00,915.0592631470345,0,3,0,3,241,0.8804292203870154,1,0.6666666666666666,0
2026-05-06 13:06:00+00:00,349.11553244952364,1,1,0,0,210,1.0,4,0.0,0
2026-05-06 13:18:00+00:00,1237.0131632334799,0,1,0,1,75,2.562296601615502,6,0.0,0
2026-05-06 14:42:00+00:00,954.4906304300581,0,1,0,1,280,0.7477021759345528,5,0.0,0
2026-05-06 15:03:00+00:00,3277.972708741108,0,3,0,1,195,2.759566599074743,6,0.6666666666666666,0
2026-05-06 16:42:00+00:00,748.4636629683766,1,2,0,1,352,0.7351270391770288,3,0.5,0
2026-05-06 17:13:00+00:00,175.79432275599441,0,1,1,4,196,1.0,4,0.0,0
2026-05-06 17:36:00+00:00,422.5548589958662,0,1,0,0,211,0.601592722707142,3,0.0,0
2026-05-06 17:42:00+00:00,392.69563667134634,0,1,0,1,334,1.0,4,0.0,0
2026-05-06 17:48:00+00:00,472.75219880808663,1,1,0,0,5,1.329606906765315,5,0.0,1
2026-05-06 17:51:00+00:00,324.0524621972963,1,1,0,4,264,0.5953911467079692,5,0.0,1
2026-05-06 18:09:00+00:00,336.5563141180688,0,1,0,0,9,0.19809836195578662,2,0.0,0
2026-05-06 19:03:00+00:00,932.1544909464261,1,4,0,1,157,1.793764122719899,6,0.75,1
2026-05-06 19:04:00+00:00,2324.477526101724,1,1,0,0,335,4.796580262423215,3,0.0,0
2026-05-06 19:47:00+00:00,1208.4836627704383,0,1,0,0,173,1.6681200293645198,6,0.0,1
2026-05-06 19:56:00+00:00,1103.6611469609156,0,1,0,0,237,1.1135715283980117,2,0.0,0
2026-05-06 20:11:00+00:00,493.81435565824376,0,4,0,0,359,0.8529897937236063,2,0.75,0
2026-05-06 21:04:00+00:00,821.4445636642258,0,2,0,3,165,1.4454841614878626,1,0.5,0
2026-05-06 21:43:00+00:00,940.6293796438916,0,1,0,1,324,1.8213214360848384,6,0.0,0
2026-05-06 22:03:00+00:00,2007.383664508165,1,1,0,3,207,3.18026937847398,7,0.0,1
2026-05-06 22:40:00+00:00,964.6617708240078,1,1,0,1,251,1.0,6,0.0,0
2026-05-06 22:52:00+00:00,375.1108958831046,0,1,0,0,273,0.24734837170239782,5,0.0,0
2026-05-06 23:03:00+00:00,1829.5915931834431,0,1,0,1,223,2.9642731556968873,4,0.0,0
2026-05-06 23:28:00+00:00,442.1330963111161,0,3,0,1,7,1.0,9,0.6666666666666666,0
2026-05-06 23:33:00+00:00,844.2382704188088,0,1,0,1,328,1.8468266643075704,2,0.0,0
2026-05-06 23:35:00+00:00,1566.3463116960233,1,1,0,0,124,0.7197905742245365,2,0.0,0
2026-05-06 23:37:00+00:00,2753.6094414272297,0,4,0,2,21,3.649877327653651,3,0.75,1
2026-05-06 23:49:00+00:00,724.7553339827818,0,3,1,6,341,0.5159281539817916,1,0.6666666666666666,0
2026-05-07 00:06:00+00:00,903.7733428816193,0,1,0,0,158,1.4044805394388908,4,0.0,0
2026-05-07 01:02:00+00:00,1273.894544882288,1,1,0,0,363,1.0,4,0.0,0
2026-05-07 01:17:00+00:00,206.52062065634126,1,1,0,2,48,0.21298537896333913,5,0.0,1
2026-05-07 01:49:00+00:00,183.91976798037615,1,1,0,1,350,0.18664179114351595,3,0.0,0
2026-05-07 02:01:00+00:00,367.92588418406694,1,1,0,1,345,0.4785188444253366,3,0.0,1
2026-05-07 02:05:00+00:00,327.1301931609737,0,1,0,1,262,0.5559539924570395,6,0.0,0
2026-05-07 02:12:00+00:00,525.0546919971503,0,1,1,2,84,1.137732305186159,3,0.0,0
2026-05-07 02:33:00+00:00,199.7522445009079,0,2,1,5,335,0.19410489272074405,2,0.5,1
2026-05-07 02:41:00+00:00,932.9545318789804,1,1,0,1,150,1.0067139958726885,2,0.0,0
2026-05-07 03:29:00+00:00,110.83319274739708,1,4,0,0,208,1.0,3,0.75,1
2026-05-07 04:13:00+00:00,808.7596892614288,0,1,0,3,339,0.6564815399306498,3,0.0,0
2026-05-07 04:46:00+00:00,190.71196240361252,0,3,0,1,165,0.25273460184369995,4,0.6666666666666666,0
2026-05-07 05:22:00+00:00,49.93784043008469,0,1,0,0,274,1.0,8,0.0,0
2026-05-07 05:49:00+00:00,502.9458463492454,0,2,0,2,15,0.4159596331382031,1,0.5,0
2026-05-07 07:11:00+00:00,240.11612761512677,1,3,0,1,116,0.20416531037281377,5,0.6666666666666666,1
2026-05-07 07:30:00+00:00,150.16420488514254,0,1,0,0,332,1.0,4,0.0,0
2026-05-07 07:42:00+00:00,247.90036622070045,0,1,0,1,284,0.31052412560285264,4,0.0,0
2026-05-07 08:28:00+00:00,713.5005270709042,0,1,0,0,2,1.1134173153318327,1,0.0,0
2026-05-07 09:23:00+00:00,51.46248907702136,0,1,0,3,327,1.0,9,0.0,0
2026-05-07 09:44:00+00:00,716.9027207898183,0,1,0,0,118,1.0,5,0.0,0
2026-05-07 10:07:00+00:00,226.40358320307442,1,1,0,3,224,0.3093932030431473,9,0.0,0
2026-05-07 10:11:00+00:00,1443.855752976375,1,1,0,0,345,2.1657750652473022,4,0.0,0
2026-05-07 10:18:00+00:00,324.4746861934457,0,1,0,1,171,0.16513772254135645,2,0.0,0
2026-05-07 10:48:00+00:00,1302.0378378871317,0,1,0,0,153,2.194085250594872,7,0.0,0
2026-05-07 11:24:00+00:00,569.290147059062,0,1,0,1,331,1.0,3,0.0,0
2026-05-07 12:10:00+00:00,306.1222055798496,0,1,0,2,179,1.0,6,0.0,0
2026-05-07 13:00:00+00:00,833.6965138746074,0,1,0,0,256,0.8511733755575477,5,0.0,0
2026-05-07 13:05:00+00:00,362.8614811025514,0,1,0,0,218,0.36493159496534605,3,0.0,0
2026-05-07 13:20:00+00:00,637.1376576044674,0,1,0,0,207,1.0,3,0.0,0
2026-05-07 13:36:00+00:00,1855.4260398979072,0,1,0,0,302,1.0,4,0.0,0
2026-05-07 13:48:00+00:00,216.47374792818715,1,1,0,0,187,1.0,5,0.0,0
2026-05-07 15:45:00+00:00,785.7837452834724,0,1,0,1,28,0.5610290976532836,2,0.0,0
2026-05-07 16:47:00+00:00,584.795190814595,0,1,0,2,290,0.3684381647328075,7,0.0,0
2026-05-07 17:43:00+00:00,1378.5981787748417,1,1,0,1,120,1.9064388066696303,3,0.0,0
2026-05-07 20:10:00+00:00,1245.1994709760136,1,1,0,0,161,1.0,6,0.0,0
2026-05-07 20:44:00+00:00,237.63620914659464,0,1,0,0,208,0.6546927864183872,2,0.0,0
2026-05-07 20:50:00+00:00,106.79108860804064,0,2,0,1,110,0.09136188056333701,3,0.5,0
2026-05-07 22:14:00+00:00,1026.5937106289625,0,3,0,1,139,1.3542373568246227,5,0.6666666666666666,1
2026-05-07 23:08:00+00:00,245.6993396774796,0,1,0,0,77,0.34366695294308675,5,0.0,0
2026-05-07 23:53:00+00:00,197.16496468763125,0,1,0,3,270,0.17354822207833454,3,0.0,0
2026-05-08 00:05:00+00:00,1200.0525556945527,0,1,0,1,87,0.9455989854640974,8,0.0,0
2026-05-08 00:52:00+00:00,517.2130561602448,1,1,0,2,361,1.0,3,0.0,0
2026-05-08 01:18:00+00:00,280.89676513672157,0,1,0,0,36,0.23609366456705522,1,0.0,0
2026-05-08 01:52:00+00:00,943.1249994585253,1,1,0,0,364,0.8050550647569299,5,0.0,0
2026-05-08 02:11:00+00:00,499.73241524394894,0,1,0,2,123,0.5169356078072154,5,0.0,0
2026-05-08 02:24:00+00:00,466.2538727302121,0,1,0,1,266,0.4761403424072055,3,0.0,0
2026-05-08 02:43:00+00:00,551.3969917389592,0,1,0,0,64,1.1328974096983193,3,0.0,0
2026-05-08 03:02:00+00:00,237.98836359662315,1,1,0,0,317,0.1494311117561228,4,0.0,0
2026-05-08 04:43:00+00:00,5622.303749994345,0,1,0,1,51,5.472399162456796,3,0.0,0
2026-05-08 05:26:00+00:00,2326.6970859790144,0,1,0,1,249,1.8165466971748148,3,0.0,0
2026-05-08 05:28:00+00:00,596.144819552268,1,1,0,0,206,0.3563876053030822,3,0.0,0
2026-05-08 06:18:00+00:00,213.4018776197488,0,1,0,0,149,0.5763162468055402,4,0.0,0
2026-05-08 06:20:00+00:00,1209.183953797546,1,1,0,1,3,3.2676413250915988,4,0.0,1
2026-05-08 07:05:00+00:00,559.6678397351951,0,1,1,0,210,0.7578933508036685,3,0.0,1
2026-05-08 07:21:00+00:00,700.3842168183348,0,4,0,1,214,1.2566191911525002,4,0.75,0
2026-05-08 07:23:00+00:00,232.54917484884595,0,1,0,1,111,1.0,6,0.0,0
2026-05-08 08:02:00+00:00,171.46712270331255,1,1,0,1,120,0.22523717437380064,1,0.0,0
2026-05-08 08:41:00+00:00,156.56951462540118,1,1,0,1,132,0.15811191724624468,7,0.0,0
2026-05-08 09:47:00+00:00,632.9439302988719,1,1,1,2,199,0.807972108050207,7,0.0,1
2026-05-08 10:20:00+00:00,388.5328601072203,0,1,0,1,67,1.0,7,0.0,0
2026-05-08 12:22:00+00:00,459.3114989200722,0,3,0,2,340,1.0,2,0.6666666666666666,1
2026-05-08 13:15:00+00:00,643.6855908765406,0,1,0,0,187,0.7251453256117513,4,0.0,0
2026-05-08 13:23:00+00:00,918.8769841919958,1,1,0,0,335,1.3694557221499855,7,0.0,0
2026-05-08 14:14:00+00:00,429.1981722128228,0,1,0,0,38,1.0,5,0.0,0
2026-05-08 14:16:00+00:00,113.53401350673059,0,1,0,1,168,0.07619096376734902,3,0.0,0
2026-05-08 14:24:00+00:00,267.1803155916722,0,1,0,1,291,1.0,3,0.0,0
2026-05-08 15:24:00+00:00,890.5425211640642,0,1,0,0,34,0.5919940999449884,4,0.0,0
2026-05-08 16:12:00+00:00,420.91552187538986,0,2,0,0,205,0.5056816481689768,4,0.5,0
2026-05-08 16:28:00+00:00,265.58341750028177,0,1,0,2,351,1.0,5,0.0,0
2026-05-08 16:47:00+00:00,2761.580194316095,0,2,0,2,251,1.0,5,0.5,0
2026-05-08 18:05:00+00:00,1424.0128253377356,1,3,0,2,165,2.485678276011395,3,0.6666666666666666,1
2026-05-08 19:34:00+00:00,1581.1706504408285,0,2,0,2,357,2.6390816780357897,2,0.5,0
2026-05-08 19:44:00+00:00,707.9785783051392,0,1,0,0,262,1.0,4,0.0,0
2026-05-08 19:54:00+00:00,328.25197243959076,0,1,0,1,298,0.649333793710564,1,0.0,0
2026-05-08 19:58:00+00:00,1501.761610598067,0,2,2,4,358,1.0685061286943653,6,0.5,0
2026-05-08 20:07:00+00:00,543.7868778831556,1,1,0,0,129,1.0,2,0.0,0
2026-05-08 20:19:00+00:00,378.69444017974115,0,1,0,1,172,0.5247705398399576,4,0.0,0
2026-05-08 20:20:00+00:00,214.81550380483435,0,1,0,2,242,0.37895709484,5,0.0,0
2026-05-08 22:33:00+00:00,437.4918688026572,1,1,0,2,157,1.0,4,0.0,0
2026-05-08 22:45:00+00:00,1119.2370505232939,1,1,0,0,294,1.0,3,0.0,0
2026-05-09 00:54:00+00:00,891.5858066274604,0,1,0,1,144,0.43065114657334463,3,0.0,0
2026-05-09 01:01:00+00:00,207.80377364388062,1,1,0,2,70,0.20659294670182812,5,0.0,0
2026-05-09 01:04:00+00:00,2345.4608185385237,1,1,0,0,303,1.0,4,0.0,0
2026-05-09 01:22:00+00:00,439.5216617652677,1,1,0,0,233,1.0,4,0.0,0
2026-05-09 01:23:00+00:00,777.646291147516,0,1,0,1,22,1.1241369773311587,4,0.0,0
2026-05-09 01:43:00+00:00,339.9355880227223,0,2,0,0,41,0.30008814676543943,2,0.5,0
2026-05-09 02:16:00+00:00,446.7242504292114,1,1,0,2,113,0.8239201611582583,4,0.0,0
2026-05-09 02:26:00+00:00,530.5403613867954,1,1,0,0,118,1.0,4,0.0,0
2026-05-09 02:42:00+00:00,259.6287236364211,0,1,0,0,55,0.19837882914028068,4,0.0,0
2026-05-09 02:44:00+00:00,217.6627794328212,0,1,0,0,176,0.2649643009761335,5,0.0,0
2026-05-09 03:14:00+00:00,170.18946099642224,0,1,0,2,32,0.27036875407106437,4,0.0,0
2026-05-09 03:35:00+00:00,1680.1713243988497,0,1,0,1,51,4.6379675336679105,3,0.0,0
2026-05-09 03:44:00+00:00,73.77768638329876,1,1,0,2,131,0.1367552324861138,4,0.0,0
2026-05-09 05:06:00+00:00,495.1852299580438,1,2,0,2,49,1.0,5,0.5,0
2026-05-09 07:10:00+00:00,26.262130846389,0,1,0,2,183,0.041653958284280757,3,0.0,0
2026-05-09 07:39:00+00:00,1376.0775495543257,0,1,0,0,332,1.9623549950982384,4,0.0,0
2026-05-09 08:11:00+00:00,2322.9361228952985,0,1,0,1,214,3.5385767868452054,6,0.0,1
2026-05-09 08:44:00+00:00,225.1060582088735,0,1,0,1,306,0.2302733699098001,5,0.0,0
2026-05-09 09:15:00+00:00,989.661590771466,0,1,0,1,205,1.0,7,0.0,0
2026-05-09 13:51:00+00:00,660.396554004774,0,1,1,4,93,0.5961891125212277,5,0.0,1
2026-05-09 14:05:00+00:00,938.8372213552947,0,1,0,1,339,1.0,2,0.0,0
2026-05-09 14:09:00+00:00,668.600747746541,1,1,0,1,100,0.6799124777938471,5,0.0,0
2026-05-09 14:34:00+00:00,666.7978820067722,0,1,0,0,172,0.7035749594092122,5,0.0,0
2026-05-09 15:01:00+00:00,1612.5165128766037,0,1,0,1,292,1.6446968741341035,5,0.0,0
2026-05-09 15:52:00+00:00,91.8891261240632,0,1,1,4,42,0.07204919196425075,5,0.0,1
2026-05-09 17:00:00+00:00,218.93009225195922,1,1,0,0,83,1.0,3,0.0,0
2026-05-09 17:34:00+00:00,527.785198142665,1,1,0,2,82,0.837071785861214,7,0.0,0
2026-05-09 17:38:00+00:00,690.8138406679254,0,4,0,3,356,1.1779569276983268,5,0.75,0
2026-05-09 17:48:00+00:00,210.75072185731375,0,1,0,1,237,1.0,4,0.0,0
2026-05-09 20:21:00+00:00,212.62277853164852,1,1,0,1,302,0.35575936231163624,4,0.0,0
2026-05-09 20:30:00+00:00,245.74231035657198,0,1,0,1,253,0.6453388474679003,4,0.0,0
2026-05-09 21:45:00+00:00,1348.8148727226062,0,1,0,3,290,1.37586341872792,5,0.0,0
2026-05-09 21:59:00+00:00,697.2224014622942,1,1,0,0,152,0.3959408282865572,6,0.0,0
2026-05-10 00:22:00+00:00,172.61814612358208,0,1,0,0,266,0.3858797656484377,3,0.0,0
2026-05-10 00:24:00+00:00,337.3131083851038,0,1,0,2,132,1.0,4,0.0,0
2026-05-10 02:37:00+00:00,792.8215843910446,0,1,0,0,63,1.1310069795031104,3,0.0,0
2026-05-10 03:24:00+00:00,285.9688720116502,0,1,0,0,82,0.2175025415713101,4,0.0,0
2026-05-10 04:23:00+00:00,1511.035793103829,0,1,0,0,175,1.0,4,0.0,0
2026-05-10 05:01:00+00:00,653.6785562901297,0,1,0,1,238,0.526058318979034,5,0.0,0
2026-05-10 05:33:00+00:00,268.67105417936256,0,1,0,2,83,1.0,3,0.0,0
2026-05-10 05:38:00+00:00,1779.516505974693,1,1,0,1,282,1.0,5,0.0,0
2026-05-10 06:21:00+00:00,276.47061190744984,1,1,0,0,3,0.4909793934457372,4,0.0,0
2026-05-10 08:00:00+00:00,1045.5065712704416,0,2,0,1,151,2.0846058164529513,3,0.5,0
2026-05-10 08:16:00+00:00,529.492838383827,0,1,0,4,86,0.980641660374969,3,0.0,1
2026-05-10 08:38:00+00:00,406.4616180002771,1,1,0,3,91,0.4557340649952154,2,0.0,0
2026-05-10 08:52:00+00:00,282.23865717557476,1,1,0,1,234,0.6380380490729803,1,0.0,0
2026-05-10 09:21:00+00:00,2364.5967996164068,1,2,0,0,148,1.9101044366771045,4,0.5,1
2026-05-10 09:39:00+00:00,129.27132307524283,1,1,0,0,238,0.30429099024503165,7,0.0,1
2026-05-10 09:51:00+00:00,148.459512865896,0,1,0,0,244,0.2735941954689853,2,0.0,0
2026-05-10 09:56:00+00:00,8891.028775799328,0,1,0,0,364,9.546021399620495,6,0.0,0
2026-05-10 10:08:00+00:00,122.75303731190304,0,2,0,2,170,1.0,8,0.5,0
2026-05-10 10:21:00+00:00,1579.0336767896038,0,1,0,1,162,1.5283735142426782,4,0.0,0
2026-05-10 10:24:00+00:00,568.972495937771,0,1,0,0,135,0.6856489570155834,4,0.0,0
2026-05-10 11:23:00+00:00,438.4936092628021,1,1,0,2,68,0.7817807780160693,6,0.0,0
2026-05-10 12:13:00+00:00,1474.7758845516191,0,1,0,1,64,1.428061947650373,8,0.0,0
2026-05-10 13:44:00+00:00,286.3231072028585,0,1,0,0,186,0.19674302128939428,3,0.0,0
2026-05-10 14:26:00+00:00,445.68671468763256,0,2,0,2,335,0.9136776887408333,4,0.5,0
2026-05-10 14:33:00+00:00,608.050273212634,0,1,0,1,79,0.9773021157677205,4,0.0,0
2026-05-10 15:31:00+00:00,320.06090492016244,1,1,0,1,173,0.28988687996807233,3,0.0,0
2026-05-10 15:57:00+00:00,3548.299851636029,0,1,0,1,314,3.7060476407955143,5,0.0,0
2026-05-10 16:00:00+00:00,469.37424270559967,1,1,0,1,223,1.0,5,0.0,0
2026-05-10 16:20:00+00:00,238.5804800726389,1,1,0,1,19,0.11713898695148986,3,0.0,0
2026-05-10 16:50:00+00:00,4510.612052560476,0,1,0,2,202,4.938625749625622,2,0.0,0
2026-05-10 17:26:00+00:00,2455.066220977702,1,2,0,0,79,2.3163880061795665,5,0.5,1
2026-05-10 17:43:00+00:00,189.52406234856159,0,1,0,0,177,1.0,4,0.0,0
2026-05-10 17:53:00+00:00,235.32499344157415,0,1,0,2,201,0.2075430467467762,6,0.0,0
2026-05-10 18:03:00+00:00,463.8394153461689,0,1,0,0,115,1.0,3,0.0,0
2026-05-10 19:07:00+00:00,151.57230482608375,1,1,0,1,188,0.2730243907287297,6,0.0,0
2026-05-10 19:44:00+00:00,93.77516652568667,0,1,0,2,56,0.08071826143901999,3,0.0,0
2026-05-10 19:50:00+00:00,2743.7094576660647,0,1,0,0,102,1.0,3,0.0,0
2026-05-10 20:27:00+00:00,549.2081587587973,0,1,0,0,179,0.5903225019655444,3,0.0,1
2026-05-10 20:34:00+00:00,239.14665702068444,1,1,0,3,136,1.0,2,0.0,0
2026-05-10 21:15:00+00:00,454.87714259647214,1,1,0,3,299,0.9758449167119195,6,0.0,0
2026-05-10 21:43:00+00:00,493.48223739834845,0,4,0,1,204,0.6138921422802963,4,0.75,0
2026-05-10 22:36:00+00:00,3618.290641237784,0,2,0,2,215,2.134648846993965,3,0.5,0
2026-05-10 22:45:00+00:00,1153.9906773769094,0,1,0,0,332,1.0,3,0.0,0
2026-05-10 22:55:00+00:00,923.5374663524135,0,2,0,3,312,1.7165181714412565,3,0.5,0
2026-05-10 23:23:00+00:00,732.1588827595074,1,1,0,2,331,1.0,2,0.0,0
2026-05-10 23:27:00+00:00,606.3332678966448,1,1,0,1,36,1.8632055447887053,7,0.0,0
2026-05-10 23:47:00+00:00,365.8902189047762,0,1,0,1,201,0.49927129740770393,6,0.0,0
2026-05-11 00:10:00+00:00,658.7106113430773,1,2,0,1,203,0.8861826813391618,2,0.5,0
2026-05-11 00:23:00+00:00,811.7646476133025,0,1,0,1,249,1.0,3,0.0,0
2026-05-11 00:56:00+00:00,257.87302854054997,1,1,0,0,359,0.29244022252166696,7,0.0,0
2026-05-11 01:19:00+00:00,405.2476399898259,0,1,0,2,9,1.0,5,0.0,0
2026-05-11 03:48:00+00:00,204.08472148806777,0,2,0,1,361,0.15277927727806034,2,0.5,0
2026-05-11 03:55:00+00:00,835.0753155386218,0,1,0,1,18,0.7159347579147295,2,0.0,0
2026-05-11 04:10:00+00:00,976.2412108660031,0,1,0,0,123,1.0,5,0.0,0
2026-05-11 04:24:00+00:00,209.22451862268866,0,1,0,0,70,1.0,7,0.0,0
2026-05-11 04:46:00+00:00,596.0118964452035,1,2,0,1,219,1.0,2,0.5,0
2026-05-11 05:35:00+00:00,2537.446430169202,0,2,0,2,315,2.504547920375209,7,0.5,0
2026-05-11 06:03:00+00:00,152.9804382961615,1,1,0,0,30,1.0,3,0.0,0
2026-05-11 06:38:00+00:00,293.82067410329836,0,1,0,0,137,1.0,4,0.0,0
2026-05-11 06:44:00+00:00,770.9067148447645,0,1,0,0,329,1.9108846970864706,3,0.0,0
2026-05-11 07:08:00+00:00,455.6587624717098,0,1,0,0,27,1.0,5,0.0,0
2026-05-11 07:24:00+00:00,1240.0029680279997,0,1,0,2,279,1.004646419322364,6,0.0,0
2026-05-11 07:26:00+00:00,4295.668130860988,0,3,0,0,348,5.619135468859099,6,0.6666666666666666,0
2026-05-11 07:27:00+00:00,680.7477334178379,0,2,0,0,245,0.4389260535937335,3,0.5,0
2026-05-11 07:35:00+00:00,554.2207697129456,0,1,0,0,319,0.8602352108098303,3,0.0,0
2026-05-11 08:30:00+00:00,1152.7762640913181,0,1,0,3,280,1.0,5,0.0,0
2026-05-11 09:31:00+00:00,590.2877100268269,1,1,0,2,344,1.0,1,0.0,0
2026-05-11 10:05:00+00:00,588.7632674679182,0,1,1,6,200,0.37177804005352644,2,0.0,0
2026-05-11 10:40:00+00:00,73.87239597021592,0,1,0,1,127,1.0,3,0.0,0
2026-05-11 11:17:00+00:00,429.0837220746082,0,1,0,0,197,0.45350011313721234,9,0.0,0
2026-05-11 12:01:00+00:00,159.49316769012214,0,1,0,1,279,0.1435336973283012,4,0.0,0
2026-05-11 12:14:00+00:00,89.19754789442314,0,1,0,3,299,0.08399091966362739,5,0.0,0
2026-05-11 12:34:00+00:00,930.2879507080008,0,1,0,2,298,1.0,3,0.0,0
2026-05-11 12:44:00+00:00,1303.6265311609325,0,1,0,1,120,1.5620669747633582,3,0.0,0
2026-05-11 12:45:00+00:00,816.4510219788517,1,4,0,1,362,1.2414264906272203,3,0.75,0
2026-05-11 13:34:00+00:00,596.1636805427667,0,1,0,2,200,0.8799216099278623,6,0.0,0
2026-05-11 14:17:00+00:00,1031.2877096640186,1,1,0,2,15,1.0806610194452109,3,0.0,1
2026-05-11 14:29:00+00:00,1236.6198638558749,0,1,0,2,236,1.9661517617752822,6,0.0,0
2026-05-11 14:48:00+00:00,1964.624552519138,0,1,0,1,145,3.3175104891846385,3,0.0,0
2026-05-11 15:04:00+00:00,487.0991186989749,0,1,0,2,359,0.45910159686797153,4,0.0,0
2026-05-11 16:46:00+00:00,382.6464555386094,0,1,0,0,186,0.5569990011247433,4,0.0,0
2026-05-11 16:50:00+00:00,466.40378775512085,0,1,0,1,347,0.5027151726281595,2,0.0,0
2026-05-11 17:01:00+00:00,3413.7698181623728,0,1,0,3,337,4.260005382674168,5,0.0,1
2026-05-11 17:42:00+00:00,298.3990511253903,0,1,2,1,239,0.7687269286606746,3,0.0,1
2026-05-11 17:59:00+00:00,1716.7963294652936,0,4,0,1,356,2.61405627090556,8,0.75,0
2026-05-11 18:17:00+00:00,533.4817167173068,0,2,0,1,326,1.4446986683966359,2,0.5,0
2026-05-11 18:25:00+00:00,411.7515217847543,0,1,0,4,143,1.0,3,0.0,0
2026-05-11 18:57:00+00:00,94.48279974227691,1,1,0,1,325,0.13698698921049646,3,0.0,0
2026-05-11 19:52:00+00:00,93.05284140734722,0,4,0,2,362,0.0787992873820685,8,0.75,0
2026-05-11 20:56:00+00:00,623.9740265001204,0,1,0,1,168,1.1469771864782146,3,0.0,0
2026-05-11 21:07:00+00:00,884.6413389787466,0,1,0,2,145,1.3247706180415257,3,0.0,0
2026-05-11 21:27:00+00:00,155.74969785529623,0,1,0,0,302,0.20515240179507568,2,0.0,0
2026-05-11 21:29:00+00:00,363.6284551844432,0,1,0,3,123,1.0,6,0.0,0
2026-05-11 21:30:00+00:00,253.2869680702848,1,1,0,2,275,0.38324811715560586,5,0.0,0
2026-05-11 21:45:00+00:00,678.6005162249609,0,1,0,1,63,0.7381945478064842,6,0.0,0
2026-05-11 23:49:00+00:00,219.62938304997562,1,2,0,1,353,0.2600761805427757,2,0.5,0
2026-05-12 00:04:00+00:00,263.77487602799357,0,1,0,1,177,0.2146800039442408,3,0.0,0
2026-05-12 00:34:00+00:00,554.1349536140465,0,1,0,2,340,1.028720405412339,3,0.0,0
2026-05-12 01:04:00+00:00,329.7791140370362,0,1,0,1,236,1.0,4,0.0,0
2026-05-12 01:26:00+00:00,1644.542875858535,1,1,0,0,290,3.1427844329002954,5,0.0,1
2026-05-12 01:28:00+00:00,1107.310490835779,1,1,0,1,249,3.020130828492895,4,0.0,0
2026-05-12 01:51:00+00:00,768.378561434551,1,2,0,2,235,0.5500038535026321,1,0.5,0
2026-05-12 02:28:00+00:00,1184.0164793968702,0,1,0,1,36,1.0,2,0.0,0
2026-05-12 02:39:00+00:00,565.6301327530474,0,1,0,0,265,0.46097011594283227,2,0.0,0
2026-05-12 03:27:00+00:00,1541.2454935100113,0,1,0,1,182,1.0,4,0.0,0
2026-05-12 03:48:00+00:00,1864.7072023517476,0,1,0,0,88,2.392209035392197,3,0.0,0
2026-05-12 03:54:00+00:00,75.08879258722904,0,1,0,0,13,0.10812288243577642,4,0.0,0
2026-05-12 04:49:00+00:00,162.31197057987498,0,1,0,2,193,0.43956210761488346,5,0.0,0
2026-05-12 04:58:00+00:00,72.44063019498472,0,1,0,3,67,0.11739775004688961,4,0.0,0
2026-05-12 05:52:00+00:00,250.35534153171827,0,4,0,0,75,0.4942503360383773,4,0.75,0
2026-05-12 06:04:00+00:00,29.360997773720264,0,1,0,1,41,0.026028044168697393,4,0.0,0
2026-05-12 06:52:00+00:00,608.2191845555008,0,1,0,4,320,1.0,5,0.0,0
2026-05-12 07:13:00+00:00,149.7288849430792,1,1,0,0,329,0.19488003287129974,3,0.0,0
2026-05-12 07:29:00+00:00,1661.6724746998168,0,2,1,2,343,2.6108858506313872,2,0.5,0
2026-05-12 07:43:00+00:00,472.2388448341019,0,2,0,1,243,0.3712699901473621,4,0.5,0
2026-05-12 08:03:00+00:00,389.333539663256,0,1,0,0,83,1.0,4,0.0,0
2026-05-12 08:19:00+00:00,155.7325364177503,1,1,0,2,43,1.0,4,0.0,0
2026-05-12 08:19:00+00:00,160.2525243891172,1,1,0,4,0,1.0,5,0.0,0
2026-05-12 08:47:00+00:00,6484.750051021887,0,2,0,0,48,6.549024292363345,3,0.5,0
2026-05-12 09:36:00+00:00,368.80614342136846,0,1,0,2,117,0.29882201095399386,3,0.0,0
2026-05-12 11:23:00+00:00,480.13547554624733,1,1,0,0,23,0.8683561414357587,4,0.0,0
2026-05-12 11:27:00+00:00,677.3643759253633,0,1,1,3,202,0.5089599460801312,6,0.0,1
2026-05-12 11:40:00+00:00,509.1901312022847,0,2,0,0,36,1.0,2,0.5,0
2026-05-12 12:40:00+00:00,43.17250778245345,1,4,0,4,219,0.03143420485678419,4,0.75,0
2026-05-12 12:47:00+00:00,404.74354688946084,0,2,0,0,131,0.6372782978387133,2,0.5,0
2026-05-12 13:00:00+00:00,2864.417382073756,0,2,0,2,247,1.0,6,0.5,0
2026-05-12 14:38:00+00:00,502.57871716584,0,1,0,3,346,0.9922962755504385,2,0.0,0
2026-05-12 16:07:00+00:00,683.7564648264464,1,2,0,2,193,1.1014826825776973,2,0.5,0
2026-05-12 16:37:00+00:00,77.2990378416436,0,1,0,3,128,0.06846558111174722,3,0.0,0
2026-05-12 16:48:00+00:00,203.6700915310884,0,1,0,0,64,0.1370181899107922,2,0.0,0
2026-05-12 16:51:00+00:00,274.3875437327344,0,1,0,0,162,0.7264077891193288,7,0.0,0
2026-05-12 17:39:00+00:00,1240.956236056891,0,1,0,2,135,1.3774527967611203,2,0.0,0
2026-05-12 18:08:00+00:00,852.5948471622162,0,4,0,0,37,0.5396000554493514,3,0.75,0
2026-05-12 18:53:00+00:00,3090.9923521047212,1,3,0,0,57,3.0993512561111083,7,0.6666666666666666,1
2026-05-12 19:04:00+00:00,395.88850203520286,0,1,0,1,208,0.5011370053977067,5,0.0,0
2026-05-12 19:07:00+00:00,1561.9951202411573,0,1,0,1,72,2.1929019901731626,2,0.0,0
2026-05-12 19:46:00+00:00,246.7418794981859,0,1,0,1,107,0.5176188786807272,3,0.0,0
2026-05-12 21:21:00+00:00,71.81161469488725,0,1,0,1,56,1.0,5,0.0,0
2026-05-12 21:33:00+00:00,413.9197085445144,1,1,0,0,6,0.42146122862092883,2,0.0,0
2026-05-12 21:37:00+00:00,299.13255164508604,0,1,0,2,11,0.6384153197285459,3,0.0,0
2026-05-12 22:13:00+00:00,1643.1864341806686,0,2,0,1,271,1.111727025374267,6,0.5,0
2026-05-12 22:17:00+00:00,870.8901189006494,1,1,0,0,309,1.0,5,0.0,0
2026-05-12 23:23:00+00:00,260.6438906056546,1,1,0,1,224,0.2541677455397332,4,0.0,0
2026-05-13 00:13:00+00:00,810.6353816159556,0,1,0,1,202,0.6696353447646558,1,0.0,0
2026-05-13 00:41:00+00:00,536.9492090215805,0,1,0,1,312,0.673169415654693,7,0.0,0
2026-05-13 00:48:00+00:00,642.931928919352,0,1,0,0,2,0.7232000931783713,6,0.0,0
2026-05-13 00:55:00+00:00,60.14072838568073,0,1,0,0,123,0.057402737562956,4,0.0,0
2026-05-13 01:27:00+00:00,238.63017300003764,1,2,0,2,2,0.3736550923541623,6,0.5,0
2026-05-13 01:55:00+00:00,1634.630510650047,0,1,0,0,35,1.0,4,0.0,0
2026-05-13 02:37:00+00:00,465.83114372701795,1,1,0,2,198,1.0,3,0.0,0
2026-05-13 02:46:00+00:00,996.9634553554989,0,1,0,0,358,0.9978914979899864,5,0.0,0
2026-05-13 03:11:00+00:00,926.7370686605007,0,1,0,2,48,1.1032898070951074,4,0.0,1
2026-05-13 03:19:00+00:00,2361.408402706624,0,1,0,2,102,3.460098912813511,2,0.0,0
2026-05-13 03:25:00+00:00,234.39112862645692,0,1,0,1,146,0.15500435262671358,4,0.0,0
2026-05-13 04:06:00+00:00,519.0910101410612,0,1,0,2,47,0.7658481926237501,3,0.0,0
2026-05-13 04:27:00+00:00,293.12640710450074,0,2,0,2,204,0.43839722663663055,4,0.5,0
2026-05-13 04:39:00+00:00,155.59575153611547,1,2,0,0,129,1.0,7,0.5,0
2026-05-13 06:15:00+00:00,630.7290093046479,0,2,0,1,236,1.0,3,0.5,0
2026-05-13 06:31:00+00:00,1108.752708222315,0,1,0,0,215,1.2119725032061563,6,0.0,0
2026-05-13 07:45:00+00:00,276.324994830129,0,1,0,1,28,0.43105612835654433,4,0.0,0
2026-05-13 07:46:00+00:00,655.3397826766711,0,1,0,1,89,1.0,5,0.0,0
2026-05-13 10:26:00+00:00,779.6771396040582,0,1,0,0,338,1.2498329173194764,7,0.0,0
2026-05-13 10:27:00+00:00,801.2316383792312,0,2,0,0,32,1.5309014889729369,4,0.5,0
2026-05-13 10:30:00+00:00,697.4112565794517,0,1,0,3,80,0.529411943542114,5,0.0,0
2026-05-13 10:35:00+00:00,1096.890213420759,0,1,0,0,224,1.0,5,0.0,0
2026-05-13 11:26:00+00:00,584.5105819967206,0,3,0,0,78,0.919608000130027,6,0.6666666666666666,0
2026-05-13 11:52:00+00:00,245.68837096291006,1,1,0,1,211,0.17105818043087992,2,0.0,0
2026-05-13 13:01:00+00:00,397.3906739703249,0,1,0,0,310,0.3527246978811152,4,0.0,0
2026-05-13 13:08:00+00:00,537.8770502423174,0,3,0,2,321,1.0,8,0.6666666666666666,1
2026-05-13 13:52:00+00:00,530.1864904675477,0,1,0,0,128,0.7773918992113927,3,0.0,0
2026-05-13 14:00:00+00:00,3027.8796875892745,1,1,0,1,130,2.984199715721201,3,0.0,0
2026-05-13 14:12:00+00:00,913.9774244875787,0,1,0,0,215,1.0,6,0.0,0
2026-05-13 14:24:00+00:00,309.40100609611915,0,1,0,0,282,0.47380142532176805,6,0.0,0
2026-05-13 15:27:00+00:00,119.45717996339255,1,1,0,1,139,0.09383458574418455,5,0.0,0
2026-05-13 16:11:00+00:00,90.82454257508785,0,1,0,0,257,0.24829706217631292,7,0.0,0
2026-05-13 16:36:00+00:00,107.68078565225254,0,1,0,1,137,1.0,3,0.0,0
2026-05-13 16:42:00+00:00,150.56079802312036,0,1,2,3,286,0.17871742819894842,6,0.0,1
2026-05-13 16:43:00+00:00,4213.049486227015,0,1,0,2,281,8.636283802934571,7,0.0,0
2026-05-13 18:12:00+00:00,1426.3698536138568,0,1,0,1,303,0.8981252842093684,2,0.0,0
2026-05-13 18:15:00+00:00,849.9057516068558,1,1,0,2,129,0.47677693016847666,4,0.0,0
2026-05-13 18:24:00+00:00,736.0324064631818,1,1,0,4,142,1.0,3,0.0,0
2026-05-13 18:36:00+00:00,815.5235772458432,0,1,0,1,192,0.9038128073378021,7,0.0,0
2026-05-13 19:12:00+00:00,3479.4357734694927,1,1,0,2,77,1.0,3,0.0,0
2026-05-13 20:05:00+00:00,1598.418048490247,1,1,0,1,44,1.2995953737216328,3,0.0,0
2026-05-13 20:23:00+00:00,497.8659742876895,1,1,0,1,354,0.6866657652548697,3,0.0,0
2026-05-13 20:33:00+00:00,28.72218517263509,0,1,0,1,49,0.04190368271342008,3,0.0,0
2026-05-13 20:55:00+00:00,263.7394459829047,1,4,0,0,288,0.17167304020452714,4,0.75,1
2026-05-13 21:09:00+00:00,2190.328742742582,0,1,0,0,32,1.0,4,0.0,0
2026-05-13 21:35:00+00:00,387.1861520309126,1,3,0,2,118,0.6516176005668471,4,0.6666666666666666,0
2026-05-13 21:47:00+00:00,311.595115629373,0,1,0,0,364,0.4176864030698163,4,0.0,0
2026-05-13 22:20:00+00:00,273.80436889474237,1,1,0,0,209,0.20848859184014795,4,0.0,0
2026-05-13 22:44:00+00:00,492.43293074145413,0,1,0,1,264,0.5127899779777186,3,0.0,0
2026-05-13 23:15:00+00:00,1521.2002894395814,0,1,0,2,288,2.9657859626564846,1,0.0,0
2026-05-13 23:20:00+00:00,474.6716815831245,1,1,0,0,87,0.6572589652276035,2,0.0,0
2026-05-14 01:11:00+00:00,1541.5789742843197,0,1,0,2,209,2.937553945171635,6,0.0,0
2026-05-14 01:54:00+00:00,3434.496545467431,0,1,0,0,166,1.0,3,0.0,0
2026-05-14 03:03:00+00:00,1315.636694020232,0,1,0,2,16,1.2268992449599325,7,0.0,0
2026-05-14 03:58:00+00:00,835.3683389471047,1,1,0,2,161,0.6328943892212401,2,0.0,0
2026-05-14 03:58:00+00:00,837.5115397869099,0,1,0,0,320,1.0357889229351889,3,0.0,0
2026-05-14 04:15:00+00:00,292.1212803585888,0,1,0,1,31,1.0,3,0.0,0
2026-05-14 04:31:00+00:00,1804.8057473135102,1,1,0,1,177,2.4681898625573786,5,0.0,0
2026-05-14 04:52:00+00:00,781.7028823837894,0,1,0,1,24,2.2459851744759787,1,0.0,0
2026-05-14 05:04:00+00:00,1305.8144694364612,1,1,0,0,32,1.6337855547559559,3,0.0,0
2026-05-14 05:10:00+00:00,1489.9416192614626,0,1,0,1,357,1.5077669242571696,10,0.0,0
2026-05-14 05:28:00+00:00,278.58697735106136,0,3,0,1,238,1.0,1,0.6666666666666666,0
2026-05-14 06:16:00+00:00,990.3644491570004,0,2,0,2,9,0.7287674724435751,6,0.5,0
2026-05-14 07:22:00+00:00,359.64662855375417,1,1,0,1,205,0.38624979860392633,4,0.0,0
2026-05-14 07:56:00+00:00,266.1089944273328,0,1,0,1,96,1.0,5,0.0,0
2026-05-14 08:03:00+00:00,1654.328537158408,1,1,0,1,202,1.0,3,0.0,0
2026-05-14 08:29:00+00:00,1651.1380800565555,0,1,0,2,175,1.0,2,0.0,0
2026-05-14 09:10:00+00:00,735.2887893642032,0,1,0,1,72,0.755368275414198,7,0.0,0
2026-05-14 09:21:00+00:00,1168.899899543528,0,1,0,1,300,5.385731109305559,3,0.0,0
2026-05-14 10:01:00+00:00,392.934908780975,0,2,0,0,106,0.27560511206364535,2,0.5,0
2026-05-14 10:27:00+00:00,892.9846408600707,0,1,2,3,60,1.1324946555593172,4,0.0,1
2026-05-14 10:30:00+00:00,1927.4423782578215,1,1,0,2,360,1.956505026600787,4,0.0,0
2026-05-14 10:34:00+00:00,299.9561518688785,0,1,0,1,136,0.4571826811076942,3,0.0,0
2026-05-14 11:00:00+00:00,884.9198816500225,0,1,0,1,11,1.0,4,0.0,0
2026-05-14 11:12:00+00:00,467.4634929296107,0,1,0,0,145,0.6699727881355357,8,0.0,0
2026-05-14 11:34:00+00:00,845.7777021343768,0,2,0,1,67,1.2137452132565287,4,0.5,0
2026-05-14 13:17:00+00:00,777.1244631954789,0,1,0,2,73,2.316151874056408,4,0.0,0
2026-05-14 13:19:00+00:00,289.04891211443476,0,1,0,1,40,0.2913887859605161,3,0.0,0
2026-05-14 14:16:00+00:00,276.3968312242195,1,2,0,0,97,0.2607690624494076,3,0.5,0
2026-05-14 15:33:00+00:00,795.3931487497631,0,1,0,2,141,1.9174107177918422,5,0.0,0
2026-05-14 15:38:00+00:00,738.882448528572,0,2,0,0,301,0.6409148875397416,4,0.5,0
2026-05-14 15:48:00+00:00,139.4351521167623,0,1,0,2,85,0.2244058693920649,7,0.0,0
2026-05-14 16:05:00+00:00,1210.3063786051016,0,2,0,0,327,2.9657748830144066,6,0.5,0
2026-05-14 16:26:00+00:00,1716.9272653254086,0,1,0,0,294,0.8772840248514334,3,0.0,0
2026-05-14 16:32:00+00:00,244.2159262334402,0,1,1,3,293,0.42608624657408783,4,0.0,0
2026-05-14 16:57:00+00:00,668.4197584540566,0,1,0,0,240,1.0,6,0.0,0
2026-05-14 17:33:00+00:00,415.865662756887,1,3,0,1,48,0.48228631084956497,5,0.6666666666666666,1
2026-05-14 17:53:00+00:00,873.8627542737181,0,1,0,1,40,1.142219574539547,5,0.0,0
2026-05-14 18:08:00+00:00,3442.8397818100457,0,1,0,1,150,9.178696893118794,3,0.0,0
2026-05-14 18:56:00+00:00,297.78762433436833,1,1,0,0,247,0.17143411038271178,6,0.0,0
2026-05-14 19:00:00+00:00,3783.507518788492,1,1,0,0,279,2.6502780766924876,6,0.0,0
2026-05-14 19:39:00+00:00,211.8870552895259,0,1,0,0,296,1.0,2,0.0,0
2026-05-14 19:54:00+00:00,313.61792645084756,1,1,0,0,129,0.4368288027479269,4,0.0,0
2026-05-14 19:58:00+00:00,313.73009518070546,0,1,0,0,317,1.0,3,0.0,0
2026-05-14 21:23:00+00:00,1413.9396859204055,0,1,1,1,296,1.470847154090871,6,0.0,0
2026-05-14 21:36:00+00:00,386.8645785569621,1,1,0,2,47,0.4167927512295166,4,0.0,0
2026-05-14 21:48:00+00:00,1519.3588725346783,1,1,0,1,229,1.7778409084833207,4,0.0,0
2026-05-14 21:48:00+00:00,1162.145302552181,0,1,0,1,93,0.8165151307165355,4,0.0,0
2026-05-14 22:20:00+00:00,618.7899410249269,0,3,0,0,151,1.0,5,0.6666666666666666,0
2026-05-14 22:39:00+00:00,872.9052784252588,0,1,0,0,154,0.8649222007751274,3,0.0,0
2026-05-14 22:48:00+00:00,1822.4232698113226,0,1,1,6,85,2.1389284001273827,2,0.0,1
2026-05-14 22:58:00+00:00,763.4565846044449,1,1,0,3,104,2.2567888930552984,6,0.0,1
2026-05-14 23:33:00+00:00,488.8558279462277,1,1,0,1,87,0.3845925131163413,2,0.0,0
2026-05-14 23:41:00+00:00,136.02779118500817,0,1,0,1,139,0.06965953175066568,2,0.0,0
2026-05-15 00:11:00+00:00,309.7391684803791,0,1,0,0,171,0.3936525347827433,2,0.0,0
2026-05-15 00:30:00+00:00,473.5441964673099,1,1,0,1,71,0.26854783128314513,6,0.0,0
2026-05-15 00:34:00+00:00,362.09066944304277,1,1,0,0,230,0.5461623851335168,12,0.0,0
2026-05-15 01:01:00+00:00,579.0007007991336,1,1,0,0,83,0.6113775229559301,7,0.0,0
2026-05-15 01:49:00+00:00,1904.08906666536,0,1,0,1,354,2.129907981034595,5,0.0,0
2026-05-15 01:55:00+00:00,227.52337478072081,1,1,0,0,89,0.17239759196993715,3,0.0,0
2026-05-15 02:00:00+00:00,797.7847343364224,0,1,0,0,327,1.0,2,0.0,0
2026-05-15 02:38:00+00:00,107.11989517028479,0,1,0,1,81,1.0,1,0.0,0
2026-05-15 04:26:00+00:00,225.78532997108044,0,1,0,0,358,0.4004184400888259,2,0.0,0
2026-05-15 04:42:00+00:00,3140.637855846169,0,1,0,0,286,2.785656538674157,2,0.0,0
2026-05-15 04:59:00+00:00,765.2648494335783,0,1,0,1,59,1.2774956869665581,6,0.0,0
2026-05-15 05:23:00+00:00,77.40853938853594,0,1,0,1,256,0.08549609416509854,3,0.0,0
2026-05-15 07:12:00+00:00,453.5897052452347,1,1,0,1,160,1.0,4,0.0,0
2026-05-15 07:55:00+00:00,179.74157578135947,0,1,0,0,117,1.0,3,0.0,0
2026-05-15 08:41:00+00:00,200.795510768946,1,1,0,3,110,1.0,3,0.0,0
2026-05-15 09:10:00+00:00,349.693768290884,0,1,0,0,26,0.4407847501158226,6,0.0,0
2026-05-15 10:27:00+00:00,184.64958765208377,0,1,0,0,216,0.2693782009086873,6,0.0,0
2026-05-15 10:36:00+00:00,807.4349150087321,0,1,0,2,143,0.689461346085651,4,0.0,0
2026-05-15 11:04:00+00:00,809.979011697442,0,2,0,2,25,0.7989856595550661,6,0.5,0
2026-05-15 11:26:00+00:00,703.4178681373967,1,1,0,0,240,0.6147643211909954,5,0.0,0
2026-05-15 12:11:00+00:00,421.22696214936894,1,2,0,0,228,1.0,2,0.5,0
2026-05-15 12:29:00+00:00,575.9780228479042,0,1,0,1,49,1.1154822766314312,3,0.0,0
2026-05-15 12:38:00+00:00,302.41363465617303,0,1,0,0,356,1.0,5,0.0,0
2026-05-15 12:45:00+00:00,1769.4037521190326,0,2,0,0,107,1.0,3,0.5,0
2026-05-15 13:12:00+00:00,1820.6824369777064,0,1,0,0,277,4.307951906593314,4,0.0,0
2026-05-15 13:43:00+00:00,839.1968232749314,0,1,0,0,301,0.9024831691281453,5,0.0,0
2026-05-15 14:39:00+00:00,1747.526517575552,0,1,0,0,190,2.5531845125241768,2,0.0,0
2026-05-15 16:08:00+00:00,1543.2124873754199,0,2,1,2,287,1.0,6,0.5,0
2026-05-15 16:26:00+00:00,1240.7401885376398,0,3,0,0,329,1.903318240947649,5,0.6666666666666666,0
2026-05-15 17:04:00+00:00,48.596137008006835,1,2,0,1,306,0.09344050679667945,4,0.5,1
2026-05-15 17:47:00+00:00,105.73929014735499,0,1,0,0,12,0.1646902205265233,3,0.0,0
2026-05-15 17:48:00+00:00,146.92134288571856,0,2,0,2,282,1.0,6,0.5,0
2026-05-15 18:13:00+00:00,708.644005572786,0,1,0,2,332,1.0,5,0.0,1
2026-05-15 19:52:00+00:00,531.9093353064327,0,1,0,0,166,0.7510175157930709,6,0.0,0
2026-05-15 20:55:00+00:00,657.0704142412096,0,1,0,0,63,1.506625676684813,3,0.0,0
2026-05-15 21:07:00+00:00,188.31025926156656,0,3,0,1,200,0.26410322504577083,2,0.6666666666666666,0
2026-05-15 21:23:00+00:00,886.315072087837,0,1,0,0,179,0.5835077380114084,8,0.0,0
2026-05-15 21:49:00+00:00,449.6598387127369,0,1,0,2,117,0.4844040780719785,4,0.0,0
2026-05-15 22:22:00+00:00,231.59480336549393,0,1,0,1,278,0.14562526622117894,4,0.0,0
2026-05-15 23:20:00+00:00,354.2931668195319,0,2,1,2,333,0.4853691530327573,4,0.5,0
2026-05-15 23:47:00+00:00,722.1444899115729,1,1,0,0,69,1.7613463513573795,5,0.0,0
2026-05-16 00:05:00+00:00,652.6896229691494,0,1,0,1,234,1.0,6,0.0,0
2026-05-16 00:42:00+00:00,825.4459215155525,0,1,0,1,358,1.0,5,0.0,0
2026-05-16 00:54:00+00:00,661.0397315129438,0,1,0,1,265,1.0,4,0.0,0
2026-05-16 01:12:00+00:00,1666.1578993662479,0,2,0,1,261,1.0,3,0.5,0
2026-05-16 01:28:00+00:00,143.78544543172262,0,1,0,1,215,0.1414818507580916,4,0.0,0
2026-05-16 01:49:00+00:00,289.38659363813184,1,1,0,1,190,1.0,4,0.0,0
2026-05-16 02:29:00+00:00,354.5294865416505,1,1,0,0,285,1.0,6,0.0,0
2026-05-16 02:35:00+00:00,662.3830000430888,0,1,0,1,311,1.0,7,0.0,0
2026-05-16 04:32:00+00:00,794.801195698381,0,1,0,1,291,0.478277992988634,3,0.0,0
2026-05-16 04:52:00+00:00,382.0893083402021,0,1,0,0,315,0.6654802928882065,9,0.0,0
2026-05-16 04:52:00+00:00,2436.7385558526903,1,1,0,2,100,6.320452741889926,4,0.0,1
2026-05-16 05:16:00+00:00,148.11521016658637,0,2,0,1,115,0.21239735451265387,4,0.5,0
2026-05-16 05:17:00+00:00,570.2179115832462,1,3,0,1,167,0.8453868830937741,5,0.6666666666666666,0
2026-05-16 05:18:00+00:00,308.6313270466459,0,1,0,0,7,1.0,6,0.0,0
2026-05-16 06:16:00+00:00,567.2932056401007,0,1,0,2,167,0.7928479542089576,4,0.0,0
2026-05-16 06:35:00+00:00,342.0579509286852,0,1,0,0,251,0.34739120864745837,3,0.0,0
2026-05-16 06:46:00+00:00,710.3003374297386,1,1,0,1,296,1.3438528766078415,4,0.0,1
2026-05-16 07:04:00+00:00,114.19770329524243,0,4,0,1,148,1.0,10,0.75,0
2026-05-16 07:20:00+00:00,142.21644386190505,1,2,0,0,300,1.0,2,0.5,0
2026-05-16 07:24:00+00:00,351.4813324717453,1,1,0,2,39,0.3345321696967381,4,0.0,0
2026-05-16 08:06:00+00:00,957.3061255240764,0,1,0,3,330,1.0,3,0.0,0
2026-05-16 08:14:00+00:00,597.1582579476578,0,1,0,1,286,0.831296134952996,10,0.0,0
2026-05-16 08:24:00+00:00,745.6910544881734,0,1,0,1,60,0.86164835063453,5,0.0,0
2026-05-16 08:43:00+00:00,511.5866840224157,1,1,0,1,245,1.0400716207385057,5,0.0,0
2026-05-16 09:01:00+00:00,392.40013673938853,1,1,0,0,43,0.6623724137376561,7,0.0,0
2026-05-16 09:54:00+00:00,617.9821040352335,0,1,0,2,245,0.9577265078663993,8,0.0,0
2026-05-16 09:59:00+00:00,963.4902208540387,0,4,0,1,287,1.0,4,0.75,0
2026-05-16 10:04:00+00:00,4683.526780054704,0,1,0,0,196,5.536316342355051,2,0.0,0
2026-05-16 11:53:00+00:00,188.2366960486095,0,1,0,1,21,0.09883105954696154,7,0.0,0
2026-05-16 11:59:00+00:00,320.9232554675749,1,4,0,1,221,0.3523991087514868,6,0.75,0
2026-05-16 12:41:00+00:00,494.5613590036388,1,1,0,2,246,1.0,3,0.0,0
2026-05-16 14:02:00+00:00,235.05266003514276,1,1,0,0,195,0.31627755915845657,4,0.0,0
2026-05-16 14:05:00+00:00,3038.0103687804717,0,1,0,2,151,1.0,3,0.0,0
2026-05-16 14:06:00+00:00,6652.866249758164,1,1,1,1,261,1.0,4,0.0,1
2026-05-16 14:14:00+00:00,3109.035609981175,0,2,0,0,66,1.0,6,0.5,0
2026-05-16 16:53:00+00:00,764.6459669756462,0,1,0,1,68,0.684948636398944,5,0.0,0
2026-05-16 17:08:00+00:00,362.14452444531724,1,1,0,1,40,1.0,7,0.0,0
2026-05-16 18:10:00+00:00,468.2011006143831,0,1,0,0,285,0.22774602027523197,3,0.0,0
2026-05-16 18:17:00+00:00,223.9936060049315,0,1,0,2,239,1.0,6,0.0,0
2026-05-16 19:03:00+00:00,5899.608116621239,0,2,0,0,235,9.09135909865186,3,0.5,0
2026-05-16 19:18:00+00:00,352.67383339119715,0,1,0,0,339,0.3429808452007196,5,0.0,0
2026-05-16 20:23:00+00:00,869.7964020670548,1,1,0,2,196,1.7972252008637657,6,0.0,0
2026-05-16 21:31:00+00:00,1707.5624307062546,0,1,0,2,281,4.462983486234115,3,0.0,1
2026-05-16 21:53:00+00:00,1576.6910876862717,1,1,0,0,315,1.92303753692495,8,0.0,0
2026-05-16 21:56:00+00:00,889.0754444418468,0,3,0,1,145,1.0,8,0.6666666666666666,1
2026-05-16 23:04:00+00:00,4557.286614113253,1,1,1,4,254,7.776883606804022,5,0.0,1
2026-05-16 23:24:00+00:00,167.51317781271112,0,1,0,3,326,0.10244799079184738,9,0.0,0
2026-05-16 23:49:00+00:00,1220.5699451473176,1,1,0,1,335,0.6928765082453149,6,0.0,0
2026-05-17 00:37:00+00:00,226.5675799836322,0,1,0,1,235,0.40999824126293605,3,0.0,0
2026-05-17 00:49:00+00:00,373.9403715886493,1,1,0,1,289,0.5356522903762709,3,0.0,0
2026-05-17 01:29:00+00:00,161.36368794567286,0,1,0,0,364,1.0,4,0.0,0
2026-05-17 02:04:00+00:00,1009.1097823536909,1,3,0,2,76,1.6036482711746192,4,0.6666666666666666,1
2026-05-17 02:07:00+00:00,690.5326109964357,1,1,0,1,312,0.7080693198143428,1,0.0,0
2026-05-17 02:31:00+00:00,734.3544172325683,0,1,0,0,256,1.163148988366954,5,0.0,0
2026-05-17 03:29:00+00:00,3108.902710812276,0,2,0,1,12,3.7464349258082486,5,0.5,0
2026-05-17 04:23:00+00:00,312.20555768276785,0,1,0,0,21,0.5226167290702001,3,0.0,0
2026-05-17 04:26:00+00:00,957.7651348994284,0,1,1,3,278,1.563679043615577,4,0.0,0
2026-05-17 04:53:00+00:00,181.36644879942372,0,1,0,1,349,0.14939430269724094,7,0.0,0
2026-05-17 05:24:00+00:00,920.4538707026223,1,1,0,0,224,1.0953547087203686,4,0.0,0
2026-05-17 06:00:00+00:00,825.7926915658056,0,1,0,1,332,1.9178253424245328,5,0.0,0
2026-05-17 06:01:00+00:00,78.44607151060939,0,1,0,0,350,0.08008005670421746,6,0.0,0
2026-05-17 06:11:00+00:00,364.9483363285042,0,1,0,1,346,0.882585335726791,5,0.0,0
2026-05-17 06:21:00+00:00,178.8235597171007,0,2,0,2,240,0.16578966749575869,5,0.5,0
2026-05-17 06:43:00+00:00,431.316432781557,0,1,0,1,33,1.0,3,0.0,0
2026-05-17 07:18:00+00:00,3139.733701837952,0,1,0,0,188,1.0,3,0.0,0
2026-05-17 07:32:00+00:00,2169.6321820423623,0,1,0,1,239,1.0,5,0.0,0
2026-05-17 07:54:00+00:00,101.25378492350876,0,4,0,0,217,1.0,7,0.75,0
2026-05-17 08:02:00+00:00,1684.7405175363638,0,1,0,0,301,1.0,1,0.0,1
2026-05-17 08:29:00+00:00,429.249982749271,1,1,0,1,70,1.0,6,0.0,0
2026-05-17 08:55:00+00:00,1117.9653143107232,0,1,0,2,158,1.7163883583122224,4,0.0,0
2026-05-17 09:02:00+00:00,370.39725224620787,1,2,0,0,208,0.3859237645310712,5,0.5,0
2026-05-17 09:36:00+00:00,929.3615363789492,0,1,0,1,122,3.66722984325741,3,0.0,0
2026-05-17 10:49:00+00:00,481.0349110020076,0,1,0,1,68,1.21330482402802,5,0.0,0
2026-05-17 10:57:00+00:00,430.3534680825006,0,1,0,0,322,0.39487575000183356,3,0.0,0
2026-05-17 11:01:00+00:00,320.644603529649,0,1,0,3,105,0.49180996490182294,5,0.0,0
2026-05-17 11:13:00+00:00,502.8573471773632,0,2,0,1,64,1.0,2,0.5,0
2026-05-17 11:21:00+00:00,2356.48042073843,0,1,1,4,120,3.2407674595657103,9,0.0,1
2026-05-17 11:23:00+00:00,128.01353177121388,0,1,0,0,61,0.12691132668166089,5,0.0,0
2026-05-17 11:44:00+00:00,246.26394413763794,1,1,0,0,87,0.20895276389547623,6,0.0,0
2026-05-17 11:53:00+00:00,667.5115807214842,0,1,2,2,359,0.6179777462962296,3,0.0,1
2026-05-17 12:09:00+00:00,757.6551422809866,1,1,0,1,293,0.7687691661219173,6,0.0,0
2026-05-17 12:22:00+00:00,854.3821773782462,1,2,0,0,268,0.6188156006720957,5,0.5,0
2026-05-17 12:34:00+00:00,246.4261772084057,1,1,1,5,301,0.2056293187486526,3,0.0,1
2026-05-17 12:44:00+00:00,775.7671119020603,0,1,0,0,39,0.6897478583037729,5,0.0,0
2026-05-17 14:01:00+00:00,1391.9031966812317,0,1,0,1,234,2.0882754709969635,4,0.0,0
2026-05-17 14:21:00+00:00,216.53338142119523,0,1,0,0,110,1.0,3,0.0,0
2026-05-17 14:33:00+00:00,1624.1881113315803,0,1,0,1,83,1.8116959798241163,3,0.0,0
2026-05-17 14:53:00+00:00,701.0976275225966,1,3,0,0,84,0.49583960506419184,5,0.6666666666666666,1
2026-05-17 15:09:00+00:00,334.2019803636782,1,1,0,1,177,0.2505252056911972,4,0.0,0
2026-05-17 15:13:00+00:00,647.2944377257779,1,1,0,3,202,1.1712248235170735,11,0.0,0
2026-05-17 15:29:00+00:00,1514.466363876854,0,1,0,2,66,1.5061841217218939,5,0.0,0
2026-05-17 15:47:00+00:00,912.5951138772398,0,1,0,1,80,0.5402091623285835,3,0.0,0
2026-05-17 16:46:00+00:00,827.184507722425,1,1,0,0,292,1.863711606175019,1,0.0,0
2026-05-17 18:16:00+00:00,1628.4063634221484,0,1,0,0,155,1.0,6,0.0,0
2026-05-17 18:35:00+00:00,821.4373875637558,0,1,0,1,232,1.3494390803687524,7,0.0,0
2026-05-17 19:28:00+00:00,282.07262876194915,0,2,0,1,41,0.23278568682110995,3,0.5,0
2026-05-17 20:56:00+00:00,1544.858940010588,0,1,0,2,7,2.858249786480893,5,0.0,0
2026-05-17 20:57:00+00:00,955.8447022090479,0,1,0,1,209,1.0275483135943269,4,0.0,0
2026-05-17 21:27:00+00:00,630.8181987756759,0,1,0,0,78,1.3012087882014673,3,0.0,0
2026-05-17 21:33:00+00:00,265.22704174454066,0,1,0,1,108,1.0,4,0.0,0
2026-05-17 22:07:00+00:00,104.93773269933918,0,2,0,1,37,0.1659462517487939,2,0.5,0
2026-05-17 22:10:00+00:00,1831.4150739237275,0,1,0,0,55,1.7189832068952604,6,0.0,0
2026-05-17 22:13:00+00:00,1049.6394068581747,1,1,0,3,145,1.3677774967781051,2,0.0,0
2026-05-17 23:03:00+00:00,248.94449030506325,0,1,0,0,196,0.34612691913111,2,0.0,0
2026-05-17 23:07:00+00:00,320.37435659134337,0,4,0,0,266,0.25685722346353596,3,0.75,0
2026-05-17 23:57:00+00:00,1197.8607129075895,0,2,0,3,16,1.0,3,0.5,1
2026-05-18 00:06:00+00:00,769.1380867018466,1,1,0,1,245,1.2886848031315807,4,0.0,0
2026-05-18 00:18:00+00:00,846.3450589722687,0,1,0,1,226,2.6642760077581307,3,0.0,0
2026-05-18 00:47:00+00:00,236.31198329062028,0,1,0,3,135,0.2083986134261038,2,0.0,0
2026-05-18 01:05:00+00:00,98.75340282680864,0,1,0,0,347,0.07108418118550615,3,0.0,0
2026-05-18 01:52:00+00:00,665.9413008818692,1,1,0,2,35,1.0,3,0.0,1
2026-05-18 02:59:00+00:00,207.39158446986892,1,1,0,2,59,0.08749689725938337,8,0.0,0
2026-05-18 03:06:00+00:00,956.8008490447663,0,2,0,1,3,1.0,5,0.5,1
2026-05-18 03:07:00+00:00,1607.0337746263476,1,1,0,0,253,1.0,5,0.0,0
2026-05-18 03:12:00+00:00,584.3809715211321,0,1,0,3,10,0.46823049470458306,4,0.0,0
2026-05-18 03:18:00+00:00,1384.1272999959479,0,1,0,2,149,1.568730275515858,7,0.0,0
2026-05-18 03:24:00+00:00,362.7175854317579,0,1,0,2,76,0.4790630397029985,5,0.0,0
2026-05-18 04:10:00+00:00,152.19135152434572,0,1,0,2,71,0.2117847605135833,3,0.0,0
2026-05-18 04:19:00+00:00,1954.9721113170833,0,1,0,1,164,1.0,4,0.0,0
2026-05-18 04:56:00+00:00,1526.8287525911692,0,1,0,1,49,1.9579201433808047,4,0.0,0
2026-05-18 05:41:00+00:00,3576.83055660825,1,1,0,0,324,1.0,5,0.0,1
2026-05-18 05:59:00+00:00,646.2564779718352,0,1,0,3,68,0.914219076108435,5,0.0,0
2026-05-18 06:47:00+00:00,611.4144527461941,0,1,0,3,157,1.0,5,0.0,0
2026-05-18 07:42:00+00:00,1896.2612718932928,1,4,0,1,132,1.3349218676732382,4,0.75,0
2026-05-18 08:15:00+00:00,224.42851574508535,0,1,0,2,132,0.37372505928569777,7,0.0,0
2026-05-18 08:20:00+00:00,200.1766856967407,1,1,0,1,262,1.0,6,0.0,0
2026-05-18 09:45:00+00:00,216.92755108484673,0,4,0,0,267,0.2768713040248338,2,0.75,0
2026-05-18 12:17:00+00:00,323.9612471987604,0,1,0,3,181,0.24931248596230485,6,0.0,0
2026-05-18 12:33:00+00:00,1125.561939104422,0,1,0,1,348,1.6083699715120807,6,0.0,0
2026-05-18 13:50:00+00:00,1461.2478187377612,0,1,0,0,95,1.5389897800215842,6,0.0,0
2026-05-18 14:17:00+00:00,66.70472356053853,0,1,0,1,137,0.043013581827542474,4,0.0,0
2026-05-18 14:19:00+00:00,149.91048076200568,0,1,0,0,344,0.38171624720755126,4,0.0,0
2026-05-18 14:33:00+00:00,1107.5328896264316,1,1,0,0,83,1.591750473589169,5,0.0,0
2026-05-18 14:39:00+00:00,105.85146150269374,0,4,0,0,115,0.2109169169170063,4,0.75,0
2026-05-18 15:28:00+00:00,261.72698838659545,0,4,0,2,171,0.3146389210469399,7,0.75,0
2026-05-18 15:57:00+00:00,842.011235061184,0,3,0,1,350,1.7735992992849337,4,0.6666666666666666,0
2026-05-18 16:46:00+00:00,231.49696744940172,0,1,0,1,15,0.13848057796649535,3,0.0,0
2026-05-18 17:03:00+00:00,3491.2305912727024,1,1,0,1,284,2.5142206336885145,6,0.0,0
2026-05-18 18:00:00+00:00,617.4137272235344,0,1,1,2,172,0.7861589038006818,5,0.0,0
2026-05-18 19:16:00+00:00,2393.7070633531375,1,1,0,3,48,1.9461944650267875,4,0.0,0
2026-05-18 20:42:00+00:00,323.98455674495773,1,1,0,2,316,1.0,5,0.0,0
2026-05-18 22:39:00+00:00,649.1117371555209,0,1,1,1,30,0.3229743836868122,4,0.0,0
2026-05-18 23:21:00+00:00,222.5711847201071,0,3,0,1,191,0.2892894307170553,2,0.6666666666666666,0
2026-05-18 23:31:00+00:00,538.1336162599764,0,1,0,1,313,0.4357691523072252,4,0.0,0
2026-05-18 23:55:00+00:00,2461.331341352859,0,1,0,0,45,1.0,4,0.0,0
2026-05-19 00:27:00+00:00,516.0000263791609,1,1,0,0,209,1.0,5,0.0,0
2026-05-19 00:43:00+00:00,1616.2996909000813,0,1,0,1,210,1.83054192051975,7,0.0,0
2026-05-19 00:47:00+00:00,883.1865959284711,1,1,0,3,132,1.9078317861968797,5,0.0,0
2026-05-19 01:04:00+00:00,1462.2907933954348,0,1,0,0,110,0.7780611744489412,5,0.0,0
2026-05-19 03:10:00+00:00,285.1766593010774,1,3,0,0,309,0.564127857987207,6,0.6666666666666666,0
2026-05-19 03:37:00+00:00,354.4461866526006,0,1,0,2,350,1.0,5,0.0,0
2026-05-19 05:21:00+00:00,1573.0284865663812,1,1,0,0,131,1.0,6,0.0,0
2026-05-19 06:12:00+00:00,438.8738992279008,0,1,0,0,317,0.45419328341651904,5,0.0,0
2026-05-19 06:41:00+00:00,918.75278596981,0,1,0,0,134,1.3461060022059197,6,0.0,0
2026-05-19 07:36:00+00:00,104.44504006051244,0,1,0,0,20,0.10262018856200521,2,0.0,0
2026-05-19 07:58:00+00:00,2563.9822891803406,1,1,0,1,48,2.889292021606628,3,0.0,1
2026-05-19 08:15:00+00:00,243.39950008329086,0,1,0,2,21,1.0,4,0.0,0
2026-05-19 09:11:00+00:00,820.155790824633,0,1,0,0,267,1.493682181921907,3,0.0,0
2026-05-19 09:34:00+00:00,393.8494977662674,0,1,0,1,104,1.1999721044198013,2,0.0,0
2026-05-19 09:38:00+00:00,1395.8587551033659,0,2,0,2,10,1.5642749127018558,3,0.5,1
2026-05-19 09:56:00+00:00,327.84334038561167,0,1,0,0,106,1.0,3,0.0,0
2026-05-19 10:10:00+00:00,1534.6258374894637,1,4,0,1,107,2.5987551171723093,4,0.75,0
2026-05-19 10:58:00+00:00,619.9387037352311,1,1,0,0,43,0.3394230249907363,4,0.0,0
2026-05-19 12:48:00+00:00,212.12443163951485,0,1,0,0,219,1.0,5,0.0,0
2026-05-19 13:19:00+00:00,226.03084826016737,1,1,0,1,284,1.0,4,0.0,0
2026-05-19 13:42:00+00:00,521.4136086987575,0,1,0,2,142,1.0,2,0.0,0
2026-05-19 14:10:00+00:00,401.3694942166023,0,2,0,0,261,0.7944851018891079,9,0.5,0
2026-05-19 14:31:00+00:00,327.17718869020723,1,1,0,2,57,0.24715786761628825,3,0.0,0
2026-05-19 14:58:00+00:00,126.09223009369822,0,1,0,1,271,0.11687008089703668,5,0.0,0
2026-05-19 15:45:00+00:00,358.10794464614224,0,1,0,2,199,0.5312157185047425,9,0.0,0
2026-05-19 16:57:00+00:00,311.27803058228574,1,2,0,1,217,0.22614049585782145,2,0.5,0
2026-05-19 17:16:00+00:00,147.21659663060427,0,1,0,1,56,0.2645209111355697,5,0.0,0
2026-05-19 17:17:00+00:00,589.7536006259879,0,1,0,3,288,1.0476894535874473,5,0.0,0
2026-05-19 17:35:00+00:00,775.5359020506701,0,1,0,1,11,0.8253494507027453,6,0.0,0
2026-05-19 17:43:00+00:00,375.7367074075405,0,1,0,1,147,0.4836142957638038,6,0.0,0
2026-05-19 18:24:00+00:00,2969.2931988371365,0,4,0,0,262,2.886804690984126,1,0.75,0
2026-05-19 18:47:00+00:00,157.1059978515192,0,1,0,0,91,0.24588079173303498,6,0.0,0
2026-05-19 19:26:00+00:00,957.442638537935,0,1,0,1,219,2.23156952154712,5,0.0,0
2026-05-19 19:39:00+00:00,1628.3752692114194,1,2,0,0,307,4.553087496921828,3,0.5,1
2026-05-19 19:40:00+00:00,87.86776684470075,0,1,0,0,335,1.0,6,0.0,0
2026-05-19 19:59:00+00:00,300.59460989270013,0,1,0,1,253,0.23205481510895548,4,0.0,0
2026-05-19 20:18:00+00:00,3072.4256969333464,0,1,0,0,295,3.897734703748731,7,0.0,0
2026-05-19 20:30:00+00:00,631.4531060581661,0,1,0,2,151,0.4429820209519855,4,0.0,0
2026-05-19 21:08:00+00:00,1768.046055148068,0,1,0,0,65,4.8790454325976365,3,0.0,0
2026-05-19 21:23:00+00:00,1291.8441648058397,0,1,0,2,179,2.9572731927784166,3,0.0,0
2026-05-19 21:35:00+00:00,426.98494977178206,1,1,0,3,110,0.5974391827121831,3,0.0,0
2026-05-19 21:37:00+00:00,160.96916024529935,0,1,0,0,216,0.2499227187822437,7,0.0,0
2026-05-19 22:25:00+00:00,709.4524939685386,0,1,0,0,186,1.0,4,0.0,0
2026-05-19 23:22:00+00:00,209.84584671817774,0,1,0,0,359,0.18789795893214006,2,0.0,0
2026-05-19 23:44:00+00:00,374.9730240934684,0,3,0,0,5,1.0,5,0.6666666666666666,0
2026-05-20 00:13:00+00:00,203.85392183275084,0,1,0,0,109,0.1992741211443996,4,0.0,0
2026-05-20 00:31:00+00:00,466.7532225406562,1,1,0,0,12,0.9469611670070728,4,0.0,0
2026-05-20 01:15:00+00:00,2782.2192507210657,0,1,0,1,97,2.608212512879176,8,0.0,0
2026-05-20 01:24:00+00:00,93.85280790571683,0,1,0,1,293,1.0,6,0.0,0
2026-05-20 02:59:00+00:00,1848.452840553173,1,2,0,1,166,2.576918654086252,3,0.5,0
2026-05-20 03:12:00+00:00,509.44712188818096,0,4,0,1,12,0.7550632357378739,7,0.75,0
2026-05-20 03:59:00+00:00,339.96314231004703,0,1,0,0,19,1.0,3,0.0,0
2026-05-20 04:10:00+00:00,144.95958687588248,1,2,0,2,316,0.28562033879496335,2,0.5,1
2026-05-20 04:17:00+00:00,968.7352318291039,0,2,0,2,272,0.7421778739347751,2,0.5,0
2026-05-20 04:22:00+00:00,1973.5041220921678,0,1,0,1,164,1.0,4,0.0,0
2026-05-20 05:02:00+00:00,3168.6002097813807,0,1,0,0,242,1.0,5,0.0,0
2026-05-20 06:31:00+00:00,1110.2102197484242,0,1,0,3,4,1.0,4,0.0,0
2026-05-20 06:49:00+00:00,92.43550923069579,1,1,0,2,230,0.10000237630417924,7,0.0,0
2026-05-20 07:18:00+00:00,1505.9591878253786,1,1,0,0,143,1.0,3,0.0,0
2026-05-20 08:18:00+00:00,1001.2618020861242,1,1,0,3,156,1.0,5,0.0,0
2026-05-20 08:56:00+00:00,397.96198287834557,0,2,0,0,305,1.154598401404675,6,0.5,0
2026-05-20 09:22:00+00:00,346.2006925543683,1,2,0,1,336,0.5707796391410505,4,0.5,0
2026-05-20 09:53:00+00:00,1709.320569873128,0,1,0,1,355,1.0,6,0.0,0
2026-05-20 10:36:00+00:00,843.2238250189771,0,3,0,1,258,1.0,8,0.6666666666666666,0
2026-05-20 10:38:00+00:00,221.56353015243138,1,4,0,0,189,0.4320587512251887,3,0.75,0
2026-05-20 11:47:00+00:00,73.66268195164021,0,1,0,0,309,0.0819189009889052,3,0.0,0
2026-05-20 12:39:00+00:00,251.35680753284075,0,1,0,0,152,1.0,8,0.0,0
2026-05-20 13:00:00+00:00,126.60432328920145,0,1,0,0,228,0.13067481763505823,4,0.0,0
2026-05-20 13:28:00+00:00,1073.2764326494903,0,1,0,1,2,1.4824672676999582,10,0.0,0
2026-05-20 14:02:00+00:00,3461.584718092525,0,1,0,1,168,4.814639214751384,7,0.0,0
2026-05-20 15:08:00+00:00,541.8950407235284,0,2,0,0,166,1.1527020148296168,7,0.5,0
2026-05-20 16:03:00+00:00,360.86574784006046,0,2,0,0,283,0.2754019570888057,4,0.5,0
2026-05-20 16:19:00+00:00,265.84886529225764,1,1,0,1,42,1.0,3,0.0,0
2026-05-20 16:32:00+00:00,184.10507952401633,1,1,0,1,137,0.18966514821662875,5,0.0,0
2026-05-20 16:43:00+00:00,1863.3330783424763,0,3,0,1,282,1.6798410853918975,3,0.6666666666666666,0
2026-05-20 16:45:00+00:00,314.9241287141745,0,1,1,1,183,0.3216794520512882,5,0.0,0
2026-05-20 17:22:00+00:00,185.8287579560075,0,1,0,0,319,1.0,5,0.0,0
2026-05-20 17:27:00+00:00,1674.863551008966,1,1,0,0,201,1.0,2,0.0,0
2026-05-20 17:44:00+00:00,612.6570795092308,0,1,0,1,301,0.6881303497933181,4,0.0,0
2026-05-20 17:59:00+00:00,688.5933131817116,0,1,0,1,59,1.0,4,0.0,1
2026-05-20 18:20:00+00:00,1699.2156107235107,0,1,0,1,342,1.1644463490060195,2,0.0,0
2026-05-20 18:24:00+00:00,1378.7105806503178,1,1,0,1,64,3.496003575985799,3,0.0,0
2026-05-20 18:43:00+00:00,1585.6094670132898,1,1,0,1,324,1.4086162583467938,5,0.0,0
2026-05-20 21:45:00+00:00,161.28034763865213,0,1,0,1,207,0.29265895465011643,5,0.0,0
2026-05-20 21:46:00+00:00,494.51460640660093,0,1,0,1,132,1.0,4,0.0,0
2026-05-20 22:19:00+00:00,484.9958449022856,0,1,0,1,14,1.2137487204514654,1,0.0,0
2026-05-20 22:48:00+00:00,113.18598930633344,0,1,0,0,364,0.11540795288237515,7,0.0,0
2026-05-20 22:53:00+00:00,1479.7681652806104,0,1,0,2,151,1.0,3,0.0,0
2026-05-20 23:08:00+00:00,168.34188001272452,0,2,2,4,178,0.21661543734211575,5,0.5,1
2026-05-20 23:14:00+00:00,1017.5996158695319,0,1,0,1,151,1.2655172846483143,2,0.0,0
2026-05-20 23:39:00+00:00,621.2653291739789,1,1,0,1,317,0.6297613996334251,4,0.0,1
2026-05-20 23:47:00+00:00,4396.738130374062,0,2,0,1,362,2.5966727112958066,2,0.5,0
2026-05-21 00:04:00+00:00,1599.0605956062227,0,1,1,3,7,1.611201552836238,5,0.0,1
2026-05-21 00:10:00+00:00,42.17264512115897,0,1,0,1,253,0.04576962972942672,7,0.0,0
2026-05-21 00:59:00+00:00,137.70351306271402,0,1,0,3,240,0.1815945781262714,2,0.0,0
2026-05-21 01:00:00+00:00,605.6196855540977,0,1,0,1,250,0.4947382259556044,2,0.0,0
2026-05-21 01:04:00+00:00,1491.4246862927362,0,1,0,0,48,1.0,3,0.0,0
2026-05-21 01:15:00+00:00,121.71511658288159,0,1,0,2,261,0.13028456157082557,4,0.0,0
2026-05-21 01:22:00+00:00,1395.6646996718619,1,1,0,0,166,0.846940970111439,5,0.0,0
2026-05-21 02:42:00+00:00,940.1562784278021,0,1,0,2,304,1.8503847309787325,5,0.0,0
2026-05-21 03:18:00+00:00,1019.8939078162226,0,1,0,1,254,1.439437869369781,3,0.0,0
2026-05-21 04:51:00+00:00,702.3415773447549,1,1,0,1,109,2.087855578805472,6,0.0,1
2026-05-21 04:53:00+00:00,336.23125691177427,1,1,0,0,46,0.4269996335752775,5,0.0,1
2026-05-21 05:04:00+00:00,94.04876381122054,1,1,0,0,134,0.20430036484309333,1,0.0,0
2026-05-21 07:21:00+00:00,1164.6675945573515,0,1,0,1,322,1.2673908930877376,4,0.0,0
2026-05-21 07:23:00+00:00,1216.7509659515533,0,1,0,3,133,1.3658392593822282,2,0.0,0
2026-05-21 07:33:00+00:00,1416.9102105800953,0,4,0,1,356,1.0,3,0.75,0
2026-05-21 07:36:00+00:00,169.66136525044647,0,1,0,1,252,0.19255673512747482,5,0.0,0
2026-05-21 08:43:00+00:00,70.44118002610587,0,1,0,1,159,0.06956027166636611,5,0.0,0
2026-05-21 09:20:00+00:00,854.1276839625885,0,2,0,4,200,1.7411152252431819,3,0.5,0
2026-05-21 09:53:00+00:00,594.152649822437,1,1,0,2,300,1.2161832866963773,6,0.0,0
2026-05-21 09:59:00+00:00,1059.1210482989134,0,1,0,2,342,0.8726886856294791,3,0.0,0
2026-05-21 10:10:00+00:00,587.9892441568536,1,1,0,0,265,0.5183727660507458,4,0.0,0
2026-05-21 10:11:00+00:00,2634.9072119574844,0,1,0,1,298,0.9853479336114025,2,0.0,0
2026-05-21 10:58:00+00:00,5610.064482215558,0,1,0,0,143,1.0,3,0.0,1
2026-05-21 11:08:00+00:00,890.6950555337311,0,1,0,0,114,1.4269164759580164,4,0.0,0
2026-05-21 11:18:00+00:00,1403.635975615806,0,1,0,2,325,2.759268104420869,5,0.0,0
2026-05-21 11:23:00+00:00,1418.6834572273547,0,1,0,0,79,2.0088201012798472,4,0.0,0
2026-05-21 12:12:00+00:00,505.27442821613306,1,1,0,0,2,0.8356664179996094,5,0.0,0
2026-05-21 12:26:00+00:00,615.0616158831177,0,1,0,0,336,1.0,3,0.0,0
2026-05-21 13:00:00+00:00,613.2718585377572,1,1,0,1,246,1.0,3,0.0,0
2026-05-21 13:36:00+00:00,878.7846820191533,0,4,0,4,297,1.4135329988183352,7,0.75,0
2026-05-21 13:55:00+00:00,226.48569600783034,1,1,0,2,27,1.0,5,0.0,0
2026-05-21 14:00:00+00:00,657.7783693281381,0,1,0,0,40,1.1571528634458192,5,0.0,0
2026-05-21 14:19:00+00:00,627.2512940475377,1,1,0,0,69,0.6691373327206788,2,0.0,0
2026-05-21 15:03:00+00:00,143.9816458711961,0,1,0,0,5,0.16229417188002304,6,0.0,0
2026-05-21 15:09:00+00:00,142.89792443033457,0,2,0,0,242,0.2151472269351633,3,0.5,0
2026-05-21 15:14:00+00:00,424.35769021480746,0,1,0,1,115,0.35454021649477263,4,0.0,0
2026-05-21 15:38:00+00:00,558.4346709977146,1,1,0,2,225,0.615545030393372,6,0.0,0
2026-05-21 17:10:00+00:00,1130.1816295240053,0,1,0,0,345,0.8264572778489284,5,0.0,0
2026-05-21 17:26:00+00:00,1385.6831426406413,1,1,0,0,348,2.543740945736945,6,0.0,0
2026-05-21 18:21:00+00:00,930.8037385408934,1,1,0,0,12,0.9740099819922675,7,0.0,1
2026-05-21 19:07:00+00:00,893.243633906379,1,1,0,0,80,1.0,5,0.0,0
2026-05-21 19:39:00+00:00,2872.345765831328,1,1,0,0,176,2.4408997245012407,2,0.0,0
2026-05-21 20:21:00+00:00,2146.08836526669,1,1,0,1,63,5.750340026747396,6,0.0,0
2026-05-21 20:34:00+00:00,508.81507045109316,0,1,0,0,61,0.7164859382261771,3,0.0,0
2026-05-21 20:46:00+00:00,644.242795415493,0,1,0,0,263,1.0,4,0.0,0
2026-05-21 21:43:00+00:00,189.4560869450265,0,1,0,1,290,1.0,4,0.0,0
2026-05-21 21:58:00+00:00,397.98410469762365,0,1,0,0,150,0.3486518938628249,6,0.0,0
2026-05-21 22:39:00+00:00,258.57178854071,0,1,0,0,191,0.37804422338220445,3,0.0,0
2026-05-21 22:47:00+00:00,1499.8603251808772,0,1,0,0,175,1.380378394878357,3,0.0,0
2026-05-21 23:02:00+00:00,2170.1339889710234,0,1,0,0,320,3.1493761162929435,2,0.0,0
2026-05-22 00:07:00+00:00,954.0303197707026,0,1,0,1,333,1.1604558392669018,2,0.0,0
2026-05-22 00:18:00+00:00,918.9380892517464,0,2,0,1,108,1.8497670885207158,5,0.5,0
2026-05-22 00:45:00+00:00,1427.288430272107,0,1,0,3,298,0.9568404162757193,6,0.0,0
2026-05-22 01:17:00+00:00,1049.7993820713375,1,1,0,2,77,2.1001370524241048,6,0.0,1
2026-05-22 01:27:00+00:00,188.71683664017507,1,1,0,2,304,0.6726389825881111,4,0.0,0
2026-05-22 01:41:00+00:00,233.4701204075984,0,1,0,1,294,0.2648676085095004,3,0.0,0
2026-05-22 02:01:00+00:00,445.51733620072184,0,2,0,2,320,1.0,5,0.5,0
2026-05-22 02:19:00+00:00,1142.407079267148,0,1,0,0,290,1.1002095616730965,5,0.0,0
2026-05-22 02:20:00+00:00,461.6195017406417,0,1,0,0,135,0.6322628153509452,6,0.0,0
2026-05-22 02:36:00+00:00,214.9327004623192,1,1,0,6,45,0.1907259467062504,3,0.0,0
2026-05-22 02:36:00+00:00,3269.486585014236,0,1,0,0,230,6.356686444381021,5,0.0,0
2026-05-22 02:39:00+00:00,245.43377525611393,0,1,0,0,150,0.28830502824205495,2,0.0,0
2026-05-22 02:58:00+00:00,285.19144236671644,0,1,0,1,198,0.31852410738218434,4,0.0,0
2026-05-22 04:19:00+00:00,1945.5847356920094,1,1,0,1,41,1.0,2,0.0,0
2026-05-22 04:25:00+00:00,338.60040905278413,1,1,0,0,33,0.28079323695509456,5,0.0,1
2026-05-22 04:59:00+00:00,115.5503857897713,0,1,0,0,348,0.12367173711267695,5,0.0,0
2026-05-22 05:34:00+00:00,147.63799382910804,0,1,0,0,228,0.18496048049131603,6,0.0,0
2026-05-22 07:00:00+00:00,1187.4046160719518,0,1,0,3,154,2.6054984243394155,3,0.0,0
2026-05-22 07:02:00+00:00,838.9867775928082,0,1,0,1,187,1.0,5,0.0,0
2026-05-22 07:25:00+00:00,1338.1344900867,0,1,0,0,185,1.4138944796948467,6,0.0,0
2026-05-22 07:42:00+00:00,283.0036749782457,1,1,0,0,346,0.20930951246256674,10,0.0,0
2026-05-22 08:41:00+00:00,186.24900237756566,0,1,0,0,364,0.22647418878216055,6,0.0,0
2026-05-22 10:24:00+00:00,105.91665088505492,0,1,0,2,270,0.1621593479920616,6,0.0,0
2026-05-22 10:27:00+00:00,200.31473186627142,1,1,0,1,306,0.1279925299990666,5,0.0,0
2026-05-22 10:35:00+00:00,212.12170213376737,1,1,0,2,51,0.2791944105997419,7,0.0,0
2026-05-22 10:47:00+00:00,513.4165556826614,0,2,0,3,65,0.5187167968302295,7,0.5,0
2026-05-22 11:54:00+00:00,128.24215261530642,0,1,0,0,153,0.18688107743498977,2,0.0,0
2026-05-22 12:54:00+00:00,457.8330170436947,1,1,0,3,69,0.6414925579390266,2,0.0,0
2026-05-22 13:14:00+00:00,507.5949647533437,1,1,0,2,92,0.5914742843370432,4,0.0,1
2026-05-22 13:41:00+00:00,916.1461079117562,1,1,1,3,282,0.6266717284612618,5,0.0,1
2026-05-22 15:35:00+00:00,580.3056320655398,0,4,0,3,13,0.9599983108032655,6,0.75,0
2026-05-22 15:41:00+00:00,589.5480239570442,0,1,0,0,90,0.5343968648169719,5,0.0,0
2026-05-22 15:50:00+00:00,367.62695417361965,0,1,0,1,238,1.0,7,0.0,0
2026-05-22 16:54:00+00:00,287.6766550410451,0,2,0,0,21,0.32688118132938054,3,0.5,0
2026-05-22 18:00:00+00:00,662.5484381637,0,2,0,0,161,1.0,3,0.5,0
2026-05-22 20:09:00+00:00,1063.4050657388009,0,1,0,2,152,1.0,6,0.0,0
2026-05-22 21:00:00+00:00,561.4185599126793,0,1,0,0,75,0.3351420881225558,5,0.0,0
2026-05-22 21:35:00+00:00,1830.312490937641,0,1,0,0,266,5.045436377246835,6,0.0,0
2026-05-22 21:54:00+00:00,1010.4166740659844,0,1,0,0,265,1.4190156552634845,5,0.0,0
2026-05-22 22:06:00+00:00,604.0190407700186,0,1,0,1,249,0.8986301262052053,2,0.0,0
2026-05-22 23:26:00+00:00,45.746211331782334,0,4,0,0,251,0.023493533438671124,8,0.75,0
2026-05-22 23:31:00+00:00,265.21989146209114,0,1,0,0,134,0.2295458298896731,4,0.0,0
2026-05-22 23:36:00+00:00,297.10678556204266,0,2,0,0,69,0.5428636836088482,3,0.5,0
2026-05-23 00:55:00+00:00,460.32499887524693,0,4,0,0,102,0.6665413208482591,8,0.75,0
2026-05-23 01:01:00+00:00,57.736208717137394,1,1,0,1,27,1.0,5,0.0,0
2026-05-23 01:40:00+00:00,93.14629821248033,0,1,0,0,190,0.1647588676060541,3,0.0,0
2026-05-23 01:40:00+00:00,2529.1870735856683,1,1,0,1,152,1.0,4,0.0,0
2026-05-23 02:03:00+00:00,201.95270050043493,1,1,0,3,44,1.0,4,0.0,0
2026-05-23 02:15:00+00:00,841.6229574567815,1,1,0,2,236,0.618582784228888,3,0.0,0
2026-05-23 02:25:00+00:00,486.39100064733094,1,4,0,1,118,0.9762542825980902,4,0.75,0
2026-05-23 04:00:00+00:00,745.4754944989982,1,1,0,1,79,1.0,6,0.0,0
2026-05-23 04:16:00+00:00,317.48701169710716,1,3,1,2,173,0.5334591344273892,4,0.6666666666666666,1
2026-05-23 05:47:00+00:00,603.7768590568045,0,1,0,0,70,0.35402388626937925,4,0.0,0
2026-05-23 05:49:00+00:00,726.5520523061557,0,2,0,1,132,0.5428447229717621,3,0.5,0
2026-05-23 06:54:00+00:00,497.2281316499731,1,1,0,1,170,0.9222012171688307,4,0.0,0
2026-05-23 07:23:00+00:00,5264.854523776827,0,1,0,2,155,5.23777281984522,5,0.0,0
2026-05-23 08:26:00+00:00,817.4417820370753,1,1,0,0,322,1.2079556841528154,2,0.0,0
2026-05-23 08:34:00+00:00,91.83001362350765,0,1,0,0,251,0.19416615401517065,3,0.0,0
2026-05-23 09:21:00+00:00,1782.170922363173,0,1,0,0,14,1.0811540805670488,2,0.0,0
2026-05-23 10:43:00+00:00,387.7915283919808,0,4,0,2,181,0.2723440314198878,3,0.75,1
2026-05-23 11:17:00+00:00,338.61423204345243,0,1,0,1,121,0.2291032418802105,8,0.0,0
2026-05-23 11:22:00+00:00,4936.786739823973,1,1,0,1,126,4.443031162504397,6,0.0,1
2026-05-23 12:09:00+00:00,427.12201026766047,0,1,0,1,144,1.0,8,0.0,0
2026-05-23 12:14:00+00:00,136.08681075672436,1,1,0,3,219,0.073335094946569,5,0.0,0
2026-05-23 12:32:00+00:00,2379.5286143988337,0,1,0,3,6,2.407063871984151,3,0.0,0
2026-05-23 12:35:00+00:00,267.1344649560222,1,1,0,0,247,0.3924547280403193,4,0.0,0
2026-05-23 12:44:00+00:00,939.5516109155659,0,1,0,1,172,1.4518881899984353,8,0.0,0
2026-05-23 14:22:00+00:00,5711.987696860275,1,2,0,0,313,4.718940150023999,6,0.5,1
2026-05-23 14:42:00+00:00,693.711868362874,0,1,0,1,1,0.9907770466080472,2,0.0,0
2026-05-23 15:00:00+00:00,388.70371734927943,0,1,0,0,11,0.3138933050840523,1,0.0,0
2026-05-23 15:03:00+00:00,2101.2354032396847,0,2,0,0,54,1.8420149277288496,1,0.5,0
2026-05-23 15:10:00+00:00,2286.6392791609624,1,1,0,2,251,2.544572483197232,6,0.0,0
2026-05-23 15:20:00+00:00,233.8417679380763,0,1,0,0,183,0.1878599302360039,5,0.0,0
2026-05-23 16:19:00+00:00,574.932487392686,1,1,0,1,272,0.5057275821232062,7,0.0,0
2026-05-23 16:23:00+00:00,1801.9921842486722,0,1,0,0,123,3.2512516614443743,3,0.0,0
2026-05-23 17:38:00+00:00,297.60662427353486,0,1,0,1,185,1.0,2,0.0,0
2026-05-23 17:50:00+00:00,142.04589941824972,1,1,0,0,148,1.0,5,0.0,0
2026-05-23 18:31:00+00:00,151.08171622789857,0,1,0,1,93,0.2790971553773402,3,0.0,0
2026-05-23 18:39:00+00:00,254.61329390213524,0,1,0,2,221,0.28543232308549527,4,0.0,0
2026-05-23 18:43:00+00:00,48.68896846482359,0,1,0,5,319,0.07331830845975316,6,0.0,0
2026-05-23 18:55:00+00:00,1488.153129268402,0,2,0,3,93,2.4502113960381324,1,0.5,0
2026-05-23 19:51:00+00:00,1548.1358157408138,0,1,0,2,53,2.9297504541218236,4,0.0,0
2026-05-23 19:55:00+00:00,283.8686149643794,0,1,0,1,123,0.48490277956829375,3,0.0,0
2026-05-23 20:24:00+00:00,53.438944754857395,1,1,0,1,106,1.0,4,0.0,0
2026-05-23 20:24:00+00:00,332.5799226715809,0,1,0,1,248,0.4756258260899045,5,0.0,0
2026-05-23 20:48:00+00:00,1694.3142854251946,0,2,0,0,203,1.7139949949932634,2,0.5,0
2026-05-23 20:55:00+00:00,710.4233766762719,1,1,0,1,262,0.5306531336548921,11,0.0,0
2026-05-23 20:55:00+00:00,264.88660257540835,0,1,0,1,318,0.2482203056971035,6,0.0,0
2026-05-23 20:58:00+00:00,493.85918528800283,0,1,0,1,236,0.236099352099694,1,0.0,0
2026-05-23 21:03:00+00:00,752.1741302966631,0,1,0,0,69,0.642860168117471,1,0.0,0
2026-05-23 21:13:00+00:00,190.26516466223225,0,4,0,0,319,1.0,3,0.75,1
2026-05-23 21:23:00+00:00,572.6739533834625,0,1,0,1,29,1.277932633671169,4,0.0,1
2026-05-23 21:28:00+00:00,752.9564784432243,1,1,0,3,346,0.8079208368418375,5,0.0,0
2026-05-23 21:36:00+00:00,174.18820619526838,0,3,0,2,58,1.0,4,0.6666666666666666,0
2026-05-23 21:42:00+00:00,899.6572082535414,0,1,0,0,260,0.7800261532766272,3,0.0,0
2026-05-23 21:48:00+00:00,1349.9641981263158,0,3,0,1,7,2.9089136078767632,6,0.6666666666666666,0
2026-05-23 22:27:00+00:00,1335.602723932999,0,1,0,0,209,0.8250961463761073,5,0.0,0
2026-05-23 23:03:00+00:00,62.92189522799545,0,1,0,2,176,0.14899340386870497,2,0.0,0
2026-05-24 00:04:00+00:00,275.4525527167913,0,1,0,2,257,0.27661343142548894,1,0.0,0
2026-05-24 00:57:00+00:00,1337.4994829898308,0,1,0,2,104,1.7698017161688984,4,0.0,0
2026-05-24 01:13:00+00:00,157.35547521189017,0,2,0,1,20,0.3605665903692887,3,0.5,0
2026-05-24 02:00:00+00:00,878.9734813127803,0,1,0,2,32,0.524027095812993,3,0.0,0
2026-05-24 02:23:00+00:00,3745.3751413477903,1,1,0,2,200,1.0,4,0.0,1
2026-05-24 03:11:00+00:00,481.04200717820476,0,1,0,1,352,0.5906998268631719,4,0.0,0
2026-05-24 03:18:00+00:00,326.164911411719,0,1,0,0,267,0.9601711188329559,3,0.0,0
2026-05-24 05:12:00+00:00,106.46117985994036,1,4,0,1,97,0.05496365283209116,4,0.75,1
2026-05-24 05:31:00+00:00,810.2968586530515,1,1,0,1,87,0.5662669322130024,5,0.0,0
2026-05-24 05:38:00+00:00,995.2554155066853,0,1,0,1,53,1.8154134909164774,7,0.0,0
2026-05-24 05:51:00+00:00,5848.605016510446,0,1,0,0,162,1.0,4,0.0,0
2026-05-24 06:34:00+00:00,92.03207799355576,0,1,0,1,68,0.10024565458743763,4,0.0,0
2026-05-24 06:49:00+00:00,635.0580853519432,0,1,0,1,61,1.2641479327296334,3,0.0,0
2026-05-24 07:14:00+00:00,1016.1350680811073,0,1,0,1,103,0.89274028789881,5,0.0,0
2026-05-24 07:36:00+00:00,266.04778406386623,1,1,0,1,7,1.0,5,0.0,1
2026-05-24 07:44:00+00:00,2235.539141950355,1,1,0,0,2,1.0,3,0.0,0
2026-05-24 08:02:00+00:00,555.7744888035702,0,1,0,1,82,0.6978389336038894,8,0.0,0
2026-05-24 09:26:00+00:00,199.1041339087801,1,1,0,1,346,0.3055349089054871,3,0.0,0
2026-05-24 09:27:00+00:00,146.66979612944823,1,4,0,3,221,0.08754099947022564,3,0.75,0
2026-05-24 10:04:00+00:00,393.282913736875,1,2,0,2,78,0.36540977279849657,5,0.5,1
2026-05-24 10:28:00+00:00,324.7692034042029,1,1,0,1,99,0.5244478024494258,4,0.0,0
2026-05-24 10:35:00+00:00,201.94696317041195,0,2,0,3,309,0.19241324675594265,3,0.5,0
2026-05-24 11:12:00+00:00,1133.9291662915564,0,1,0,1,118,1.3400672780700729,6,0.0,0
2026-05-24 11:18:00+00:00,1141.329586011785,0,1,0,0,56,2.527231718690517,3,0.0,0
2026-05-24 11:24:00+00:00,1456.485806322065,0,1,0,1,141,1.4620660045854699,4,0.0,0
2026-05-24 11:28:00+00:00,292.9246803443113,1,1,0,1,186,1.0,5,0.0,0
2026-05-24 12:19:00+00:00,924.9458449407639,1,1,0,3,288,2.0599472811936903,4,0.0,1
2026-05-24 13:17:00+00:00,1440.1748732174233,0,1,0,0,321,1.0975913916318287,5,0.0,0
2026-05-24 13:24:00+00:00,193.09519630909293,0,1,0,1,210,1.0,4,0.0,0
2026-05-24 13:49:00+00:00,2958.923364619232,0,3,0,0,295,4.528407999200923,3,0.6666666666666666,0
2026-05-24 15:01:00+00:00,897.6909582506279,0,3,0,1,206,0.982348906574881,5,0.6666666666666666,0
2026-05-24 15:26:00+00:00,1347.5201402670386,0,1,0,0,87,1.9049696110111334,5,0.0,0
2026-05-24 16:20:00+00:00,777.0298552270584,0,1,0,2,107,0.7136116317774989,5,0.0,0
2026-05-24 16:23:00+00:00,1029.8007492100585,0,2,0,0,75,0.8996542561601379,6,0.5,0
2026-05-24 17:00:00+00:00,357.62303717053885,0,1,0,1,94,0.4628257324638891,11,0.0,0
2026-05-24 17:06:00+00:00,387.28357895143847,0,1,0,3,270,0.34325923466613406,4,0.0,0
2026-05-24 17:48:00+00:00,1022.5652357353329,0,3,0,2,5,1.3941246534855676,3,0.6666666666666666,0
2026-05-24 18:28:00+00:00,150.81536277890666,0,2,0,0,252,0.1003944960405292,7,0.5,0
2026-05-24 20:19:00+00:00,1685.541687193353,0,1,0,1,143,1.7559555996236924,4,0.0,0
2026-05-24 20:38:00+00:00,696.4255280341911,0,1,0,0,17,1.1245590239520387,5,0.0,0
2026-05-24 20:47:00+00:00,2093.639043758206,0,1,0,2,355,1.5921441854958829,6,0.0,0
2026-05-24 21:10:00+00:00,1288.4415438820417,0,1,0,0,121,1.2206580388338133,5,0.0,0
2026-05-24 21:13:00+00:00,2027.3307443267508,0,2,0,0,284,2.173844684625909,4,0.5,0
2026-05-24 21:46:00+00:00,137.4307896498577,0,1,0,0,102,1.0,1,0.0,0
2026-05-24 22:48:00+00:00,403.17755452819495,0,4,0,1,109,1.0,6,0.75,0
2026-05-24 23:02:00+00:00,238.15421381159746,0,4,0,0,180,0.21961218946873365,1,0.75,0
2026-05-24 23:28:00+00:00,330.4457315291382,1,3,2,3,159,1.0,7,0.6666666666666666,1
2026-05-24 23:48:00+00:00,505.7125996854132,0,1,0,0,94,1.0052988776463727,4,0.0,0
2026-05-24 23:52:00+00:00,124.69690797842263,0,1,1,3,75,0.18798366932904167,2,0.0,0
2026-05-25 00:10:00+00:00,1473.3086396493898,0,1,0,0,31,1.4537478611464187,2,0.0,0
2026-05-25 00:14:00+00:00,399.14838807940754,0,1,0,2,39,0.7964930396296829,3,0.0,0
2026-05-25 00:23:00+00:00,1216.33153556777,0,2,0,2,237,1.0681238423333679,4,0.5,0
2026-05-25 00:24:00+00:00,2376.661640858943,1,1,0,0,87,0.8453405993110436,7,0.0,0
2026-05-25 00:37:00+00:00,1360.3374665509389,0,1,0,0,250,2.1980365891154032,2,0.0,0
2026-05-25 01:20:00+00:00,335.05427993032555,1,1,0,3,246,0.3846804634754404,7,0.0,0
2026-05-25 02:20:00+00:00,941.0665264605963,0,1,0,0,353,0.5441461872761293,5,0.0,0
2026-05-25 03:34:00+00:00,530.301858395328,0,1,0,2,272,1.0,4,0.0,0
2026-05-25 03:40:00+00:00,478.02337290801654,1,1,0,2,25,1.0,2,0.0,1
2026-05-25 03:56:00+00:00,520.695931605833,0,1,0,1,145,1.0,4,0.0,0
2026-05-25 04:05:00+00:00,537.8434466254128,0,1,0,1,137,0.41592519434198605,3,0.0,0
2026-05-25 04:06:00+00:00,1375.7991661931205,0,3,0,0,19,1.5197608877483566,4,0.6666666666666666,0
2026-05-25 04:09:00+00:00,139.22636405522067,0,1,1,3,74,0.5525552568244951,3,0.0,0
2026-05-25 04:11:00+00:00,357.95341981056316,0,1,0,0,261,0.333631539225647,3,0.0,0
2026-05-25 04:24:00+00:00,472.86665279603835,0,1,0,1,251,0.9009567659271697,5,0.0,0
2026-05-25 04:27:00+00:00,677.0760822271322,1,1,0,0,172,0.8634978018359039,4,0.0,0
2026-05-25 06:52:00+00:00,569.005211250561,0,3,0,1,40,0.5632833715213881,5,0.6666666666666666,0
2026-05-25 07:13:00+00:00,506.7541624213598,0,1,0,1,308,0.7573791259221168,4,0.0,1
2026-05-25 07:56:00+00:00,769.91859510567,0,1,0,0,154,1.0,3,0.0,1
2026-05-25 08:09:00+00:00,1102.3625146455988,1,1,0,1,213,1.3305909452602365,3,0.0,1
2026-05-25 08:26:00+00:00,385.8180900395229,1,1,0,0,70,1.0,4,0.0,1
2026-05-25 08:29:00+00:00,379.1661236510197,0,1,0,0,27,1.0,5,0.0,0
2026-05-25 08:48:00+00:00,478.472707472531,0,1,0,0,196,1.0,6,0.0,0
2026-05-25 08:52:00+00:00,2201.462895841377,0,1,0,4,153,1.6016475308800024,4,0.0,0
2026-05-25 08:52:00+00:00,110.10626343820918,0,1,0,4,116,0.09680105516635114,4,0.0,0
2026-05-25 09:25:00+00:00,910.6980322450762,0,1,0,0,59,1.2184075596660218,5,0.0,0
2026-05-25 10:08:00+00:00,510.412350520414,1,1,0,2,312,0.191340677549316,3,0.0,0
2026-05-25 10:20:00+00:00,429.5061136547566,0,1,0,1,47,0.47048339146387813,5,0.0,0
2026-05-25 10:30:00+00:00,628.0661999699,1,1,0,1,176,0.7515354108685517,6,0.0,0
2026-05-25 10:40:00+00:00,1141.6636298877368,1,4,0,0,252,1.5074159847870252,4,0.75,0
2026-05-25 10:55:00+00:00,343.501618178573,0,1,0,1,245,0.2617875413634298,6,0.0,0
2026-05-25 11:10:00+00:00,234.33857399333993,0,1,0,0,26,0.27159532978830375,2,0.0,0
2026-05-25 12:26:00+00:00,121.52680896709475,0,1,0,1,311,0.12447405145046372,6,0.0,0
2026-05-25 12:44:00+00:00,857.1879499058746,0,1,0,1,281,1.9344837460609512,4,0.0,0
2026-05-25 12:57:00+00:00,80.95246425559142,1,1,0,0,182,0.1636066521751423,5,0.0,0
2026-05-25 12:58:00+00:00,572.578035056923,0,1,0,0,345,0.3843989115987897,3,0.0,0
2026-05-25 12:59:00+00:00,539.44722963451,0,2,0,0,128,0.8624151071405625,3,0.5,0
2026-05-25 13:10:00+00:00,622.3986181990624,0,1,0,0,272,1.1832696258100366,4,0.0,0
2026-05-25 15:01:00+00:00,738.8895308571875,1,1,0,0,200,1.061833596001068,3,0.0,0
2026-05-25 15:10:00+00:00,421.4414415690346,1,1,0,0,51,0.7347749242269981,3,0.0,0
2026-05-25 15:11:00+00:00,1121.2566225930314,0,1,0,0,166,2.336642741545534,4,0.0,0
2026-05-25 15:21:00+00:00,284.57128641037775,0,1,0,0,13,0.7769877702011747,3,0.0,0
2026-05-25 16:27:00+00:00,542.099504856424,0,1,0,1,228,0.8336664881727759,6,0.0,0
2026-05-25 17:52:00+00:00,1095.2580060273744,0,1,0,1,344,1.0118655896591775,3,0.0,0
2026-05-25 17:54:00+00:00,5248.098963637972,0,1,0,0,308,8.15736675421426,2,0.0,0
2026-05-25 17:54:00+00:00,725.4415151849346,0,1,0,1,18,1.0,4,0.0,0
2026-05-25 18:32:00+00:00,189.5285135995454,1,3,0,0,175,0.11254836988927437,5,0.6666666666666666,0
2026-05-25 18:35:00+00:00,147.09452419592415,0,1,0,1,86,1.0,5,0.0,0
2026-05-25 19:02:00+00:00,1674.9894415577285,1,1,0,0,91,2.9955707390024893,5,0.0,0
2026-05-25 19:24:00+00:00,177.54107519441592,0,1,0,2,101,0.16599022041480588,3,0.0,0
2026-05-25 19:35:00+00:00,730.6484933997797,1,1,0,1,312,1.4021994268121556,4,0.0,0
2026-05-25 19:42:00+00:00,143.26285430629446,0,1,0,1,290,0.3192014992512995,4,0.0,0
2026-05-25 19:47:00+00:00,2587.593628562725,0,1,0,1,178,3.355858353458031,3,0.0,0
2026-05-25 19:59:00+00:00,1390.5236454976794,0,2,0,3,138,1.0,7,0.5,1
2026-05-25 20:14:00+00:00,426.4790243434529,0,1,0,0,55,1.0,8,0.0,0
2026-05-25 20:30:00+00:00,241.38923021091188,0,1,0,1,281,1.0,12,0.0,0
2026-05-25 20:46:00+00:00,825.903579255639,0,1,0,0,312,1.0712164552797696,5,0.0,0
2026-05-25 21:35:00+00:00,956.413054272396,0,2,0,0,351,1.1023631219607266,5,0.5,0
2026-05-25 22:46:00+00:00,391.7675272361548,1,1,0,1,112,1.0,2,0.0,0
2026-05-25 23:45:00+00:00,373.903214616033,1,1,0,1,14,0.32217162186651627,3,0.0,0
2026-05-25 23:46:00+00:00,796.6190455097382,0,1,0,0,45,1.0,2,0.0,0
2026-05-26 00:51:00+00:00,471.5348897606948,0,1,0,0,259,0.6576695469000196,6,0.0,0
2026-05-26 00:59:00+00:00,209.99217772069466,1,2,0,3,334,0.5017728817215046,7,0.5,0
2026-05-26 01:26:00+00:00,501.48349800144115,0,1,0,2,81,0.7378357068208519,3,0.0,0
2026-05-26 02:24:00+00:00,4337.383299478575,1,1,0,0,109,8.10944609769512,4,0.0,0
2026-05-26 03:14:00+00:00,2540.0956622336826,0,1,0,0,267,5.085874594485188,5,0.0,0
2026-05-26 03:39:00+00:00,1184.0249864678362,0,1,0,2,8,2.0690537099192294,4,0.0,0
2026-05-26 04:34:00+00:00,926.5016080986039,1,4,0,0,28,0.7577869925291913,2,0.75,0
2026-05-26 04:47:00+00:00,344.7893697485592,0,1,0,2,274,0.22514194001393426,8,0.0,0
2026-05-26 04:53:00+00:00,462.64422842455497,0,2,0,1,112,0.374906669186864,3,0.5,0
2026-05-26 04:57:00+00:00,827.249878406091,0,1,0,3,187,0.739958614703957,4,0.0,0
2026-05-26 05:24:00+00:00,208.6376708382046,1,1,1,4,94,0.3136758612425423,2,0.0,1
2026-05-26 05:37:00+00:00,223.33939210829212,1,1,0,1,20,0.31875465286464394,3,0.0,0
2026-05-26 05:41:00+00:00,1339.4173322474426,0,2,0,3,276,1.0,4,0.5,0
2026-05-26 07:39:00+00:00,5381.861245620404,0,1,0,2,242,6.692071585673415,3,0.0,0
2026-05-26 07:52:00+00:00,495.87604950869036,1,1,0,1,97,0.7932405860473402,2,0.0,0
2026-05-26 08:24:00+00:00,858.856018641861,1,1,0,2,139,0.854100918415948,2,0.0,0
2026-05-26 08:49:00+00:00,1395.5586825628407,1,1,0,2,0,2.798743345377767,5,0.0,0
2026-05-26 09:33:00+00:00,358.3840466185161,0,1,0,0,277,0.42852611616549824,2,0.0,0
2026-05-26 09:54:00+00:00,333.77570735761526,0,2,1,3,135,0.7034069050615462,6,0.5,0
2026-05-26 10:17:00+00:00,1441.3995664033318,0,1,0,0,297,1.0746209696499986,6,0.0,0
2026-05-26 11:26:00+00:00,1854.642311853652,0,1,0,1,79,1.422537033693451,2,0.0,0
2026-05-26 11:36:00+00:00,244.60804582326807,0,4,0,1,88,0.33968512017218205,5,0.75,0
2026-05-26 13:53:00+00:00,2167.482905149629,0,1,0,1,137,3.9326010924867156,4,0.0,0
2026-05-26 14:18:00+00:00,2039.1664345353877,0,1,0,1,28,3.57631356867924,5,0.0,1
2026-05-26 14:59:00+00:00,1281.4242014828153,1,3,0,1,117,3.2147337003197674,3,0.6666666666666666,0
2026-05-26 15:17:00+00:00,3305.557891193173,0,1,0,1,258,6.410989093996665,4,0.0,0
2026-05-26 15:20:00+00:00,450.4019912073533,0,2,0,0,335,0.5852284869800815,8,0.5,0
2026-05-26 15:54:00+00:00,1235.6443903436543,1,1,0,1,278,0.9317891575198637,7,0.0,0
2026-05-26 15:55:00+00:00,343.7142499986822,0,1,0,0,177,0.8240776366504785,5,0.0,0
2026-05-26 17:50:00+00:00,899.5785350938306,1,1,0,0,38,1.3157060202966075,4,0.0,0
2026-05-26 18:04:00+00:00,1315.2965589168102,0,1,0,2,97,3.3299313782529936,5,0.0,0
2026-05-26 18:32:00+00:00,588.9181007604235,0,1,0,1,145,0.380343813855661,2,0.0,0
2026-05-26 19:26:00+00:00,184.9464775619812,0,1,0,0,301,0.08853331630909204,1,0.0,0
2026-05-26 19:47:00+00:00,66.48577316399165,0,1,0,0,98,0.0797496072536513,5,0.0,0
2026-05-26 19:48:00+00:00,1727.1890313466963,0,1,0,0,280,2.7662309063644006,2,0.0,0
2026-05-26 20:15:00+00:00,388.7247597356103,0,3,0,3,184,1.0,6,0.6666666666666666,0
2026-05-26 20:17:00+00:00,297.604791032989,0,1,0,0,176,0.24103346733345848,4,0.0,0
2026-05-26 20:47:00+00:00,138.73038961547968,1,4,0,1,252,0.11963990368103106,5,0.75,0
2026-05-26 20:48:00+00:00,2210.74732844954,0,2,0,1,6,3.85289083910807,6,0.5,1
2026-05-26 21:24:00+00:00,169.17639855332305,1,1,0,2,341,0.30850428601590024,2,0.0,0
2026-05-26 21:37:00+00:00,288.59751952302554,1,1,0,1,219,0.2738396525374407,7,0.0,0
2026-05-26 22:04:00+00:00,540.9922790523697,0,2,0,2,271,1.0,2,0.5,0
2026-05-26 22:06:00+00:00,471.5358356946777,0,1,0,1,43,0.6920195109119934,2,0.0,0
2026-05-26 22:09:00+00:00,406.8111382628754,0,4,0,3,155,0.5592674490025775,7,0.75,0
2026-05-26 22:51:00+00:00,192.59674727732929,0,2,2,2,262,0.1317919029424585,5,0.5,1
2026-05-26 22:56:00+00:00,2420.25600066981,0,1,0,1,57,1.0,4,0.0,0
2026-05-27 00:54:00+00:00,558.3044077478567,1,1,0,0,233,0.7615599740296648,4,0.0,0
2026-05-27 01:07:00+00:00,1714.1804257093097,0,1,0,1,275,1.0,4,0.0,0
2026-05-27 01:59:00+00:00,575.6442216369306,0,4,0,1,347,1.0,4,0.75,0
2026-05-27 02:17:00+00:00,777.3288577808862,0,1,0,0,114,0.6512377957617763,4,0.0,0
2026-05-27 02:27:00+00:00,170.60125267414014,0,1,0,1,155,0.15169204659432511,3,0.0,0
2026-05-27 03:28:00+00:00,879.7442457932184,0,1,0,0,289,1.514544937760347,3,0.0,0
2026-05-27 03:42:00+00:00,662.2701073763528,0,1,1,1,12,0.6751499722843806,5,0.0,1
2026-05-27 04:01:00+00:00,1142.132945882131,0,3,0,0,14,1.2085607013148563,2,0.6666666666666666,0
2026-05-27 04:14:00+00:00,301.4577075559525,0,1,1,2,131,0.30547377500715445,13,0.0,0
2026-05-27 04:23:00+00:00,1057.9751871817925,0,1,0,0,171,1.0,6,0.0,0
2026-05-27 04:35:00+00:00,72.14408337722445,0,1,0,2,136,0.04397059031043654,5,0.0,0
2026-05-27 04:56:00+00:00,1113.2281870465245,0,1,0,2,132,1.5644702401199329,4,0.0,0
2026-05-27 05:05:00+00:00,63.06390879196697,1,1,0,1,273,0.053678908816015815,6,0.0,0
2026-05-27 07:17:00+00:00,198.34888264539183,0,1,0,0,146,0.35570603814701335,1,0.0,0
2026-05-27 07:35:00+00:00,485.63265756849125,1,3,0,1,271,0.4794379613664678,3,0.6666666666666666,0
2026-05-27 07:46:00+00:00,647.5465475630291,1,1,0,2,297,2.1346850464566995,5,0.0,0
2026-05-27 08:02:00+00:00,1240.9281707104187,0,2,0,1,336,1.0,3,0.5,0
2026-05-27 08:27:00+00:00,182.70000938919281,0,1,0,3,299,1.0,4,0.0,0
2026-05-27 08:28:00+00:00,558.2513961460455,1,1,0,2,173,1.0968071182284607,8,0.0,0
2026-05-27 08:45:00+00:00,161.84222716526747,0,1,0,1,264,0.16495736747528963,3,0.0,0
2026-05-27 08:54:00+00:00,442.9499831689318,0,4,0,1,304,0.4750342872577108,4,0.75,0
2026-05-27 09:29:00+00:00,1277.0576266709415,0,1,0,2,226,2.1405367583396964,7,0.0,0
2026-05-27 09:54:00+00:00,774.9787367777499,0,2,0,1,8,1.2011264915656175,2,0.5,0
2026-05-27 11:38:00+00:00,465.8872243860418,0,2,0,0,225,1.0,4,0.5,0
2026-05-27 12:17:00+00:00,166.11348127519113,0,1,0,1,84,0.24125580220841755,4,0.0,0
2026-05-27 13:07:00+00:00,502.186438465243,1,1,1,6,148,0.9317796441581438,3,0.0,1
2026-05-27 14:47:00+00:00,757.4946591022976,0,1,0,0,361,1.9431668153883968,5,0.0,0
2026-05-27 15:02:00+00:00,229.97534921056348,0,2,0,1,197,0.20578236256776328,5,0.5,0
2026-05-27 15:04:00+00:00,451.88345216277287,0,1,0,1,234,0.5317543534396383,3,0.0,0
2026-05-27 15:29:00+00:00,1723.109963813373,0,2,0,2,301,1.6617961244965644,3,0.5,0
2026-05-27 15:54:00+00:00,1646.7822331805196,0,4,0,1,272,2.325521516722903,4,0.75,0
2026-05-27 16:30:00+00:00,342.5879552587238,0,1,0,1,267,0.2640317070197994,6,0.0,0
2026-05-27 17:24:00+00:00,1465.8281748199295,1,1,0,1,251,1.0,7,0.0,0
2026-05-27 18:01:00+00:00,144.3983502374483,0,1,0,2,149,0.1516896237839612,5,0.0,0
2026-05-27 18:26:00+00:00,322.80753836579976,0,1,0,0,136,0.35792828297732043,6,0.0,0
2026-05-27 19:48:00+00:00,1354.6618123504331,0,1,0,2,300,1.8476397121907089,3,0.0,0
2026-05-27 19:48:00+00:00,471.3914070841545,0,1,0,0,305,0.3342700756226375,4,0.0,0
2026-05-27 20:05:00+00:00,275.7341176252691,1,2,2,1,11,0.37313639352140265,5,0.5,1
2026-05-27 20:23:00+00:00,219.11161128203116,0,2,0,0,151,0.19694565479551127,6,0.5,0
2026-05-27 21:09:00+00:00,1138.3622969415164,0,1,0,1,252,1.1073180682744812,5,0.0,0
2026-05-27 23:35:00+00:00,324.8366125190786,0,1,0,2,131,0.33848720634007956,5,0.0,0
2026-05-28 01:20:00+00:00,2314.2753561262834,0,1,0,1,339,0.9808768891413613,2,0.0,0
2026-05-28 01:51:00+00:00,370.5687711768416,0,2,1,5,153,0.3894569089148028,6,0.5,1
2026-05-28 02:10:00+00:00,197.4343948356393,0,1,0,3,325,1.0,5,0.0,0
2026-05-28 02:30:00+00:00,673.7374930189532,0,1,0,1,26,0.8607611727146793,8,0.0,0
2026-05-28 02:37:00+00:00,1345.6937948852803,0,1,0,1,269,1.3749693041816657,6,0.0,0
2026-05-28 02:41:00+00:00,1158.7550457641096,0,2,0,2,212,1.0,5,0.5,0
2026-05-28 04:31:00+00:00,540.9713546971564,0,1,0,3,289,0.699466759919166,6,0.0,0
2026-05-28 04:37:00+00:00,2869.079371508142,0,1,0,2,327,2.7088772210675893,10,0.0,0
2026-05-28 04:57:00+00:00,568.9854377819973,1,2,1,4,173,0.9075767880412509,4,0.5,1
2026-05-28 04:59:00+00:00,1439.7235242472482,0,1,0,2,169,1.622578761099193,5,0.0,0
2026-05-28 06:39:00+00:00,4431.900437493778,0,2,0,1,98,4.39740193697358,4,0.5,0
2026-05-28 07:12:00+00:00,980.1335135015199,0,1,0,1,140,1.7063574548490317,4,0.0,0
2026-05-28 07:33:00+00:00,1072.5833185013228,1,2,0,0,249,2.559723386496005,5,0.5,0
2026-05-28 07:53:00+00:00,1177.9980957107525,1,1,0,1,218,1.929602153053218,7,0.0,0
2026-05-28 08:44:00+00:00,1414.0293028207825,0,1,0,0,236,2.2688659984673705,4,0.0,0
2026-05-28 09:15:00+00:00,359.98899111677696,1,1,0,3,264,0.37906992106351683,2,0.0,0
2026-05-28 10:50:00+00:00,155.89880187969274,1,1,0,1,63,0.16013358919087234,4,0.0,0
2026-05-28 11:29:00+00:00,818.1819116041625,0,2,0,3,6,2.018172143495688,4,0.5,0
2026-05-28 11:33:00+00:00,654.3498562483883,0,1,0,1,330,0.6965815307797374,2,0.0,0
2026-05-28 12:56:00+00:00,258.8458100904473,0,1,0,0,0,0.4408911445241371,1,0.0,0
2026-05-28 13:29:00+00:00,1564.8593745571916,0,3,0,2,313,1.6688224228962818,2,0.6666666666666666,0
2026-05-28 13:30:00+00:00,746.4201048462864,0,1,0,0,255,0.6151591071257106,9,0.0,0
2026-05-28 13:38:00+00:00,1124.674944396788,0,2,0,0,324,1.0,6,0.5,0
2026-05-28 14:46:00+00:00,260.0619064300915,0,1,0,0,9,0.1915048296573697,3,0.0,0
2026-05-28 15:23:00+00:00,126.39649559496678,1,1,0,2,131,1.0,6,0.0,0
2026-05-28 16:12:00+00:00,185.2418054269492,0,1,0,0,184,1.0,3,0.0,0
2026-05-28 16:55:00+00:00,428.9636851540967,1,4,0,1,156,0.2868277373730192,2,0.75,0
2026-05-28 18:21:00+00:00,71.39638215112656,1,1,0,0,70,0.19180053782665016,4,0.0,1
2026-05-28 18:32:00+00:00,2716.8538880505726,0,1,0,0,163,3.02156958425606,3,0.0,0
2026-05-28 18:42:00+00:00,68.42440284500785,0,1,0,0,229,0.060678358770665616,5,0.0,0
2026-05-28 18:43:00+00:00,179.82368795875632,1,2,0,1,306,1.0,4,0.5,0
2026-05-28 19:06:00+00:00,1194.8709171541343,0,3,0,1,0,1.9974692784827819,5,0.6666666666666666,0
2026-05-28 19:34:00+00:00,394.5331851810928,1,1,0,0,86,1.0,4,0.0,0
2026-05-28 20:10:00+00:00,1199.7569265807251,0,1,0,2,33,0.6608737465386395,6,0.0,0
2026-05-28 20:29:00+00:00,777.4132601742202,0,1,0,2,307,0.6087847247876864,4,0.0,0
2026-05-28 21:03:00+00:00,1474.7118085402767,0,3,0,1,290,1.5164265799603365,5,0.6666666666666666,0
2026-05-28 21:14:00+00:00,1391.1580461180822,1,2,0,0,337,2.035275463760777,2,0.5,0
2026-05-28 21:37:00+00:00,552.0531269764597,1,1,0,0,276,0.9693837610191379,6,0.0,0
2026-05-28 21:38:00+00:00,418.3352729395245,0,1,0,2,235,0.5647458487522394,4,0.0,0
2026-05-28 21:46:00+00:00,777.2053609945395,0,1,0,1,54,0.8068401368881828,4,0.0,0
2026-05-28 22:30:00+00:00,4487.847442370183,0,4,0,0,289,5.658368236123994,7,0.75,0
2026-05-28 22:46:00+00:00,328.26264043838626,0,3,0,0,343,0.27616533520783726,4,0.6666666666666666,1
2026-05-28 23:23:00+00:00,2091.2822874739063,1,1,0,1,297,1.0,2,0.0,0
2026-05-28 23:30:00+00:00,571.7787274350045,0,1,0,0,70,0.45136264333413895,4,0.0,0
2026-05-28 23:32:00+00:00,166.71311934149577,0,1,0,1,101,0.13045435708790457,4,0.0,0
2026-05-29 00:55:00+00:00,75.04481253543149,1,1,0,0,237,0.07712401148972499,3,0.0,0
2026-05-29 02:22:00+00:00,38.651971073372124,1,2,0,1,0,0.03342609505881822,2,0.5,0
2026-05-29 02:37:00+00:00,374.1131691771725,0,1,0,0,144,0.4172085517590051,4,0.0,0
2026-05-29 02:46:00+00:00,639.5560924978448,1,1,0,0,171,1.0,6,0.0,0
2026-05-29 02:59:00+00:00,355.97256618948063,0,1,0,1,134,0.24702185318154884,3,0.0,0
2026-05-29 03:21:00+00:00,323.7391762841768,0,1,0,0,109,0.17640733277494564,7,0.0,0
2026-05-29 04:03:00+00:00,865.9414867375755,0,1,0,0,221,0.8776866364278443,4,0.0,0
2026-05-29 04:37:00+00:00,1117.5644597675127,0,1,0,0,247,2.2463386936577643,5,0.0,0
2026-05-29 04:48:00+00:00,181.7646423622113,0,1,0,1,180,0.3662764614614523,7,0.0,0
2026-05-29 05:36:00+00:00,170.17360740088063,0,1,0,0,60,0.3982900191940471,5,0.0,0
2026-05-29 05:36:00+00:00,182.28538751218366,0,1,0,0,296,0.2178959324200828,7,0.0,0
2026-05-29 06:02:00+00:00,612.5789844032831,1,1,0,0,306,0.4361596840792395,8,0.0,0
2026-05-29 06:13:00+00:00,364.9568006448282,0,1,0,2,344,1.0,4,0.0,1
2026-05-29 07:27:00+00:00,958.4006187705581,0,3,0,1,155,1.0,2,0.6666666666666666,0
2026-05-29 07:56:00+00:00,504.48998702003,1,1,0,1,164,0.7155149075846038,4,0.0,0
2026-05-29 08:06:00+00:00,1022.8565912350466,0,1,0,2,64,1.5643329501172545,2,0.0,0
2026-05-29 08:14:00+00:00,1021.9604555074447,0,1,0,1,342,1.2200408184200415,3,0.0,0
2026-05-29 09:06:00+00:00,193.80558789721255,0,1,0,4,345,1.0,4,0.0,0
2026-05-29 09:18:00+00:00,789.1257346399593,0,1,0,0,123,0.5675097644711042,2,0.0,0
2026-05-29 09:42:00+00:00,171.51088137057994,0,4,0,2,356,0.2482103361068854,5,0.75,0
2026-05-29 09:48:00+00:00,198.66187661438263,1,1,0,1,345,0.05025437251400005,4,0.0,0
2026-05-29 11:27:00+00:00,1043.1814454459395,0,4,2,3,67,0.9911226605917373,4,0.75,1
2026-05-29 11:28:00+00:00,611.9257809830664,0,2,0,1,28,0.787979119101899,4,0.5,0
2026-05-29 12:29:00+00:00,398.1841642006555,0,3,0,0,240,0.32764938477261435,2,0.6666666666666666,0
2026-05-29 12:53:00+00:00,257.34736018536717,0,1,0,3,291,1.0,5,0.0,0
2026-05-29 13:20:00+00:00,525.9682424055011,1,4,0,2,356,0.5101235965393568,2,0.75,0
2026-05-29 13:33:00+00:00,530.0917568631197,0,2,0,1,290,0.5460556177825223,4,0.5,0
2026-05-29 13:42:00+00:00,1104.5531518738135,1,1,0,3,259,0.4692728904165913,5,0.0,0
2026-05-29 13:45:00+00:00,367.95263133080425,0,1,0,0,91,0.5290937702273046,3,0.0,0
2026-05-29 14:08:00+00:00,1163.3256336042723,0,1,0,1,183,2.268968146816621,7,0.0,0
2026-05-29 14:21:00+00:00,1953.152873853205,0,1,0,3,358,1.3808879254720179,4,0.0,0
2026-05-29 14:28:00+00:00,762.268248774896,0,1,0,3,68,0.7913875568350514,3,0.0,0
2026-05-29 15:00:00+00:00,783.6868508353455,1,1,0,1,339,1.0,3,0.0,0
2026-05-29 15:37:00+00:00,973.5064797439379,1,1,0,2,242,1.5894878174667681,1,0.0,0
2026-05-29 16:47:00+00:00,364.0980022894194,1,1,0,1,69,0.5202842069238981,4,0.0,0
2026-05-29 17:19:00+00:00,554.6755251045081,0,2,0,0,214,0.55060828136444,3,0.5,0
2026-05-29 17:28:00+00:00,683.405264671848,0,1,0,2,364,0.7695976247641815,3,0.0,0
2026-05-29 17:36:00+00:00,1733.7376526659214,0,1,0,1,276,2.0489886748877195,4,0.0,0
2026-05-29 17:36:00+00:00,79.99402349019616,1,1,0,1,18,0.07482232203065257,4,0.0,0
2026-05-29 17:43:00+00:00,394.030736894157,0,1,0,2,281,0.5218733574210273,3,0.0,0
2026-05-29 18:23:00+00:00,160.28977635126185,0,1,0,2,243,1.0,2,0.0,0
2026-05-29 19:15:00+00:00,2582.665938612077,0,1,0,4,348,5.23964462866954,3,0.0,0
2026-05-29 19:23:00+00:00,490.38467299241887,1,1,0,0,3,0.8608602386036234,4,0.0,0
2026-05-29 19:43:00+00:00,158.22901151179047,0,1,0,0,30,1.0,7,0.0,0
2026-05-29 19:44:00+00:00,278.89919062072477,0,4,0,1,210,0.5632490016320384,6,0.75,0
2026-05-29 20:20:00+00:00,1258.3925526758771,1,1,0,0,53,1.2702237311721913,3,0.0,0
2026-05-29 21:38:00+00:00,322.144033315472,0,1,0,2,50,0.4591748463005977,4,0.0,0
2026-05-29 21:52:00+00:00,610.0594920045066,0,1,0,1,18,0.533755710075627,4,0.0,0
2026-05-29 22:29:00+00:00,225.08111702058582,0,1,1,3,54,0.29591163127171244,3,0.0,0
2026-05-29 23:32:00+00:00,1547.2023044484326,0,1,0,0,40,1.612984814898639,4,0.0,0
2026-05-30 00:00:00+00:00,488.0274243386541,0,1,0,1,312,0.8626933621014424,8,0.0,0
2026-05-30 00:06:00+00:00,1170.057153383811,0,1,0,1,100,1.8302915185656965,6,0.0,0
2026-05-30 01:16:00+00:00,1980.6422048842,0,1,0,0,74,4.2662337895207285,1,0.0,0
2026-05-30 01:17:00+00:00,2210.1600735103584,0,1,0,1,216,2.480737184712344,2,0.0,0
2026-05-30 02:29:00+00:00,339.6561779088988,1,1,0,0,213,0.24083930726464933,4,0.0,0
2026-05-30 03:24:00+00:00,206.84734207359196,0,1,1,2,106,0.137969854037871,4,0.0,1
2026-05-30 03:32:00+00:00,1379.8447061944094,1,1,0,0,28,1.0604586563463465,5,0.0,0
2026-05-30 04:01:00+00:00,604.591189935801,0,1,0,2,274,1.3452589725774005,7,0.0,0
2026-05-30 04:35:00+00:00,349.166534094924,0,1,0,0,98,0.47895824085514643,2,0.0,0
2026-05-30 04:39:00+00:00,83.78429445743309,0,1,0,2,11,0.10372883065046416,4,0.0,0
2026-05-30 05:19:00+00:00,1896.2813137733658,0,1,0,2,175,1.0,2,0.0,0
2026-05-30 05:32:00+00:00,560.3416180899101,0,2,0,1,220,1.030043852563819,8,0.5,0
2026-05-30 07:12:00+00:00,391.0752860401561,0,1,0,1,120,1.0,3,0.0,0
2026-05-30 07:22:00+00:00,269.74222526024494,0,4,0,1,157,0.5735064446439144,5,0.75,0
2026-05-30 08:08:00+00:00,527.0880590054832,0,1,0,2,90,0.9302209101327232,4,0.0,0
2026-05-30 10:04:00+00:00,1499.257717201343,1,1,0,0,344,1.0,4,0.0,0
2026-05-30 10:29:00+00:00,422.2755438986399,1,1,0,1,253,0.8296806260844667,4,0.0,0
2026-05-30 11:14:00+00:00,2395.972660116615,0,2,0,2,184,1.0,3,0.5,0
2026-05-30 11:30:00+00:00,599.6336113759213,1,2,0,2,218,1.0,5,0.5,0
2026-05-30 12:06:00+00:00,535.6592900476069,0,4,0,2,191,0.5836187455565521,3,0.75,0
2026-05-30 13:01:00+00:00,693.2161640507422,1,1,0,1,98,1.0,2,0.0,0
2026-05-30 13:16:00+00:00,99.76702389563519,1,1,0,2,207,0.12469971854588124,7,0.0,0
2026-05-30 13:35:00+00:00,180.89954045869285,1,1,0,0,189,0.5352004220945676,3,0.0,0
2026-05-30 13:39:00+00:00,594.2010195458422,0,1,0,0,359,0.7498656275950626,4,0.0,0
2026-05-30 14:00:00+00:00,1653.5747439677862,0,1,0,0,38,4.301561000608187,3,0.0,1
2026-05-30 14:32:00+00:00,1626.0204536619203,1,1,0,1,165,1.1660589026740833,2,0.0,0
2026-05-30 15:34:00+00:00,1867.970463430599,0,2,1,3,188,1.0,5,0.5,0
2026-05-30 15:43:00+00:00,3324.871178738482,0,1,0,0,214,3.4152749156558597,6,0.0,0
2026-05-30 15:56:00+00:00,624.9723899572743,1,3,0,2,240,1.0088534545849932,2,0.6666666666666666,0
2026-05-30 16:38:00+00:00,1312.62253046075,0,1,0,2,154,0.912863039713615,5,0.0,0
2026-05-30 16:52:00+00:00,102.53503340768415,0,1,0,0,89,0.0610750935966824,4,0.0,0
2026-05-30 18:17:00+00:00,1073.025122546036,0,1,0,0,8,1.7568922921882066,5,0.0,0
2026-05-30 18:17:00+00:00,314.3968358313565,0,1,0,1,227,0.29617516894107554,4,0.0,0
2026-05-30 19:05:00+00:00,1171.3291089013446,0,1,0,3,343,1.0,3,0.0,0
2026-05-30 19:57:00+00:00,400.3735930638206,1,1,0,1,173,0.3518532510891648,1,0.0,0
2026-05-30 21:14:00+00:00,49.114102102410314,0,2,2,2,49,0.07255488949617675,3,0.5,1
2026-05-30 21:18:00+00:00,1525.9334631487932,0,1,0,2,129,1.8625464379828258,7,0.0,0
2026-05-30 21:39:00+00:00,113.73369983548068,0,1,0,4,7,0.1473277246602297,4,0.0,0
2026-05-30 21:42:00+00:00,259.7362752516761,1,1,0,0,279,0.2346607204095614,5,0.0,0
2026-05-31 01:25:00+00:00,115.09082171388748,0,1,0,1,125,1.0,3,0.0,0
2026-05-31 01:36:00+00:00,1289.5595108013054,0,1,1,3,141,0.80335564904617,5,0.0,0
2026-05-31 01:41:00+00:00,39.06500502168048,1,1,0,1,295,0.08201173730457978,5,0.0,0
2026-05-31 01:50:00+00:00,510.0491870188454,1,1,0,1,356,0.5597968967268082,4,0.0,0
2026-05-31 02:19:00+00:00,52.967876813909385,0,4,0,0,149,0.1049944806975855,6,0.75,0
2026-05-31 03:04:00+00:00,1358.9762263323714,0,1,0,0,248,1.1676061220056038,3,0.0,0
2026-05-31 03:11:00+00:00,545.3535881654147,0,1,0,2,0,0.4193520163967003,2,0.0,0
2026-05-31 03:14:00+00:00,611.3247745531621,0,1,0,2,255,0.9106413730361714,4,0.0,0
2026-05-31 03:24:00+00:00,1073.9804178762888,0,1,0,1,50,1.3222052355055869,6,0.0,1
2026-05-31 03:52:00+00:00,284.94854769299485,0,2,0,1,206,0.1990996157355129,2,0.5,0
2026-05-31 05:51:00+00:00,577.3250187229125,0,1,0,2,8,0.5464146504936573,7,0.0,0
2026-05-31 06:23:00+00:00,1404.462490380724,0,1,0,0,161,2.615377863909132,4,0.0,0
2026-05-31 06:26:00+00:00,3101.205711549417,0,1,0,0,208,1.0,6,0.0,0
2026-05-31 06:38:00+00:00,456.57006166384,1,1,0,1,69,0.39707355375348746,7,0.0,0
2026-05-31 07:34:00+00:00,1300.3789046866893,0,1,0,2,40,1.0,6,0.0,0
2026-05-31 07:44:00+00:00,1824.5753489002755,0,1,0,2,245,2.1890860699452253,6,0.0,0
2026-05-31 08:06:00+00:00,156.45428315405215,0,1,0,3,131,0.19553869469964882,3,0.0,0
2026-05-31 09:01:00+00:00,1240.2445582265862,0,1,0,1,115,0.7881321336256445,6,0.0,0
2026-05-31 09:46:00+00:00,166.5862527758502,0,1,0,0,116,1.0,5,0.0,0
2026-05-31 09:57:00+00:00,815.0189914768932,0,1,0,0,25,1.0,5,0.0,0
2026-05-31 10:21:00+00:00,441.7713081878276,0,1,0,0,89,0.5495988310284831,5,0.0,0
2026-05-31 10:51:00+00:00,143.4532415266538,1,1,0,1,203,1.0,5,0.0,0
2026-05-31 11:09:00+00:00,366.1960893099921,1,1,0,0,161,0.3446575527048563,4,0.0,0
2026-05-31 11:22:00+00:00,3965.5919560617476,0,1,0,1,137,6.001374140463296,2,0.0,0
2026-05-31 11:28:00+00:00,1399.2747913194673,1,3,0,0,173,2.6503934759213337,2,0.6666666666666666,0
2026-05-31 12:30:00+00:00,138.79252303512243,0,1,0,1,46,0.1598906751328818,7,0.0,0
2026-05-31 12:32:00+00:00,149.79021489533636,0,1,1,5,288,0.15172600573671,6,0.0,0
2026-05-31 12:55:00+00:00,161.70191222315484,1,1,0,1,93,0.18618292347698612,5,0.0,0
2026-05-31 12:59:00+00:00,709.6466744266,0,1,1,3,80,1.4158001447585693,5,0.0,0
2026-05-31 13:43:00+00:00,539.1811564048172,0,2,0,1,118,0.7142967012578959,7,0.5,0
2026-05-31 14:37:00+00:00,1228.0317523099652,0,1,0,0,117,0.7932586897616251,6,0.0,0
2026-05-31 14:56:00+00:00,82.54194984569463,0,1,0,0,266,1.0,6,0.0,0
2026-05-31 15:08:00+00:00,254.82827961628502,0,1,0,0,337,1.0,5,0.0,0
2026-05-31 15:15:00+00:00,598.5597041667531,0,1,0,1,167,1.0,4,0.0,0
2026-05-31 15:16:00+00:00,1110.2618967666663,0,1,0,0,318,1.0,4,0.0,0
2026-05-31 16:32:00+00:00,145.26245133332,0,1,0,2,179,0.09913895151459273,2,0.0,0
2026-05-31 17:09:00+00:00,752.2690098132457,0,1,0,1,127,0.87436476426462,7,0.0,0
2026-05-31 17:13:00+00:00,208.5750063668061,0,2,0,1,258,0.2168482472909391,4,0.5,0
2026-05-31 17:40:00+00:00,369.7991232407526,0,1,0,0,4,0.4334037338508805,5,0.0,0
2026-05-31 17:50:00+00:00,277.257443355497,0,2,0,2,91,1.0,4,0.5,0
2026-05-31 18:58:00+00:00,302.5667208097389,0,1,0,0,43,0.6152026226987158,6,0.0,0
2026-05-31 19:04:00+00:00,1020.8876011965899,0,1,0,1,294,1.0,5,0.0,0
2026-05-31 20:15:00+00:00,2035.2327505642902,1,1,0,1,250,1.9083448952388584,6,0.0,0
2026-05-31 20:20:00+00:00,1232.2805409919888,0,2,0,1,61,2.143050651566833,4,0.5,0
2026-05-31 20:28:00+00:00,749.8510716679639,0,2,0,1,15,1.0,3,0.5,0
2026-05-31 20:56:00+00:00,460.09836966855573,1,1,0,0,109,1.0,5,0.0,1
2026-05-31 21:22:00+00:00,1117.257224876681,0,1,0,0,190,0.504415474431943,6,0.0,0
2026-05-31 21:25:00+00:00,268.9029853403353,1,1,0,1,188,0.24762241488872336,5,0.0,0
2026-05-31 21:54:00+00:00,472.9645774782824,0,1,0,0,289,1.0,5,0.0,0
2026-05-31 22:02:00+00:00,426.443607100088,0,1,0,2,170,0.31220370633748185,6,0.0,0
2026-05-31 22:44:00+00:00,127.54699226387436,1,1,0,0,3,0.1493759056848717,6,0.0,0
2026-05-31 23:14:00+00:00,482.53021197222034,0,1,0,0,58,0.598996106585945,2,0.0,0
2026-05-31 23:20:00+00:00,359.38148928405485,0,1,0,3,144,0.45281587072721385,2,0.0,0
2026-06-01 01:08:00+00:00,2200.351150441574,1,1,0,3,298,1.5264142881256964,2,0.0,0
2026-06-01 01:16:00+00:00,1792.4701653381048,1,1,0,0,63,1.0,3,0.0,1
2026-06-01 01:16:00+00:00,1807.6868049846078,0,1,0,2,17,1.0,4,0.0,0
2026-06-01 02:23:00+00:00,1092.901099359306,0,4,0,3,68,1.2844664872002374,4,0.75,0
2026-06-01 04:46:00+00:00,855.4952191876579,0,1,0,1,252,1.962769244053058,5,0.0,0
2026-06-01 05:01:00+00:00,213.36862641458447,0,1,0,1,51,1.0,4,0.0,0
2026-06-01 05:27:00+00:00,735.2576593823062,1,1,0,1,343,0.6905492518034835,3,0.0,0
2026-06-01 05:30:00+00:00,1500.7301633089457,0,1,0,0,161,1.4456571155327484,2,0.0,0
2026-06-01 06:13:00+00:00,1380.2026143797368,0,2,0,0,209,1.5382813308300967,3,0.5,0
2026-06-01 06:41:00+00:00,258.19287819830623,0,1,0,0,112,0.39459036437756206,5,0.0,0
2026-06-01 06:51:00+00:00,556.962493109078,0,1,0,0,355,0.6546262441811456,3,0.0,0
2026-06-01 06:59:00+00:00,520.3661183008294,0,1,0,0,145,0.7888109670513316,1,0.0,0
2026-06-01 07:52:00+00:00,1795.5540385606278,1,2,0,1,72,2.1342070036159884,3,0.5,1
2026-06-01 09:00:00+00:00,426.1663771140145,1,1,0,1,19,0.3912983006068092,5,0.0,1
2026-06-01 09:04:00+00:00,346.07382823195405,1,1,0,3,70,1.0,3,0.0,1
2026-06-01 09:06:00+00:00,202.10011835298752,0,1,0,1,292,0.16825631806668492,5,0.0,0
2026-06-01 09:15:00+00:00,1015.7193352954848,0,1,0,0,361,1.2219619832242794,2,0.0,0
2026-06-01 09:28:00+00:00,814.4341964370701,0,1,0,2,160,0.4683258823739742,4,0.0,0
2026-06-01 11:18:00+00:00,502.44748635167895,0,1,0,1,101,0.7746530625664413,5,0.0,0
2026-06-01 11:26:00+00:00,86.90312831282995,0,1,0,1,210,0.17177141623015243,3,0.0,0
2026-06-01 11:34:00+00:00,654.3554978588036,1,1,0,1,62,0.9662851259041486,4,0.0,0
2026-06-01 12:04:00+00:00,374.48784196848436,0,2,0,1,260,0.7499809907876342,4,0.5,0
2026-06-01 12:08:00+00:00,2516.2002486451365,0,1,0,1,155,3.856624513729914,5,0.0,0
2026-06-01 12:40:00+00:00,1086.979593202516,0,1,0,1,318,0.7893619873423561,3,0.0,0
2026-06-01 13:00:00+00:00,428.1349811155979,0,1,0,1,89,0.39997508901222684,4,0.0,0
2026-06-01 14:26:00+00:00,2897.4959514867664,0,1,0,1,238,2.1717497701317376,2,0.0,0
2026-06-01 14:55:00+00:00,237.10724245316067,0,1,0,1,197,0.2690990571357872,3,0.0,0
2026-06-01 15:08:00+00:00,254.50209168367377,0,1,0,0,240,0.302094256893645,3,0.0,0
2026-06-01 16:01:00+00:00,1524.6726151442222,0,2,0,0,238,2.4547603291988755,8,0.5,0
2026-06-01 16:03:00+00:00,133.94324261776814,0,1,0,1,358,0.3771107592988109,2,0.0,0
2026-06-01 16:17:00+00:00,915.8676666872292,1,1,0,0,152,1.8488881533458128,5,0.0,0
2026-06-01 16:31:00+00:00,2511.6725606168447,0,2,0,1,347,3.715100732139224,9,0.5,0
2026-06-01 16:41:00+00:00,620.5743010671049,0,1,0,0,71,0.9989179607004329,4,0.0,0
2026-06-01 17:52:00+00:00,473.8163414181954,0,1,0,2,198,1.0,9,0.0,0
2026-06-01 18:12:00+00:00,404.7566805235305,1,1,0,4,271,0.5238417039671227,7,0.0,0
2026-06-01 18:27:00+00:00,2534.3033669060096,0,1,0,1,182,4.682378500665663,4,0.0,0
2026-06-01 18:41:00+00:00,135.88430781456688,1,1,0,3,155,0.3650463990678584,4,0.0,0
2026-06-01 19:19:00+00:00,328.54096683865316,0,1,0,0,327,0.28488245411878915,8,0.0,0
2026-06-01 21:12:00+00:00,556.9766783452345,0,1,0,1,243,1.0,3,0.0,0
2026-06-01 22:40:00+00:00,68.50024793089305,0,1,0,2,157,0.10366271376082115,7,0.0,1
2026-06-01 22:43:00+00:00,694.0037825761349,0,1,0,0,28,1.4427290416781144,5,0.0,0
2026-06-01 22:56:00+00:00,138.19288214443912,0,2,0,0,281,0.09861892710391891,5,0.5,0
2026-06-01 23:07:00+00:00,488.81977500981645,0,1,0,1,142,0.9863377507790275,6,0.0,0
2026-06-02 01:18:00+00:00,837.3240767303384,1,1,0,2,162,1.0072003898115,5,0.0,0
2026-06-02 01:21:00+00:00,411.70447366679514,1,1,0,0,204,0.5444141962600475,5,0.0,0
2026-06-02 01:27:00+00:00,631.2904190093999,0,1,0,4,13,0.7390105230167022,4,0.0,1
2026-06-02 01:29:00+00:00,135.00374655177205,0,1,0,2,248,0.1528503669788897,4,0.0,0
2026-06-02 01:36:00+00:00,934.1378719681824,0,1,0,0,147,1.5274056913617313,7,0.0,0
2026-06-02 01:40:00+00:00,369.6374101447779,1,1,0,2,30,1.0,4,0.0,1
2026-06-02 02:55:00+00:00,4394.569237445076,1,1,0,0,200,4.02211186565353,3,0.0,1
2026-06-02 02:57:00+00:00,2297.140694394251,0,1,1,2,319,1.9342978299772868,6,0.0,0
2026-06-02 03:13:00+00:00,1091.0758369453474,0,1,0,2,108,1.0,6,0.0,0
2026-06-02 04:03:00+00:00,831.6243213763048,0,2,0,1,46,1.5085518284872543,6,0.5,0
2026-06-02 04:08:00+00:00,124.14829343608139,0,1,0,1,84,0.1492012114995061,3,0.0,0
2026-06-02 04:42:00+00:00,1617.7546694371595,1,1,0,2,236,1.3618857620078042,5,0.0,0
2026-06-02 05:08:00+00:00,1459.4371901164927,0,1,0,1,323,2.5659182535374807,6,0.0,0
2026-06-02 05:42:00+00:00,706.8522173485685,0,1,0,0,119,0.7708825777015855,8,0.0,0
2026-06-02 06:09:00+00:00,554.4349429486211,1,1,0,0,323,0.8462545881561409,3,0.0,0
2026-06-02 06:55:00+00:00,2118.9963222821048,0,2,0,3,181,1.681126054209458,3,0.5,0
2026-06-02 07:56:00+00:00,870.7438471154466,0,1,0,0,316,0.9564538048281724,4,0.0,0
2026-06-02 08:33:00+00:00,69.57583397829148,1,1,0,1,84,0.05238969804454016,6,0.0,1
2026-06-02 10:19:00+00:00,152.52410487087252,0,1,0,1,286,1.0,6,0.0,0
2026-06-02 10:36:00+00:00,163.39675498607988,1,1,0,0,17,0.17580233117039507,9,0.0,1
2026-06-02 10:46:00+00:00,813.337205173385,1,1,0,2,98,1.4115900322006953,6,0.0,0
2026-06-02 11:31:00+00:00,238.62629534604775,1,1,0,0,287,0.1829122295387689,2,0.0,0
2026-06-02 12:01:00+00:00,410.7875876029673,0,1,0,1,148,0.5892456876505416,3,0.0,0
2026-06-02 12:06:00+00:00,385.7296791437294,0,1,0,0,250,0.21130904517374854,2,0.0,0
2026-06-02 12:31:00+00:00,688.4784879908798,0,1,0,0,0,1.394516103641651,7,0.0,0
2026-06-02 13:18:00+00:00,1053.8246402341845,0,1,0,0,311,0.7186244023776842,1,0.0,0
2026-06-02 13:26:00+00:00,2100.0362646923436,0,1,0,1,131,4.327743395018543,3,0.0,1
2026-06-02 13:40:00+00:00,372.4357724088648,0,2,0,1,296,0.45897849959582504,3,0.5,0
2026-06-02 13:47:00+00:00,321.51509437171774,0,1,0,0,343,0.30329469245739965,4,0.0,0
2026-06-02 14:04:00+00:00,384.4160096292037,0,1,0,0,36,1.0,1,0.0,0
2026-06-02 14:10:00+00:00,514.2357191715645,0,1,0,3,135,0.4265308785812264,4,0.0,0
2026-06-02 14:19:00+00:00,998.5045831284425,0,1,0,3,200,1.0,5,0.0,0
2026-06-02 15:00:00+00:00,1087.9326913910224,0,1,0,1,238,1.556770756237541,4,0.0,0
2026-06-02 15:18:00+00:00,527.4531119380566,0,1,2,2,229,0.7158553612964786,4,0.0,1
2026-06-02 16:21:00+00:00,291.4424336653726,0,1,0,2,309,0.17619502462055306,4,0.0,0
2026-06-02 16:21:00+00:00,659.1979317442064,0,2,0,1,2,0.6163319652028462,4,0.5,1
2026-06-02 16:42:00+00:00,235.399140589228,0,1,0,1,182,0.22201797238913543,4,0.0,0
2026-06-02 16:54:00+00:00,156.26544584521451,0,1,0,0,46,0.34483915519802066,9,0.0,0
2026-06-02 17:11:00+00:00,296.51183667133813,1,1,0,1,317,0.5789861547696279,3,0.0,1
2026-06-02 17:30:00+00:00,198.70551725394535,0,4,0,0,5,1.0,3,0.75,0
2026-06-02 18:03:00+00:00,958.8771052173199,0,2,0,2,347,1.8542969792829143,4,0.5,0
2026-06-02 18:13:00+00:00,877.5332426894039,1,3,0,0,88,1.3153551720487526,9,0.6666666666666666,1
2026-06-02 18:17:00+00:00,185.61926700158517,0,1,0,2,86,0.14542178599146394,5,0.0,0
2026-06-02 18:50:00+00:00,874.1087598420394,1,1,0,2,20,0.6133301100526627,4,0.0,0
2026-06-02 21:16:00+00:00,532.4338060969991,0,1,0,0,153,0.45919053754860006,7,0.0,0
2026-06-02 21:29:00+00:00,471.9940685881992,0,1,0,2,4,0.4996422460247464,6,0.0,0
2026-06-02 21:38:00+00:00,186.4110184015439,0,1,0,0,159,0.11086627267165021,6,0.0,0
2026-06-02 21:44:00+00:00,943.000243364627,0,1,0,0,116,1.0140430381067944,4,0.0,0
2026-06-02 23:23:00+00:00,391.33464116151976,1,1,0,0,284,0.43878839237136236,2,0.0,0
2026-06-03 00:06:00+00:00,67.29984362091574,1,3,0,1,175,1.0,3,0.6666666666666666,0
2026-06-03 00:37:00+00:00,1107.6811518355405,0,1,0,1,84,1.1695056851206866,3,0.0,0
2026-06-03 00:55:00+00:00,379.4003485279373,0,1,0,0,111,0.6018495477039988,5,0.0,0
2026-06-03 01:06:00+00:00,2053.2854463751114,0,1,0,1,352,2.409619415491876,2,0.0,0
2026-06-03 01:31:00+00:00,555.6669864998845,0,2,0,0,275,0.9166492576049562,5,0.5,0
2026-06-03 01:32:00+00:00,4190.251627308242,0,1,0,0,239,7.681718427810836,7,0.0,0
2026-06-03 02:20:00+00:00,1068.4190939467421,0,1,0,2,284,1.0787753003871654,6,0.0,0
2026-06-03 02:22:00+00:00,1237.6729040366583,1,1,0,2,147,1.5914611901292146,3,0.0,0
2026-06-03 03:34:00+00:00,226.57192504577992,0,1,0,1,360,0.6010749989933127,4,0.0,0
2026-06-03 03:52:00+00:00,1037.8482635119683,0,1,0,2,92,1.1575067403913482,8,0.0,0
2026-06-03 04:06:00+00:00,2579.940551945737,0,1,0,1,178,2.993456361567036,5,0.0,0
2026-06-03 06:06:00+00:00,324.5009469486411,1,1,0,0,154,0.4081151753122319,6,0.0,0
2026-06-03 06:22:00+00:00,735.8242532525055,1,1,0,2,171,0.8747300814488764,4,0.0,0
2026-06-03 07:42:00+00:00,874.3165760734797,0,1,0,1,165,0.5172428775532639,6,0.0,0
2026-06-03 09:08:00+00:00,809.2257012767457,0,1,0,0,218,2.793895542085322,2,0.0,0
2026-06-03 09:24:00+00:00,334.26766411149583,0,1,0,1,166,0.5379960817238474,5,0.0,0
2026-06-03 09:34:00+00:00,978.659832826431,0,1,0,0,66,2.369022442942071,4,0.0,0
2026-06-03 10:11:00+00:00,579.6227223190083,0,1,0,1,332,1.0,4,0.0,0
2026-06-03 10:14:00+00:00,343.85034935222325,0,1,0,1,269,0.5841034790194388,5,0.0,0
2026-06-03 10:15:00+00:00,441.67269985870234,0,1,0,1,351,0.5260003350794763,3,0.0,1
2026-06-03 10:51:00+00:00,198.65603979698875,0,1,0,1,181,0.3799941887350188,4,0.0,0
2026-06-03 10:52:00+00:00,1160.9500338463783,0,1,0,0,134,1.6904387507996814,4,0.0,0
2026-06-03 11:04:00+00:00,668.250582981658,0,1,0,1,28,1.0,6,0.0,0
2026-06-03 11:14:00+00:00,1164.4789947912916,0,4,0,0,95,1.0,7,0.75,0
2026-06-03 11:55:00+00:00,1657.0919116100818,0,1,0,2,215,1.1224660483502404,1,0.0,0
2026-06-03 12:54:00+00:00,737.2156609893146,1,1,0,1,140,0.8021809517616251,6,0.0,0
2026-06-03 12:55:00+00:00,1395.7496077972962,1,1,0,0,315,1.0,4,0.0,0
2026-06-03 12:57:00+00:00,187.2901062466626,0,1,0,0,174,0.19103770952772336,6,0.0,0
2026-06-03 13:35:00+00:00,4379.089086994114,0,1,2,5,200,4.359163430143799,5,0.0,1
2026-06-03 13:40:00+00:00,442.49624611447786,1,1,0,1,90,0.5112007885649943,8,0.0,0
2026-06-03 14:05:00+00:00,1183.9110208411003,0,2,0,3,155,0.8010930911168935,5,0.5,0
2026-06-03 14:11:00+00:00,2318.263620294166,0,1,0,1,72,4.7031599577450445,7,0.0,0
2026-06-03 14:18:00+00:00,480.66058143059433,0,1,0,1,334,1.0,4,0.0,0
2026-06-03 16:01:00+00:00,591.2343779764385,1,1,0,3,355,1.1780026933219518,3,0.0,0
2026-06-03 17:30:00+00:00,2924.791793222842,1,1,0,1,54,3.049599171663091,2,0.0,1
2026-06-03 17:33:00+00:00,624.2035213715159,0,1,0,0,91,0.9963550853329683,7,0.0,0
2026-06-03 18:21:00+00:00,219.83310629793363,0,1,0,0,17,0.19813574406194817,4,0.0,0
2026-06-03 18:27:00+00:00,547.3938304181511,0,1,0,1,362,0.34348547859509254,8,0.0,0
2026-06-03 18:39:00+00:00,1030.9819401054515,0,1,0,2,362,1.3854275984165185,4,0.0,1
2026-06-03 18:54:00+00:00,370.2580861446687,0,1,0,1,118,0.5351012341124343,3,0.0,0
2026-06-03 19:08:00+00:00,779.7043171256844,1,1,0,3,67,1.1663846231780934,1,0.0,0
2026-06-03 19:30:00+00:00,95.8913151147321,0,1,0,2,33,0.1516922082423103,5,0.0,0
2026-06-03 19:56:00+00:00,676.04257194792,0,1,0,0,13,0.8311352740023452,5,0.0,0
2026-06-03 20:32:00+00:00,484.6338406135259,0,1,0,4,207,0.5695717116339392,8,0.0,0
2026-06-03 20:56:00+00:00,86.1077361723914,1,1,0,3,101,0.06726553249617502,4,0.0,1
2026-06-03 22:28:00+00:00,150.17788252223158,0,1,0,2,292,0.14668259645609455,3,0.0,0
2026-06-03 23:05:00+00:00,5744.988316365961,0,1,0,1,265,4.365332686547268,1,0.0,0
2026-06-03 23:11:00+00:00,630.4561580034284,0,1,0,3,185,0.9363971165272166,4,0.0,0
2026-06-03 23:16:00+00:00,313.9007096730296,1,1,0,1,315,0.27608548626592583,5,0.0,0
2026-06-04 00:07:00+00:00,452.655006742006,0,1,0,4,127,0.38748465915490005,7,0.0,0
2026-06-04 00:36:00+00:00,423.36478222101994,0,1,0,1,203,1.0,3,0.0,0
2026-06-04 01:03:00+00:00,1221.6831651359253,0,1,0,1,78,1.5741944951459041,5,0.0,0
2026-06-04 01:29:00+00:00,586.4107994285646,0,1,0,0,350,1.0,6,0.0,0
2026-06-04 02:03:00+00:00,518.077985562966,1,4,0,0,274,1.3201560871645397,3,0.75,0
2026-06-04 02:08:00+00:00,282.7377334051835,0,3,0,1,170,0.3072697395115728,4,0.6666666666666666,0
2026-06-04 02:17:00+00:00,1640.3750409419783,0,1,0,1,101,1.7803576280079318,3,0.0,0
2026-06-04 03:30:00+00:00,369.9241012231809,1,2,0,0,181,0.8097683759399399,3,0.5,0
2026-06-04 03:32:00+00:00,3032.8699773105195,0,1,0,1,293,1.0,6,0.0,0
2026-06-04 04:36:00+00:00,581.2822704931834,0,1,0,1,189,0.6454039460914432,4,0.0,0
2026-06-04 05:11:00+00:00,228.5318008026654,0,1,0,1,26,0.3295605996225583,5,0.0,0
2026-06-04 05:24:00+00:00,349.1613576744644,0,4,0,0,44,0.48343692655644005,3,0.75,0
2026-06-04 06:03:00+00:00,330.8923552645561,0,1,0,2,253,0.49988880462788304,5,0.0,0
2026-06-04 06:08:00+00:00,261.0795526330106,0,1,0,0,301,0.19619362973051185,4,0.0,0
2026-06-04 06:26:00+00:00,464.9707694189493,0,1,0,2,298,1.323434423197072,4,0.0,0
2026-06-04 07:02:00+00:00,340.2916044323591,0,2,0,2,2,0.6112710327954166,1,0.5,0
2026-06-04 09:17:00+00:00,384.10025158398344,0,1,0,2,268,0.5684776235846721,7,0.0,0
2026-06-04 09:20:00+00:00,1763.8800414090538,1,1,0,0,342,1.5913293507105029,5,0.0,0
2026-06-04 09:43:00+00:00,481.60002091071067,0,1,0,1,51,1.2248531100932452,3,0.0,0
2026-06-04 09:45:00+00:00,344.77250824954285,0,1,0,1,244,1.0,4,0.0,0
2026-06-04 11:06:00+00:00,1464.3681872864386,0,1,0,3,32,2.2872573643498697,5,0.0,0
2026-06-04 11:08:00+00:00,592.2926500549463,0,1,1,5,100,0.5498056540000321,8,0.0,1
2026-06-04 11:52:00+00:00,2279.3674659196467,1,1,0,2,52,1.0,3,0.0,1
2026-06-04 12:09:00+00:00,13.319693860774255,1,2,0,2,356,0.014308364771036811,7,0.5,0
2026-06-04 12:20:00+00:00,1545.2302194356319,0,2,0,1,131,2.3601504716233093,4,0.5,0
2026-06-04 13:02:00+00:00,139.13591321453316,0,1,0,0,300,0.16483297063106586,6,0.0,0
2026-06-04 14:03:00+00:00,1093.6376218857827,1,1,0,1,258,1.5638702950441299,9,0.0,1
2026-06-04 14:33:00+00:00,1717.827078390825,0,1,0,1,109,1.0055465473278573,5,0.0,0
2026-06-04 16:04:00+00:00,701.9494757891079,0,2,0,1,29,0.8362592943657599,6,0.5,0
2026-06-04 16:20:00+00:00,4159.071503640928,1,1,0,1,360,6.572725651237863,7,0.0,0
2026-06-04 17:29:00+00:00,180.3129587276179,0,1,0,1,151,0.24255403745085086,6,0.0,0
2026-06-04 17:40:00+00:00,49.81914386674458,0,1,0,1,163,1.0,7,0.0,0
2026-06-04 18:26:00+00:00,408.2967416323895,0,2,0,1,258,0.31310779247098064,5,0.5,0
2026-06-04 20:49:00+00:00,271.3902635555359,0,1,0,3,64,0.2521028195264105,5,0.0,0
2026-06-04 21:12:00+00:00,2337.2770931714526,0,1,0,1,209,1.7926294348003997,4,0.0,0
2026-06-04 21:14:00+00:00,474.0101233111857,1,1,0,2,330,0.7078528682718916,4,0.0,0
2026-06-04 21:48:00+00:00,304.87606220993007,0,1,0,1,129,0.21665882380742896,4,0.0,0
2026-06-04 21:50:00+00:00,520.9265426416898,0,1,0,0,241,0.8529254275379866,2,0.0,0
2026-06-04 21:57:00+00:00,590.8358097833686,1,1,0,2,226,0.4616080826427524,3,0.0,0
2026-06-04 22:18:00+00:00,498.44257773404024,0,1,0,0,302,0.7766479373606487,7,0.0,0
2026-06-04 22:42:00+00:00,208.69086720245252,0,1,0,1,197,0.5735359935915688,3,0.0,0
2026-06-04 22:51:00+00:00,230.84365348316564,1,1,0,0,290,0.27129126482153565,2,0.0,0
2026-06-04 23:25:00+00:00,1222.4212896028248,0,3,0,2,217,2.524453617645707,2,0.6666666666666666,0
2026-06-04 23:37:00+00:00,690.8108474854923,0,1,0,0,141,0.8361833210859574,8,0.0,0
2026-06-05 00:24:00+00:00,1032.0970814253183,0,1,0,2,217,1.0,4,0.0,0
2026-06-05 00:32:00+00:00,1235.0351196356335,0,1,1,3,205,1.0,4,0.0,1
2026-06-05 01:19:00+00:00,905.0909700438983,0,1,0,1,18,1.1200212745860691,5,0.0,0
2026-06-05 02:12:00+00:00,552.6732427752102,0,1,0,1,96,0.5170294056768039,4,0.0,0
2026-06-05 02:34:00+00:00,172.01615443442677,0,1,0,0,3,0.2326239662069257,4,0.0,0
2026-06-05 04:17:00+00:00,170.80162636178858,0,1,0,2,299,0.22629170771210838,10,0.0,0
2026-06-05 04:21:00+00:00,160.91848730719437,0,1,0,0,137,1.0,2,0.0,0
2026-06-05 04:52:00+00:00,1720.3392813235487,1,2,0,1,315,2.6383733426603264,6,0.5,1
2026-06-05 05:36:00+00:00,788.4398247616987,0,4,0,0,170,0.6355248046754186,6,0.75,0
2026-06-05 06:03:00+00:00,297.6049929679203,0,4,0,1,13,0.22105139213866923,5,0.75,0
2026-06-05 06:04:00+00:00,98.03123344614058,0,1,0,1,8,0.06783194728286349,6,0.0,0
2026-06-05 06:47:00+00:00,240.35710193794276,0,1,0,1,74,0.1600631070523509,8,0.0,0
2026-06-05 07:40:00+00:00,253.3562072725652,1,3,0,0,227,0.47661072015260053,2,0.6666666666666666,0
2026-06-05 08:07:00+00:00,17133.61807752823,1,1,0,1,135,11.618267166948444,4,0.0,1
2026-06-05 08:37:00+00:00,402.87784984841545,0,1,0,0,166,0.8370253320397838,5,0.0,0
2026-06-05 08:45:00+00:00,513.8449909612775,0,1,0,0,69,0.4816064983263037,5,0.0,0
2026-06-05 08:54:00+00:00,1449.010677909801,0,1,0,1,306,1.4704696706459852,4,0.0,0
2026-06-05 09:37:00+00:00,766.9022023423368,0,4,0,4,249,0.7972056244478509,4,0.75,0
2026-06-05 09:37:00+00:00,2638.6242766676082,1,1,0,0,81,4.248072466123741,4,0.0,0
2026-06-05 10:10:00+00:00,1283.5732355561024,1,1,0,2,329,2.6101853055818203,6,0.0,0
2026-06-05 11:01:00+00:00,670.5487619488467,0,1,0,1,309,1.0124868149318385,3,0.0,0
2026-06-05 11:34:00+00:00,270.16843676950276,0,1,1,3,288,0.25160499159752026,4,0.0,0
2026-06-05 12:16:00+00:00,522.3167996030419,1,2,0,2,208,0.685766193772896,5,0.5,0
2026-06-05 13:12:00+00:00,375.61442411046505,1,3,0,0,89,0.49127451316154647,6,0.6666666666666666,1
2026-06-05 13:26:00+00:00,681.699269701659,1,1,0,1,309,0.8193660745106749,5,0.0,0
2026-06-05 13:41:00+00:00,866.9491102436843,0,1,0,1,342,0.9343995360105957,2,0.0,0
2026-06-05 13:53:00+00:00,553.0845687933071,0,3,0,1,243,0.4371910367544985,6,0.6666666666666666,0
2026-06-05 14:22:00+00:00,327.4693247331029,0,1,0,1,142,0.4809457997158444,7,0.0,0
2026-06-05 14:25:00+00:00,1625.006420351234,0,2,0,3,214,2.0090589054111305,8,0.5,0
2026-06-05 14:43:00+00:00,416.6643267523766,1,1,0,2,318,0.45873931493886155,2,0.0,0
2026-06-05 15:26:00+00:00,472.6931674356319,0,1,0,0,239,0.31695398068401415,7,0.0,0
2026-06-05 15:35:00+00:00,369.20887221258147,0,1,0,1,73,1.1437731227698131,8,0.0,0
2026-06-05 15:37:00+00:00,878.8597185241559,1,1,0,1,50,1.6182989909132186,4,0.0,0
2026-06-05 15:37:00+00:00,2127.914350030774,0,1,0,2,296,2.9214986936640392,4,0.0,0
2026-06-05 16:14:00+00:00,331.49574663152305,0,1,0,2,167,1.0,6,0.0,0
2026-06-05 18:21:00+00:00,428.2056006380089,0,2,0,0,363,0.4072381745756886,5,0.5,0
2026-06-05 18:29:00+00:00,542.6160044941595,0,1,0,2,311,1.0,5,0.0,0
2026-06-05 20:04:00+00:00,1018.9255283852967,0,1,0,1,111,1.7531590120474716,5,0.0,0
2026-06-05 20:40:00+00:00,260.44609898823535,0,2,0,1,304,0.21787451643296366,2,0.5,0
2026-06-05 20:48:00+00:00,2868.1309956807986,0,3,1,3,59,2.1598271173672177,2,0.6666666666666666,0
2026-06-05 21:30:00+00:00,912.0730402376789,0,1,0,1,351,1.782945241538761,4,0.0,0
2026-06-05 22:02:00+00:00,767.6607927747077,0,2,0,1,72,0.8513063920386232,6,0.5,0
2026-06-05 23:02:00+00:00,384.1167365531231,0,1,0,0,84,0.5471293645314121,4,0.0,0
2026-06-05 23:09:00+00:00,578.1602370563817,0,1,0,1,234,1.0412442853002482,4,0.0,0
2026-06-05 23:25:00+00:00,214.56984116946336,0,1,0,1,104,0.2760936883250724,2,0.0,0
2026-06-06 00:15:00+00:00,386.359549347871,0,1,0,1,171,0.15193692916920135,4,0.0,0
2026-06-06 00:51:00+00:00,195.1731623524933,0,1,0,1,321,0.2789203277793464,2,0.0,0
2026-06-06 00:55:00+00:00,1324.570867860975,0,1,0,0,353,1.7598528594803533,3,0.0,0
2026-06-06 00:59:00+00:00,155.01249859588967,1,3,0,0,3,1.0,2,0.6666666666666666,0
2026-06-06 01:37:00+00:00,2694.942488074392,0,2,0,0,139,3.1654819280296524,3,0.5,0
2026-06-06 01:49:00+00:00,204.68823199828643,0,1,0,0,352,0.20609637267277547,4,0.0,1
2026-06-06 01:57:00+00:00,513.1192823367187,0,1,0,0,281,0.3816525574459651,5,0.0,0
2026-06-06 02:26:00+00:00,125.74994096896964,0,1,0,2,362,0.25541197176943614,4,0.0,0
2026-06-06 02:30:00+00:00,175.71783754070665,0,1,0,1,315,0.21159977556181267,5,0.0,0
2026-06-06 02:33:00+00:00,507.712038254333,0,2,0,1,326,1.0,5,0.5,0
2026-06-06 03:14:00+00:00,658.7741160587054,0,1,0,0,353,0.6553375389192796,3,0.0,0
2026-06-06 03:19:00+00:00,368.3818877974202,0,1,0,2,161,1.0,6,0.0,0
2026-06-06 03:46:00+00:00,510.7432742855826,0,1,0,0,336,1.0,4,0.0,0
2026-06-06 03:52:00+00:00,389.24760640475074,1,1,0,3,84,0.3697133755528685,6,0.0,0
2026-06-06 04:43:00+00:00,685.4836473312293,1,1,0,2,61,1.0926954009101275,3,0.0,0
2026-06-06 05:30:00+00:00,1048.0029555802018,0,3,0,1,292,1.2175774539330513,4,0.6666666666666666,0
2026-06-06 06:19:00+00:00,542.5338993706268,0,1,1,2,305,1.0,5,0.0,1
2026-06-06 06:49:00+00:00,335.3410365140313,0,1,0,1,315,0.6892749364443069,3,0.0,0
2026-06-06 07:14:00+00:00,287.0854425743841,0,1,0,0,306,0.42656461955488384,2,0.0,0
2026-06-06 07:15:00+00:00,3637.334564727487,1,1,0,0,310,1.0,3,0.0,1
2026-06-06 08:01:00+00:00,2966.3261408290186,0,1,0,1,206,2.013299534779934,5,0.0,0
2026-06-06 08:01:00+00:00,335.27862543215997,0,1,0,0,1,0.620128306576023,9,0.0,0
2026-06-06 08:40:00+00:00,459.82358760938223,0,3,0,2,229,0.35845530075716664,6,0.6666666666666666,0
2026-06-06 08:42:00+00:00,1315.298277867721,0,1,1,1,231,1.0,4,0.0,1
2026-06-06 09:00:00+00:00,277.33873396014184,1,4,0,1,287,0.26958073528410675,4,0.75,1
2026-06-06 10:41:00+00:00,216.8344991113993,0,3,0,0,30,0.2329365038299138,4,0.6666666666666666,1
2026-06-06 11:14:00+00:00,607.4081856068764,0,1,0,2,270,1.0,7,0.0,0
2026-06-06 12:11:00+00:00,380.5872959939554,0,4,0,0,247,0.8412657538757486,2,0.75,1
2026-06-06 12:31:00+00:00,2256.082530998041,0,1,0,0,169,3.390853698837628,3,0.0,0
2026-06-06 12:47:00+00:00,68.09817129002924,1,2,0,0,341,0.06481662019188864,2,0.5,0
2026-06-06 12:49:00+00:00,369.9405832650809,0,1,0,0,350,1.0,5,0.0,0
2026-06-06 12:53:00+00:00,378.40887810002044,0,1,0,2,236,0.31195427524922376,3,0.0,0
2026-06-06 12:54:00+00:00,305.13453083188887,0,4,0,0,80,0.24212642525571076,5,0.75,0
2026-06-06 13:41:00+00:00,931.1404157868737,0,1,0,1,290,1.5072202852184347,5,0.0,0
2026-06-06 13:49:00+00:00,526.8760806643501,0,2,0,2,256,1.0,3,0.5,0
2026-06-06 15:28:00+00:00,1646.1644600144537,0,1,0,2,275,2.215172365487471,3,0.0,0
2026-06-06 17:23:00+00:00,128.93460126281622,0,1,0,0,86,0.19539396167319986,1,0.0,0
2026-06-06 17:27:00+00:00,823.7930370081416,1,1,0,1,319,1.0,4,0.0,0
2026-06-06 17:32:00+00:00,184.99536941566734,0,3,0,1,144,0.17835530649925524,2,0.6666666666666666,0
2026-06-06 18:10:00+00:00,695.6325211158902,0,1,1,1,106,0.8992229061965331,4,0.0,0
2026-06-06 18:12:00+00:00,382.0170551014448,0,1,0,0,224,0.30130652114270984,6,0.0,0
2026-06-06 18:36:00+00:00,736.0964434212303,0,2,0,2,222,0.4371026226863235,5,0.5,0
2026-06-06 18:38:00+00:00,1014.2232526907083,1,1,0,0,313,1.4405769805547943,2,0.0,0
2026-06-06 19:04:00+00:00,2422.0987712855103,0,1,0,1,75,2.3262404086980064,9,0.0,1
2026-06-06 19:45:00+00:00,522.0793490651109,1,1,0,2,144,0.5225571163171057,5,0.0,0
2026-06-06 20:24:00+00:00,2840.4576025973024,0,1,0,0,40,2.9388950153582694,5,0.0,0
2026-06-06 20:58:00+00:00,2578.0146520655608,0,1,0,2,126,1.0,6,0.0,0
2026-06-06 21:02:00+00:00,365.2909419535472,0,4,0,2,224,0.2666388590867076,5,0.75,0
2026-06-06 21:13:00+00:00,1026.418677059201,1,1,1,2,309,2.3204123218083597,5,0.0,1
2026-06-06 21:28:00+00:00,680.1070314155918,0,1,0,1,225,0.914781331338638,4,0.0,0
2026-06-06 21:42:00+00:00,666.3653814626595,0,1,0,2,139,1.0,4,0.0,0
2026-06-06 21:59:00+00:00,538.8064300025603,1,2,0,0,111,0.480444023997554,6,0.5,0
2026-06-06 22:46:00+00:00,156.92241058129903,1,1,0,0,108,0.11983973790718211,3,0.0,0
2026-06-06 22:49:00+00:00,2048.161530138224,0,1,0,1,125,2.094679490124451,2,0.0,0
2026-06-06 23:02:00+00:00,1243.1725587577487,0,4,0,0,128,0.6388474017205757,4,0.75,0
2026-06-06 23:04:00+00:00,350.8835618230112,0,4,0,0,61,0.406079304063887,6,0.75,0
2026-06-06 23:38:00+00:00,626.2055686036349,1,1,0,1,329,0.9980125644724255,4,0.0,0
2026-06-07 00:10:00+00:00,901.7076799948652,1,1,0,2,259,0.6135800587166974,5,0.0,0
2026-06-07 00:14:00+00:00,765.4589032395198,0,2,0,2,220,1.0,4,0.5,0
2026-06-07 00:33:00+00:00,183.4217109266591,0,1,0,0,229,0.29737299760397967,4,0.0,0
2026-06-07 00:38:00+00:00,1047.788601378417,0,1,0,2,303,1.5298438354730621,3,0.0,0
2026-06-07 01:16:00+00:00,1726.3527155115594,1,1,0,0,289,0.8668531781941895,6,0.0,0
2026-06-07 01:39:00+00:00,4273.566035779088,0,1,0,1,302,3.4161786449733342,5,0.0,0
2026-06-07 02:56:00+00:00,2020.362964361378,0,2,0,2,326,2.390530461891585,3,0.5,0
2026-06-07 03:20:00+00:00,622.936694976362,0,1,0,1,124,1.0,7,0.0,0
2026-06-07 03:41:00+00:00,383.6838229890882,0,1,0,1,115,0.7749512826738474,3,0.0,0
2026-06-07 03:45:00+00:00,843.5050572579611,1,1,0,1,347,0.5682024862091579,7,0.0,0
2026-06-07 04:57:00+00:00,670.4747826742746,0,1,0,1,158,0.2015021880121293,7,0.0,0
2026-06-07 05:36:00+00:00,303.2608904302345,1,1,0,0,38,0.3455500966124735,4,0.0,0
2026-06-07 06:13:00+00:00,452.08074691926646,1,1,0,0,162,0.47420218630699534,6,0.0,0
2026-06-07 06:46:00+00:00,119.16408521443955,0,2,0,2,13,1.0,3,0.5,0
2026-06-07 06:54:00+00:00,741.9506929234651,1,1,0,1,157,0.7851852137140692,4,0.0,0
2026-06-07 07:07:00+00:00,6726.525572837641,0,1,1,3,278,11.071132767752044,5,0.0,0
2026-06-07 08:12:00+00:00,343.49072536074334,0,1,0,2,201,0.31991825489428033,5,0.0,0
2026-06-07 08:17:00+00:00,2151.901451417237,1,1,0,3,319,1.0,5,0.0,0
2026-06-07 08:39:00+00:00,6821.6911049767,0,2,0,0,294,18.118446604938246,8,0.5,0
2026-06-07 10:47:00+00:00,4934.897159948495,1,1,0,1,72,5.47291749531309,3,0.0,0
2026-06-07 12:14:00+00:00,950.2790510672497,0,1,0,1,151,1.860266642775248,7,0.0,0
2026-06-07 12:17:00+00:00,319.5619503780538,0,1,0,0,333,0.8102161296685666,5,0.0,1
2026-06-07 13:16:00+00:00,853.5351291461293,1,1,0,0,131,0.9397231875949172,1,0.0,0
2026-06-07 13:45:00+00:00,349.24608835944343,1,3,0,1,219,0.38978777145188037,3,0.6666666666666666,0
2026-06-07 14:01:00+00:00,1019.9798297384285,1,4,0,1,214,0.7994278930029105,3,0.75,0
2026-06-07 14:32:00+00:00,1266.9366801544354,0,1,0,0,271,1.553979191796563,3,0.0,0
2026-06-07 14:51:00+00:00,309.9222093399231,1,2,0,0,315,0.586371791685809,3,0.5,1
2026-06-07 15:19:00+00:00,468.483516573171,1,1,0,1,147,0.6244872130615863,3,0.0,0
2026-06-07 15:41:00+00:00,264.36728434855877,0,4,0,2,48,0.27455587282395905,2,0.75,0
2026-06-07 16:03:00+00:00,4578.1672540966465,0,1,0,1,65,2.4144479295945995,10,0.0,0
2026-06-07 17:05:00+00:00,1157.3295387032338,0,1,0,1,70,0.9649585540606246,5,0.0,0
2026-06-07 17:07:00+00:00,465.8420874584224,1,3,0,1,32,0.4633230155039589,4,0.6666666666666666,0
2026-06-07 17:35:00+00:00,768.065820995709,1,1,0,1,328,1.2546478512398753,6,0.0,0
2026-06-07 18:29:00+00:00,585.4008627993252,0,1,0,0,313,1.46652510387554,3,0.0,0
2026-06-07 18:43:00+00:00,513.9514903849272,0,1,0,1,1,0.9968911296012272,9,0.0,1
2026-06-07 18:48:00+00:00,648.3748326144837,1,1,0,1,224,1.9735782061833846,4,0.0,0
2026-06-07 19:10:00+00:00,1937.2035758456386,0,1,0,0,227,4.171634587643716,5,0.0,0
2026-06-07 20:06:00+00:00,203.78782280713585,0,1,0,0,230,0.15841325571523376,6,0.0,0
2026-06-07 20:48:00+00:00,848.3238448841157,0,1,0,3,303,1.0,4,0.0,0
2026-06-07 20:56:00+00:00,123.34257887481394,0,4,2,6,306,0.07967431215591345,2,0.75,1
2026-06-07 21:29:00+00:00,895.8707811959517,0,1,0,0,116,0.956260945441408,7,0.0,0
2026-06-07 22:02:00+00:00,2360.8770117539425,1,2,0,1,157,3.3128272247684176,6,0.5,1
2026-06-07 22:34:00+00:00,427.7402133968962,0,1,0,3,86,1.0,5,0.0,0
2026-06-07 22:36:00+00:00,106.67941144819787,0,1,0,2,43,0.11670852864004011,8,0.0,0
2026-06-07 22:43:00+00:00,708.330448077493,0,1,0,2,125,0.6276916574159779,5,0.0,0
2026-06-07 22:44:00+00:00,403.92989897455215,0,1,0,2,228,0.5559364152772448,6,0.0,0
2026-06-07 22:59:00+00:00,600.3203465681266,0,1,0,0,283,0.6901778540405766,6,0.0,0
2026-06-07 23:07:00+00:00,129.69935532530738,0,4,0,0,330,0.14863203887899817,6,0.75,0
2026-06-07 23:46:00+00:00,1736.4853741067855,0,1,0,1,314,1.8038152874679336,4,0.0,0
2026-06-08 00:24:00+00:00,264.91168495994947,0,1,0,1,294,0.6492655962999978,2,0.0,0
2026-06-08 00:41:00+00:00,238.8183724143338,0,1,0,1,354,0.3102858568881759,2,0.0,0
2026-06-08 00:59:00+00:00,483.9030461448474,0,1,0,2,114,0.9711732469304086,6,0.0,0
2026-06-08 01:15:00+00:00,2815.938914085713,0,1,0,1,136,4.853223509266499,7,0.0,0
2026-06-08 01:20:00+00:00,425.3575749024691,0,1,0,1,189,1.0,2,0.0,0
2026-06-08 01:49:00+00:00,809.2102791103375,0,1,0,0,331,1.0,3,0.0,0
2026-06-08 02:05:00+00:00,8258.30596396229,0,1,1,2,202,8.34070821486991,6,0.0,1
2026-06-08 02:10:00+00:00,1846.505997383373,0,1,0,1,354,2.0165385851350375,5,0.0,0
2026-06-08 02:15:00+00:00,654.3113307426145,1,1,0,1,121,1.1571603123501846,5,0.0,0
2026-06-08 02:44:00+00:00,1196.6630687185907,1,2,0,2,64,0.8652030229967339,6,0.5,0
2026-06-08 02:53:00+00:00,302.6751893947802,0,1,0,1,207,0.4422154289235494,2,0.0,0
2026-06-08 03:05:00+00:00,1733.5824739500922,1,1,0,1,335,3.450169948629886,5,0.0,0
2026-06-08 05:50:00+00:00,252.14301870286474,0,1,0,0,167,0.715265142406655,5,0.0,0
2026-06-08 06:17:00+00:00,1106.6519298809553,1,1,0,3,2,1.3181483994265235,4,0.0,0
2026-06-08 06:29:00+00:00,294.4991752329971,1,4,0,4,73,0.21143690123767422,3,0.75,1
2026-06-08 07:26:00+00:00,903.1035379624136,1,1,0,1,78,0.5851614082735672,6,0.0,0
2026-06-08 07:26:00+00:00,1471.27171710787,1,1,0,1,281,9.110581380661008,2,0.0,0
2026-06-08 07:26:00+00:00,379.8798215599563,1,1,0,0,241,0.35004900964007746,7,0.0,0
2026-06-08 07:27:00+00:00,135.1419473328964,1,1,0,1,184,0.1374918751383526,3,0.0,0
2026-06-08 07:57:00+00:00,544.977314258742,0,3,0,2,310,0.4443158942536626,5,0.6666666666666666,0
2026-06-08 08:24:00+00:00,598.2541104551084,0,1,0,2,192,0.4166544090902944,3,0.0,0
2026-06-08 09:11:00+00:00,1094.8439837663932,0,1,0,1,150,0.9346867970448789,8,0.0,0
2026-06-08 09:11:00+00:00,137.68490519591072,0,1,0,1,34,0.13850547604464178,7,0.0,0
2026-06-08 10:09:00+00:00,182.72096017721157,1,1,0,3,364,0.23843286857749738,5,0.0,0
2026-06-08 10:43:00+00:00,1123.588366660833,1,1,0,0,51,0.7031834786834916,7,0.0,0
2026-06-08 10:54:00+00:00,551.5063126255607,0,1,0,0,233,0.3527855130271749,7,0.0,0
2026-06-08 11:28:00+00:00,107.1581123591396,1,4,0,2,287,0.10079027655584964,2,0.75,0
2026-06-08 13:00:00+00:00,396.1538995476491,1,1,0,1,179,0.5523456630441589,4,0.0,0
2026-06-08 13:38:00+00:00,2612.673852332531,1,1,0,0,237,2.6405930908227893,3,0.0,1
2026-06-08 16:24:00+00:00,297.0888218252076,0,1,0,0,144,0.16736234471151337,7,0.0,0
2026-06-08 16:26:00+00:00,147.64024282171366,0,1,2,1,252,1.0,4,0.0,1
2026-06-08 17:36:00+00:00,194.67142285345795,0,2,0,1,232,0.32640407046740455,4,0.5,1
2026-06-08 17:44:00+00:00,361.63525292074837,0,1,0,1,133,1.0,4,0.0,0
2026-06-08 17:50:00+00:00,138.77645534730755,0,3,0,3,290,0.16616092986205974,5,0.6666666666666666,0
2026-06-08 18:34:00+00:00,164.43445989631155,0,1,0,2,286,0.13284473702320151,6,0.0,0
2026-06-08 20:11:00+00:00,583.62558023537,0,1,0,2,254,0.546484373391997,3,0.0,0
2026-06-08 20:28:00+00:00,262.912638373133,0,1,0,0,221,0.3202818541875344,1,0.0,0
2026-06-08 22:30:00+00:00,1600.2534229036123,0,1,0,2,208,2.564316004437646,4,0.0,0
2026-06-08 22:30:00+00:00,1893.6059374624701,0,1,0,2,172,2.7994612789190714,6,0.0,0
2026-06-08 22:32:00+00:00,682.6636392335033,0,4,1,3,111,1.3589882403531464,3,0.75,1
2026-06-08 22:52:00+00:00,5054.707110255844,0,1,0,0,226,10.281339249576769,2,0.0,0
2026-06-08 23:31:00+00:00,909.000983243818,0,1,0,0,291,0.48509428644850205,5,0.0,0
2026-06-08 23:53:00+00:00,266.57591481506637,0,1,0,0,139,0.30008453596856605,4,0.0,0
2026-06-09 00:18:00+00:00,269.3921378278211,0,1,1,4,208,0.4086669482279641,7,0.0,0
2026-06-09 00:21:00+00:00,1159.9826292943021,0,1,0,1,257,1.434412945048044,4,0.0,0
2026-06-09 00:50:00+00:00,207.7244678825054,0,1,0,1,208,0.3117884972358852,8,0.0,0
2026-06-09 00:56:00+00:00,1435.6456316556853,0,1,0,0,21,1.6930212938194587,5,0.0,0
2026-06-09 01:07:00+00:00,783.2435453735693,0,4,0,0,180,1.0833680105774297,2,0.75,0
2026-06-09 01:27:00+00:00,832.2365836508844,0,1,0,2,121,0.8350223155880732,2,0.0,0
2026-06-09 02:07:00+00:00,491.93144357894903,1,1,0,1,315,0.6150532132235517,4,0.0,0
2026-06-09 02:24:00+00:00,196.05379914761343,0,1,0,2,91,0.3675450490664193,7,0.0,0
2026-06-09 03:27:00+00:00,573.6470176972498,1,1,1,4,9,1.3033127408764005,8,0.0,1
2026-06-09 03:31:00+00:00,677.6709150635559,0,2,0,2,129,0.9777961488828089,6,0.5,0
2026-06-09 03:49:00+00:00,150.95895397025967,0,1,0,1,181,0.2835504413215653,9,0.0,0
2026-06-09 03:52:00+00:00,195.58591926461474,0,1,0,1,303,0.3228400595991869,5,0.0,0
2026-06-09 04:04:00+00:00,626.006850920334,0,2,0,0,50,1.101378677316563,7,0.5,1
2026-06-09 04:06:00+00:00,812.8026745212976,0,1,0,0,222,0.4287888391414913,4,0.0,0
2026-06-09 05:44:00+00:00,1760.5181241655891,1,1,0,0,140,4.101572370807993,4,0.0,0
2026-06-09 06:14:00+00:00,278.43337639847107,1,4,0,0,303,1.0,4,0.75,0
2026-06-09 06:16:00+00:00,217.5552632976424,1,1,0,2,317,1.0,4,0.0,0
2026-06-09 06:34:00+00:00,528.6201465687141,1,3,0,2,131,0.616999284561464,3,0.6666666666666666,0
2026-06-09 07:28:00+00:00,1946.7932347277238,0,2,0,2,244,1.0,7,0.5,0
2026-06-09 07:35:00+00:00,219.16952062775647,0,1,0,2,266,0.39639971989533096,3,0.0,0
2026-06-09 07:36:00+00:00,834.4241228422202,0,1,0,1,151,0.6733792457975003,3,0.0,0
2026-06-09 08:25:00+00:00,2567.4644667045363,0,1,0,1,126,2.166219878957331,8,0.0,0
2026-06-09 08:44:00+00:00,1133.1526767660098,1,1,0,1,306,0.7637039538913648,6,0.0,0
2026-06-09 09:02:00+00:00,541.6118525007627,0,1,0,1,351,1.57230460906495,5,0.0,0
2026-06-09 09:30:00+00:00,515.4530150301595,0,1,0,0,36,0.8520132099610549,3,0.0,1
2026-06-09 10:17:00+00:00,583.7269874340259,0,4,0,3,25,0.3787775643259803,6,0.75,0
2026-06-09 10:42:00+00:00,2282.49006595189,0,1,0,0,113,3.6546014158114564,2,0.0,0
2026-06-09 11:18:00+00:00,1002.9182083299174,1,1,0,2,335,3.0459320717897813,4,0.0,0
2026-06-09 12:27:00+00:00,1934.1869646111877,1,1,0,1,248,2.7003758538674116,4,0.0,0
2026-06-09 12:48:00+00:00,1621.1405161361406,1,2,0,1,40,2.761705253996162,4,0.5,1
2026-06-09 13:26:00+00:00,572.168173764315,0,2,0,3,139,0.8293516993513497,5,0.5,0
2026-06-09 13:27:00+00:00,223.0959570749177,1,1,0,2,219,0.3285556373132613,4,0.0,0
2026-06-09 13:57:00+00:00,611.4440922754114,0,1,0,0,216,0.5100992092039639,5,0.0,0
2026-06-09 14:17:00+00:00,1709.0379818978872,0,1,0,1,84,1.0,5,0.0,0
2026-06-09 14:20:00+00:00,185.16978391502366,0,1,0,0,38,1.0,2,0.0,0
2026-06-09 14:34:00+00:00,853.8059665437097,0,1,0,0,69,0.5494175698935119,4,0.0,0
2026-06-09 16:00:00+00:00,582.134854058079,0,1,0,0,327,0.6563507202152488,5,0.0,0
2026-06-09 16:17:00+00:00,284.40081656631895,0,1,0,1,258,0.23603886626324547,2,0.0,0
2026-06-09 16:27:00+00:00,2268.5794124737013,0,1,0,0,245,3.2091655039605818,5,0.0,0
2026-06-09 17:11:00+00:00,463.2279966750718,0,1,0,0,209,0.5353027454187254,10,0.0,0
2026-06-09 17:28:00+00:00,1623.8473884549153,0,3,0,0,235,2.0058427475118603,3,0.6666666666666666,0
2026-06-09 18:23:00+00:00,414.46981521301336,0,1,0,1,210,0.9486478282806629,7,0.0,0
2026-06-09 18:57:00+00:00,199.36675608520645,1,1,0,0,154,0.31763319130045004,4,0.0,0
2026-06-09 19:44:00+00:00,444.8371968473467,1,1,0,1,353,0.7645844756149126,5,0.0,0
2026-06-09 19:47:00+00:00,894.3087661809722,0,1,0,1,142,1.6237148525117377,6,0.0,0
2026-06-09 19:56:00+00:00,216.643407020037,0,2,0,2,51,0.23888496651960764,5,0.5,0
2026-06-09 20:08:00+00:00,265.7903032085772,0,1,0,1,136,0.18727747829964078,2,0.0,0
2026-06-09 20:23:00+00:00,581.170189490508,1,1,0,0,80,1.0,4,0.0,0
2026-06-09 20:43:00+00:00,594.3484406476235,0,2,0,3,275,0.5818239718695531,4,0.5,0
2026-06-09 21:09:00+00:00,2320.646090436766,1,1,0,0,234,3.6447513395864704,5,0.0,0
2026-06-09 21:13:00+00:00,1601.9940215725333,0,1,0,1,35,0.9340444422320197,7,0.0,0
2026-06-09 21:26:00+00:00,1091.999973441853,0,1,0,1,355,1.0444591243052765,8,0.0,0
2026-06-09 23:23:00+00:00,1170.3398088863282,0,1,0,0,173,2.313714197525097,6,0.0,0
2026-06-09 23:55:00+00:00,238.9266157415105,1,1,0,0,3,0.2710279345473895,4,0.0,0
2026-06-10 03:16:00+00:00,876.6620565829585,1,1,0,1,310,1.163566673571011,4,0.0,0
2026-06-10 03:24:00+00:00,428.4199702002579,0,2,0,1,57,0.5167284364694453,6,0.5,0
2026-06-10 03:56:00+00:00,331.33194013861527,0,1,0,0,295,0.24800901293381558,8,0.0,0
2026-06-10 04:22:00+00:00,2491.439630375335,0,1,0,0,116,1.8759011937139063,1,0.0,0
2026-06-10 04:53:00+00:00,2596.809811953508,0,1,0,2,45,2.678603722045485,7,0.0,0
2026-06-10 05:39:00+00:00,1586.4888957965109,1,1,0,1,248,1.0,5,0.0,0
2026-06-10 06:20:00+00:00,381.6053039005524,1,1,0,0,314,0.403352026057877,5,0.0,0
2026-06-10 06:25:00+00:00,269.12360296941523,0,1,0,1,286,0.3998817643070897,7,0.0,0
2026-06-10 06:25:00+00:00,1729.091227811067,0,1,0,1,269,3.038296020890299,4,0.0,0
2026-06-10 06:36:00+00:00,1418.7599897324303,0,1,0,2,310,1.6467730358244728,4,0.0,0
2026-06-10 07:02:00+00:00,512.3631202668041,0,1,0,0,335,0.9211216651323574,6,0.0,0
2026-06-10 07:03:00+00:00,348.07072526830893,0,1,0,2,309,0.5616816833474464,3,0.0,0
2026-06-10 07:29:00+00:00,871.2861811517956,0,1,0,1,339,1.1378204876799591,7,0.0,0
2026-06-10 07:56:00+00:00,1203.7750273453637,1,2,0,0,209,1.8036413911432998,4,0.5,0
2026-06-10 08:01:00+00:00,825.5791708360136,0,1,0,0,73,1.4556768260279151,3,0.0,0
2026-06-10 08:13:00+00:00,1990.5116759416726,0,1,0,0,45,3.5141772298279075,4,0.0,0
2026-06-10 08:27:00+00:00,812.3673525063167,0,1,0,0,103,1.764961756948081,5,0.0,0
2026-06-10 09:43:00+00:00,601.1612540935608,1,2,0,4,188,0.26623699191959954,10,0.5,0
2026-06-10 10:55:00+00:00,93.44029645305726,0,1,0,1,14,0.10319313852592277,4,0.0,0
2026-06-10 11:50:00+00:00,550.1301232993662,0,1,0,0,67,0.4570701003959436,6,0.0,0
2026-06-10 13:02:00+00:00,482.327693595297,1,1,0,0,64,0.9383759770359101,7,0.0,0
2026-06-10 13:09:00+00:00,762.5539514693369,0,1,1,7,102,0.47244442093604994,6,0.0,1
2026-06-10 13:46:00+00:00,419.4387867791909,1,1,0,1,109,0.33518048108894605,6,0.0,0
2026-06-10 13:57:00+00:00,59.000230060944496,0,1,0,1,309,0.08805844247735414,3,0.0,0
2026-06-10 15:12:00+00:00,422.7122841607113,1,1,0,1,20,0.5743396026847503,6,0.0,1
2026-06-10 15:18:00+00:00,682.3793487523358,1,1,0,2,150,1.1195605121074594,9,0.0,0
2026-06-10 15:22:00+00:00,739.3378756900809,0,2,0,1,351,0.6399929425697719,4,0.5,0
2026-06-10 15:24:00+00:00,257.06571192001013,0,1,0,2,223,0.29833506924856534,5,0.0,0
2026-06-10 15:24:00+00:00,373.48032146039986,0,1,0,0,256,0.4471527622406937,6,0.0,0
2026-06-10 16:16:00+00:00,583.1870319519685,0,1,2,4,351,0.8132749910857283,8,0.0,0
2026-06-10 16:27:00+00:00,393.7645529333104,1,1,0,1,252,0.5565884123318362,4,0.0,0
2026-06-10 16:30:00+00:00,204.2728796249905,0,1,0,2,358,0.20660080452462365,4,0.0,0
2026-06-10 16:31:00+00:00,124.526218510484,0,1,0,3,169,0.16945008595755073,2,0.0,0
2026-06-10 16:48:00+00:00,2133.9612630295733,0,1,0,2,66,2.8159454027364896,5,0.0,0
2026-06-10 16:54:00+00:00,1339.9145183729893,0,1,0,1,356,2.548419393226618,4,0.0,0
2026-06-10 17:20:00+00:00,881.5695122584484,1,4,0,1,147,1.0077194361546187,5,0.75,0
2026-06-10 17:24:00+00:00,88.22730481827148,0,1,0,0,264,0.07001002553338234,4,0.0,0
2026-06-10 17:27:00+00:00,448.7137810963406,1,1,0,0,353,1.0,5,0.0,1
2026-06-10 17:29:00+00:00,1341.8552548318337,0,2,0,1,110,1.0,5,0.5,0
2026-06-10 17:32:00+00:00,182.64208689289205,1,1,0,1,110,0.2736514434658485,4,0.0,0
2026-06-10 18:16:00+00:00,371.9542515817192,0,1,0,2,89,0.30713631375623335,2,0.0,0
2026-06-10 18:33:00+00:00,460.05578106997166,1,1,1,7,170,0.5905603354706016,5,0.0,1
2026-06-10 18:45:00+00:00,182.14104056790688,0,1,0,2,192,0.1428498566041499,2,0.0,0
2026-06-10 19:32:00+00:00,231.0401574332007,0,1,0,1,343,0.24682442975011326,6,0.0,0
2026-06-10 20:15:00+00:00,326.9476620605544,0,1,0,2,288,0.32036728087125493,9,0.0,0
2026-06-10 21:44:00+00:00,464.6778700688359,0,1,0,2,155,0.8727656638597869,5,0.0,0
2026-06-10 22:29:00+00:00,170.23292366451645,0,1,0,0,238,0.12047598263805281,5,0.0,0
2026-06-10 22:38:00+00:00,88.3587987516146,1,1,0,1,212,0.047735785487704276,7,0.0,0
2026-06-10 22:53:00+00:00,443.8363032222825,0,1,0,1,38,0.6736460302757773,4,0.0,0
2026-06-10 23:11:00+00:00,1383.225284744568,0,1,0,0,150,1.4905403757344935,3,0.0,0
2026-06-10 23:27:00+00:00,80.89677447156123,0,2,0,2,1,0.1043365807774405,7,0.5,0
2026-06-10 23:29:00+00:00,4163.858586275868,0,1,0,2,281,4.281925686856004,6,0.0,0
2026-06-11 01:15:00+00:00,561.0799126587086,0,4,0,2,151,0.3910238017019307,4,0.75,0
2026-06-11 02:06:00+00:00,1647.9774925746667,0,1,0,0,248,1.7992216850674339,3,0.0,0
2026-06-11 02:17:00+00:00,1135.253683241058,0,1,0,1,342,1.0,5,0.0,0
2026-06-11 03:14:00+00:00,1448.171726075464,0,2,0,1,23,0.9982551873064733,9,0.5,0
2026-06-11 03:21:00+00:00,908.1139766089909,1,3,0,3,281,0.5827456180736625,7,0.6666666666666666,0
2026-06-11 03:30:00+00:00,87.19322726199535,0,1,0,2,113,0.15187113512399578,5,0.0,0
2026-06-11 03:41:00+00:00,1102.1823656770096,0,2,0,1,121,1.8492078007101949,5,0.5,0
2026-06-11 03:42:00+00:00,1460.4266606124356,0,1,0,1,25,1.0790248453197846,5,0.0,0
2026-06-11 03:47:00+00:00,307.53706112461805,0,1,0,0,331,0.2862027483805732,7,0.0,0
2026-06-11 03:49:00+00:00,3406.2646952974637,1,1,0,1,295,1.0,4,0.0,1
2026-06-11 03:56:00+00:00,520.6668188773717,0,1,0,2,209,0.7857376479409875,6,0.0,0
2026-06-11 04:04:00+00:00,743.9157743816708,0,1,0,1,230,0.4759817167379463,4,0.0,0
2026-06-11 04:37:00+00:00,592.3578240557779,0,3,0,1,121,1.365378340193656,4,0.6666666666666666,0
2026-06-11 06:00:00+00:00,519.9992414698833,0,1,0,1,230,0.711835313078891,7,0.0,0
2026-06-11 06:04:00+00:00,584.3449637791684,1,1,0,2,255,0.7610090203193141,4,0.0,0
2026-06-11 06:59:00+00:00,2124.8455635911796,1,1,1,1,10,2.8605406905343633,1,0.0,1
2026-06-11 07:08:00+00:00,477.5978532731607,1,1,0,1,105,0.6348713499758524,5,0.0,0
2026-06-11 07:24:00+00:00,285.4701857690325,0,1,0,1,344,0.3653627746742996,5,0.0,0
2026-06-11 07:38:00+00:00,565.9475103230686,0,1,0,1,213,0.6531755252371917,5,0.0,1
2026-06-11 08:00:00+00:00,148.26832919356892,0,1,0,0,141,0.12260307696190748,6,0.0,0
2026-06-11 08:42:00+00:00,190.3113931908028,1,1,0,0,170,0.21364998466264218,8,0.0,1
2026-06-11 08:46:00+00:00,745.9260799452171,0,1,0,1,324,1.3427131197777002,6,0.0,0
2026-06-11 09:29:00+00:00,5460.956720443193,0,1,1,1,269,6.628877839808017,5,0.0,1
2026-06-11 10:19:00+00:00,207.20758904466112,0,1,0,0,64,0.22091083444580395,3,0.0,0
2026-06-11 11:20:00+00:00,96.54506094184383,0,1,0,2,151,0.16247093126580564,3,0.0,0
2026-06-11 11:49:00+00:00,1079.756378210267,0,1,0,0,160,1.5349226042044066,5,0.0,0
2026-06-11 12:41:00+00:00,458.1049935999988,1,1,0,1,314,1.0,5,0.0,0
2026-06-11 12:44:00+00:00,752.8973873429477,1,1,0,2,46,0.8417673140943209,5,0.0,0
2026-06-11 13:34:00+00:00,581.617084873124,0,1,0,2,253,1.0,5,0.0,0
2026-06-11 13:59:00+00:00,1154.0421146899776,0,1,0,4,180,1.4188553872098046,6,0.0,0
2026-06-11 14:02:00+00:00,3255.3263158356513,1,1,1,4,163,6.876145366163636,4,0.0,1
2026-06-11 14:15:00+00:00,492.90591077826895,0,1,0,1,76,1.0,6,0.0,0
2026-06-11 14:52:00+00:00,1934.4551410021727,1,1,0,1,5,2.332669882244012,3,0.0,1
2026-06-11 15:10:00+00:00,972.0905449885817,0,1,1,3,172,1.5959971651155231,5,0.0,0
2026-06-11 16:42:00+00:00,356.22819481871824,0,1,0,0,32,0.348509914329033,5,0.0,0
2026-06-11 17:32:00+00:00,271.3343450840619,1,1,0,1,337,0.22526920652673735,2,0.0,0
2026-06-11 17:51:00+00:00,491.7585708706946,1,1,0,1,44,0.56633400025212,5,0.0,0
2026-06-11 18:10:00+00:00,530.4868622598309,0,1,0,3,171,1.0,2,0.0,0
2026-06-11 18:11:00+00:00,830.0653244919945,0,2,0,0,314,0.2815857861048683,5,0.5,0
2026-06-11 18:24:00+00:00,552.6575995167691,0,1,0,1,67,0.4343562252118384,3,0.0,0
2026-06-11 18:54:00+00:00,173.97931346183103,0,1,0,2,137,0.44595304627614296,3,0.0,0
2026-06-11 20:37:00+00:00,4789.835866634071,0,1,0,3,228,5.457210683117643,4,0.0,0
2026-06-11 21:03:00+00:00,1024.1773885178604,0,1,0,1,150,1.1259876739415136,7,0.0,0
2026-06-11 22:09:00+00:00,263.0259472445811,0,1,0,1,20,0.6288560074809171,8,0.0,0
2026-06-11 22:32:00+00:00,455.4621819097365,1,4,0,2,131,0.5818201197716221,5,0.75,0
2026-06-11 23:09:00+00:00,209.92838349637861,0,1,0,1,50,0.3034613526056428,3,0.0,0
2026-06-12 00:14:00+00:00,612.5066061578581,0,1,0,1,114,0.8659563204163311,7,0.0,0
2026-06-12 00:32:00+00:00,1176.248774939222,0,1,0,0,20,1.1413560218666738,6,0.0,0
2026-06-12 01:06:00+00:00,1873.0975148924008,0,1,0,2,316,1.834938686097629,3,0.0,0
2026-06-12 01:38:00+00:00,552.7843125650301,0,1,0,2,106,0.48937806533589445,5,0.0,0
2026-06-12 02:51:00+00:00,493.6785005327371,1,1,0,0,314,0.6659063968219152,6,0.0,0
2026-06-12 03:02:00+00:00,2293.022588200437,0,1,0,0,285,1.989978370075103,4,0.0,0
2026-06-12 03:23:00+00:00,536.3622002381321,1,3,0,0,363,0.7649002251553877,3,0.6666666666666666,1
2026-06-12 04:20:00+00:00,1533.4070404196257,0,1,0,3,5,0.8344199934557925,4,0.0,0
2026-06-12 04:39:00+00:00,293.32792622876923,0,1,0,0,275,1.090109237600746,7,0.0,0
2026-06-12 05:32:00+00:00,842.1482425414852,1,1,0,0,102,0.7149466704404384,2,0.0,0
2026-06-12 05:39:00+00:00,4038.5555164526772,1,1,0,1,319,4.780179803995984,5,0.0,1
2026-06-12 07:05:00+00:00,445.3995244352459,1,1,0,2,364,1.0,5,0.0,0
2026-06-12 07:31:00+00:00,559.6452199661799,0,1,0,1,328,1.0,12,0.0,0
2026-06-12 07:46:00+00:00,717.9500362838255,0,1,0,1,342,1.339536110751429,5,0.0,0
2026-06-12 08:22:00+00:00,218.15231890390575,1,4,1,4,287,0.15362634225679705,5,0.75,1
2026-06-12 09:00:00+00:00,299.1023131067719,0,1,0,3,132,0.4013686472943446,6,0.0,0
2026-06-12 09:21:00+00:00,1327.3659179202396,0,1,0,1,331,1.551492827498581,4,0.0,0
2026-06-12 09:33:00+00:00,290.9124893642757,0,3,0,0,258,0.32935805213556524,7,0.6666666666666666,0
2026-06-12 09:47:00+00:00,294.12060662238605,0,1,0,0,61,0.288606499924676,2,0.0,0
2026-06-12 10:03:00+00:00,468.7306925104787,1,1,0,1,154,0.48462428266096874,5,0.0,0
2026-06-12 10:33:00+00:00,658.1329764307791,0,3,0,2,36,1.7358304482232225,3,0.6666666666666666,0
2026-06-12 11:39:00+00:00,251.01395443700255,0,1,0,2,128,0.4937642478288029,6,0.0,0
2026-06-12 11:42:00+00:00,143.46851797900155,0,1,0,0,67,0.12286149161692421,3,0.0,0
2026-06-12 11:43:00+00:00,756.024440102464,0,1,0,0,169,1.6123932235127092,2,0.0,0
2026-06-12 11:44:00+00:00,814.246262982078,0,1,0,0,17,2.2557775163375395,5,0.0,0
2026-06-12 11:56:00+00:00,687.7679379197536,0,1,0,0,111,0.7919342651170801,4,0.0,0
2026-06-12 12:00:00+00:00,142.4305887528922,1,1,0,0,302,0.10610081282970213,6,0.0,0
2026-06-12 13:25:00+00:00,1084.146006062467,1,2,0,0,122,1.0,4,0.5,0
2026-06-12 13:44:00+00:00,474.085813691501,0,1,0,1,229,0.9796857885371907,2,0.0,0
2026-06-12 15:02:00+00:00,242.74348307665494,0,1,0,1,47,0.3336574146816094,5,0.0,0
2026-06-12 15:16:00+00:00,944.3034792744085,1,1,0,0,76,0.7780767409946333,6,0.0,0
2026-06-12 15:33:00+00:00,1455.3167264781725,0,2,0,0,244,2.7000557770306193,8,0.5,0
2026-06-12 15:51:00+00:00,1305.5502509041244,0,1,0,0,203,1.8402180456161696,6,0.0,0
2026-06-12 16:01:00+00:00,268.1863082703446,0,1,0,0,262,1.0,4,0.0,0
2026-06-12 16:46:00+00:00,371.4228292661942,1,4,0,0,320,0.3213630977720455,4,0.75,0
2026-06-12 17:18:00+00:00,930.9392541163198,0,3,0,3,266,1.7159343233871334,4,0.6666666666666666,0
2026-06-12 17:37:00+00:00,1323.3954941360432,0,1,0,0,266,1.0972718110981687,3,0.0,0
2026-06-12 18:25:00+00:00,418.16863261247704,0,1,0,0,59,0.7091006832789097,8,0.0,0
2026-06-12 18:26:00+00:00,461.3495368962997,1,1,0,1,135,0.43587452885433764,7,0.0,0
2026-06-12 18:30:00+00:00,270.1000613895064,0,1,0,0,215,0.7944817528220904,7,0.0,0
2026-06-12 18:37:00+00:00,5888.399826087776,0,1,0,1,101,8.499873891392566,4,0.0,0
2026-06-12 18:57:00+00:00,321.34735968835963,0,3,0,2,135,0.24958485033958755,6,0.6666666666666666,0
2026-06-12 19:13:00+00:00,362.3121273665461,0,1,0,2,254,0.621755152293555,7,0.0,0
2026-06-12 19:33:00+00:00,589.9684127751563,0,1,0,0,338,0.6268641227661714,5,0.0,0
2026-06-12 19:36:00+00:00,124.0379331135555,1,4,0,2,259,0.11350640686972391,4,0.75,0
2026-06-12 19:53:00+00:00,239.61207402428326,1,1,0,0,288,0.32968773759025133,5,0.0,0
2026-06-12 20:04:00+00:00,879.6378511964815,0,1,0,0,152,0.9550474900601862,5,0.0,0
2026-06-12 20:27:00+00:00,511.586360805416,1,1,0,1,356,1.2173492284984537,11,0.0,0
2026-06-12 20:58:00+00:00,377.3233317586743,1,1,0,1,92,0.6457441587449313,4,0.0,0
2026-06-12 21:14:00+00:00,409.18429203624225,0,1,0,3,49,0.4322639756113625,9,0.0,0
2026-06-12 21:15:00+00:00,200.58652553410275,0,1,0,1,254,0.11403815432249587,6,0.0,0
2026-06-12 21:21:00+00:00,443.77423564396906,0,1,0,0,146,0.6195595382869024,4,0.0,0
2026-06-12 21:25:00+00:00,549.6473730821524,0,1,0,3,348,0.7535762110357384,7,0.0,0
2026-06-12 22:22:00+00:00,1434.2072066613812,0,1,0,0,173,1.5360789576590828,7,0.0,0
2026-06-12 22:27:00+00:00,925.66078366271,1,1,0,1,66,2.758981052970379,5,0.0,0
2026-06-12 23:17:00+00:00,374.29412856102863,0,1,0,1,59,0.5093543073976349,4,0.0,1
2026-06-12 23:46:00+00:00,268.80969871863107,0,1,0,1,279,0.20001029711158583,4,0.0,0
2026-06-13 00:25:00+00:00,331.4467875094225,0,1,1,3,308,1.0,3,0.0,0
2026-06-13 00:26:00+00:00,100.89265394241714,0,1,0,0,345,0.1674647313813426,6,0.0,0
2026-06-13 00:28:00+00:00,124.49857983814587,0,1,0,1,226,0.15319544465348214,5,0.0,0
2026-06-13 00:30:00+00:00,1252.0873795459488,1,1,0,2,151,1.1276007022863452,4,0.0,0
2026-06-13 00:58:00+00:00,395.365742612795,0,1,0,1,282,0.7974153713134945,6,0.0,0
2026-06-13 01:04:00+00:00,436.21993361381504,0,1,0,1,189,0.36709172809565943,5,0.0,0
2026-06-13 01:44:00+00:00,144.53419364356978,0,1,0,0,4,0.12060940963614081,5,0.0,0
2026-06-13 02:07:00+00:00,412.4707119718628,1,1,0,0,163,1.24160833041041,5,0.0,0
2026-06-13 02:16:00+00:00,4709.59436093873,0,1,0,0,109,5.741830432088978,6,0.0,0
2026-06-13 02:24:00+00:00,470.8381139617239,1,1,0,1,260,1.0,2,0.0,1
2026-06-13 02:33:00+00:00,1096.8065662241015,0,2,0,0,149,0.9604516360856657,3,0.5,0
2026-06-13 02:58:00+00:00,704.5728792129958,1,1,0,3,20,0.6709181357525443,7,0.0,1
2026-06-13 03:36:00+00:00,554.7009847355732,0,1,0,0,129,1.422666536075819,9,0.0,0
2026-06-13 03:41:00+00:00,8034.824397715821,1,1,0,0,275,10.46822635852207,5,0.0,1
2026-06-13 03:55:00+00:00,1190.4712715689082,0,1,0,1,185,1.7819444602073211,4,0.0,0
2026-06-13 04:15:00+00:00,424.7505051483233,1,1,0,0,249,1.0,6,0.0,0
2026-06-13 05:00:00+00:00,295.99439301381767,0,2,0,0,165,0.33478060076339816,5,0.5,0
2026-06-13 05:42:00+00:00,164.81171109528458,1,1,0,0,151,0.19625598011115497,6,0.0,0
2026-06-13 05:47:00+00:00,1495.8693513630665,1,1,0,4,121,2.0117243062091332,7,0.0,0
2026-06-13 05:48:00+00:00,463.41822818372725,0,1,0,2,166,0.4707191153764751,3,0.0,0
2026-06-13 06:33:00+00:00,444.71110285700615,0,2,0,1,42,0.6278404071929164,3,0.5,0
2026-06-13 06:48:00+00:00,642.9529747626057,0,1,0,0,288,0.5191478380858143,5,0.0,0
2026-06-13 06:52:00+00:00,1695.8962366601672,0,1,0,1,296,2.5672260440951136,2,0.0,0
2026-06-13 07:21:00+00:00,484.516887130031,0,4,0,1,142,0.44642238394360617,5,0.75,0
2026-06-13 07:27:00+00:00,502.83733509321854,0,1,0,1,263,0.7535744360302826,3,0.0,0
2026-06-13 08:07:00+00:00,137.70418505342948,0,1,0,2,194,0.1920134198074669,3,0.0,0
2026-06-13 09:35:00+00:00,2252.515999826276,1,1,0,0,26,5.319241042908607,6,0.0,1
2026-06-13 09:51:00+00:00,328.2408765123932,0,1,1,0,72,1.0,3,0.0,1
2026-06-13 10:42:00+00:00,351.69278456503315,0,2,0,3,88,0.9733183183808473,6,0.5,0
2026-06-13 10:45:00+00:00,429.46653180103823,0,1,0,0,178,0.5773485020205316,6,0.0,0
2026-06-13 11:39:00+00:00,2018.5348841429204,0,1,0,3,64,2.3923224388267004,7,0.0,0
2026-06-13 11:42:00+00:00,369.4286241274196,1,1,0,0,81,0.22807646644192905,5,0.0,0
2026-06-13 12:18:00+00:00,795.8054565411921,1,1,0,0,255,0.442680616614702,2,0.0,0
2026-06-13 12:29:00+00:00,176.9424025188941,0,1,0,1,19,0.3313950653500405,7,0.0,0
2026-06-13 12:57:00+00:00,230.89769900081683,1,1,0,2,59,0.48126434412954217,4,0.0,0
2026-06-13 14:00:00+00:00,509.0519622337264,0,4,0,1,301,0.5915387787705777,1,0.75,0
2026-06-13 14:35:00+00:00,567.7268419573751,1,1,0,0,97,0.8929138029182834,3,0.0,0
2026-06-13 14:52:00+00:00,244.34624640914615,0,4,0,0,217,0.4373539755550965,4,0.75,0
2026-06-13 15:32:00+00:00,662.5518935811068,0,1,1,1,268,0.9507790411676657,4,0.0,0
2026-06-13 15:34:00+00:00,182.85288205293202,1,1,0,1,199,0.16311035661628542,2,0.0,0
2026-06-13 15:39:00+00:00,170.3169740433808,0,1,0,1,282,1.0,5,0.0,0
2026-06-13 16:22:00+00:00,271.49846907656416,0,1,0,1,297,0.4009444886916826,2,0.0,0
2026-06-13 16:26:00+00:00,2269.863645730119,0,1,0,1,309,1.0,4,0.0,0
2026-06-13 16:27:00+00:00,671.0353756668218,0,1,0,0,310,1.5765188560515528,3,0.0,0
2026-06-13 16:38:00+00:00,1032.061847829354,1,1,0,1,300,3.011611771005254,7,0.0,1
2026-06-13 17:56:00+00:00,1201.6988440524876,0,1,2,1,264,1.0,5,0.0,0
2026-06-13 17:56:00+00:00,432.6694147540867,0,1,0,1,191,0.5019191965145388,4,0.0,0
2026-06-13 18:06:00+00:00,423.2320769279271,1,1,0,1,325,1.0,4,0.0,0
2026-06-13 18:21:00+00:00,710.3723896300853,1,2,0,2,9,1.6934581050657456,5,0.5,0
2026-06-13 18:41:00+00:00,409.56559477746345,1,3,0,3,297,1.138545778125994,2,0.6666666666666666,1
2026-06-13 18:51:00+00:00,406.3393515487337,0,1,0,1,264,0.18609782166550098,5,0.0,0
2026-06-13 19:29:00+00:00,279.60416452159006,1,1,0,1,208,0.4744522165117656,6,0.0,0
2026-06-13 19:32:00+00:00,670.1932152589236,1,1,0,4,292,1.158636015685386,3,0.0,0
2026-06-13 20:23:00+00:00,117.4922642583256,1,1,0,2,354,0.19556879157293708,7,0.0,0
2026-06-13 21:10:00+00:00,638.9699340628842,0,2,0,2,284,0.6801781731083528,4,0.5,0
2026-06-13 21:18:00+00:00,376.90092635844644,0,1,0,1,4,1.0,4,0.0,0
2026-06-13 22:02:00+00:00,617.8928962383924,1,1,1,3,344,0.8233117351506614,4,0.0,1
2026-06-13 22:54:00+00:00,708.3136414761086,1,1,0,2,245,0.8386228542554407,6,0.0,0
2026-06-14 00:15:00+00:00,756.0360137774973,1,1,0,0,111,0.7044925580821914,4,0.0,0
2026-06-14 00:27:00+00:00,726.8076690804937,0,1,1,1,112,1.5921770546509773,4,0.0,0
2026-06-14 02:01:00+00:00,2064.314433791066,0,1,0,4,246,3.1288298158521908,2,0.0,0
2026-06-14 02:13:00+00:00,737.3687896117142,1,1,0,2,293,1.0,6,0.0,0
2026-06-14 02:24:00+00:00,180.83060296525582,1,1,0,3,185,1.0,7,0.0,0
2026-06-14 03:21:00+00:00,178.366821632238,0,1,0,0,145,0.10277115044321697,6,0.0,0
2026-06-14 03:31:00+00:00,498.2237749996997,1,1,0,0,130,0.32058048067856376,6,0.0,0
2026-06-14 03:46:00+00:00,130.56953372528693,1,1,1,1,274,0.20012962171460172,7,0.0,1
2026-06-14 04:03:00+00:00,278.6795704313508,1,1,0,1,151,0.6068454072284566,7,0.0,0
2026-06-14 04:36:00+00:00,472.2582821025088,0,1,0,0,77,0.6807094754929466,3,0.0,0
2026-06-14 04:40:00+00:00,727.1704785380165,0,2,0,0,347,1.4713950930096715,5,0.5,0
2026-06-14 05:21:00+00:00,221.3518586234482,0,2,0,1,310,0.4162265762617143,7,0.5,0
2026-06-14 05:35:00+00:00,4557.108328631447,1,1,0,2,7,3.8817709554636792,5,0.0,0
2026-06-14 05:40:00+00:00,768.7853003201642,1,1,0,0,82,1.0097880433648492,2,0.0,0
2026-06-14 05:42:00+00:00,201.53205622238434,0,1,0,1,119,0.13104018031962897,4,0.0,0
2026-06-14 05:43:00+00:00,407.7622020779928,0,3,0,1,182,0.7255988709404765,8,0.6666666666666666,0
2026-06-14 05:53:00+00:00,119.43181024703074,1,1,0,1,143,0.13280606650858018,4,0.0,0
2026-06-14 06:07:00+00:00,85.47290913230107,0,1,0,1,192,0.11090965160481366,12,0.0,0
2026-06-14 06:18:00+00:00,2319.4783716794564,0,1,0,0,315,3.1223286632789717,3,0.0,0
2026-06-14 06:25:00+00:00,407.2345322583378,0,1,0,4,93,0.19344362173104818,3,0.0,0
2026-06-14 06:42:00+00:00,496.2352420210332,0,1,0,0,206,1.0,8,0.0,0
2026-06-14 07:04:00+00:00,262.1217694476399,1,1,0,1,136,0.3431596314835615,5,0.0,0
2026-06-14 08:28:00+00:00,405.4817030986965,0,1,0,1,169,0.5577392628394903,8,0.0,0
2026-06-14 09:31:00+00:00,197.5312657889664,1,1,0,0,191,0.3540401733951394,4,0.0,0
2026-06-14 10:10:00+00:00,1376.9987635289328,0,1,0,1,188,2.8730663369168083,4,0.0,0
2026-06-14 10:14:00+00:00,266.9897622297567,1,1,0,1,75,1.0,5,0.0,1
2026-06-14 11:04:00+00:00,730.5254005412086,0,1,0,0,185,0.6279378634562918,4,0.0,0
2026-06-14 11:16:00+00:00,583.388686415455,0,4,0,1,256,0.8327038893916073,7,0.75,0
2026-06-14 12:27:00+00:00,497.4484919907539,1,3,0,2,275,0.6758180217047922,4,0.6666666666666666,0
2026-06-14 13:34:00+00:00,749.3326578354804,0,1,0,1,32,1.1661453765067566,3,0.0,0
2026-06-14 13:41:00+00:00,1513.8530622513815,1,1,0,1,363,1.4415376452674198,6,0.0,0
2026-06-14 13:54:00+00:00,529.2926248050163,0,1,0,1,76,0.5754432111380028,6,0.0,0
2026-06-14 14:27:00+00:00,240.3067898118868,1,1,1,0,130,0.36228279723614115,6,0.0,0
2026-06-14 15:08:00+00:00,1031.4214177572608,1,1,0,1,165,1.0,5,0.0,0
2026-06-14 15:09:00+00:00,682.1988432659468,0,1,0,0,144,0.6618706542844232,5,0.0,0
2026-06-14 15:31:00+00:00,81.30568349258542,0,1,0,1,361,0.14936226462397642,10,0.0,0
2026-06-14 15:43:00+00:00,796.6720130544167,1,1,0,0,80,0.7990562794285183,5,0.0,0
2026-06-14 15:53:00+00:00,1186.1759345397336,1,1,0,2,209,1.0,4,0.0,0
2026-06-14 17:19:00+00:00,1030.5353165762383,0,1,0,0,31,0.980896869048699,4,0.0,1
2026-06-14 18:28:00+00:00,674.7323321668551,1,3,0,0,219,0.7520040055667678,6,0.6666666666666666,0
2026-06-14 18:41:00+00:00,1801.9044575864757,1,3,0,0,181,1.268779374659188,5,0.6666666666666666,0
2026-06-14 19:30:00+00:00,158.95372637599277,0,1,0,1,349,0.10727360181583201,6,0.0,0
2026-06-14 20:43:00+00:00,70.2519062358119,1,1,0,0,222,0.07556281383672545,3,0.0,0
2026-06-14 21:54:00+00:00,1445.0445963595419,1,1,0,0,32,1.4426348636992365,4,0.0,0
2026-06-14 22:21:00+00:00,1121.4569385637171,0,1,0,1,255,1.4714167337451651,7,0.0,0
2026-06-14 23:09:00+00:00,306.03089518268007,0,1,0,1,46,0.45495993913272414,8,0.0,0
2026-06-15 00:12:00+00:00,297.820174886325,0,1,0,0,346,0.23936492434127177,5,0.0,0
2026-06-15 01:37:00+00:00,512.3101700196888,0,1,0,0,47,0.4150906411264513,8,0.0,0
2026-06-15 01:54:00+00:00,610.9831798693756,0,3,0,4,300,0.6497666093981473,4,0.6666666666666666,0
2026-06-15 02:03:00+00:00,677.5991282113874,0,1,0,0,185,0.5745854981700724,5,0.0,0
2026-06-15 02:57:00+00:00,60.93075078798461,0,2,0,2,78,0.06343878052699245,3,0.5,0
2026-06-15 02:58:00+00:00,281.12087823540315,0,1,0,0,332,0.5286150674344958,5,0.0,0
2026-06-15 03:24:00+00:00,426.3821434346738,0,1,0,1,314,0.8464345600698531,6,0.0,0
2026-06-15 04:50:00+00:00,94.03103750783902,0,1,0,0,319,1.0,5,0.0,0
2026-06-15 05:02:00+00:00,474.7145914246196,0,1,0,1,87,1.0,4,0.0,1
2026-06-15 05:19:00+00:00,595.9702250471198,1,1,0,2,133,0.7861179993146765,6,0.0,0
2026-06-15 06:29:00+00:00,1046.6000650080593,0,1,0,1,94,2.1470677036909622,1,0.0,0
2026-06-15 06:49:00+00:00,1065.0839559039835,0,1,0,2,289,1.1129932885103193,5,0.0,0
2026-06-15 06:49:00+00:00,340.7728789865329,1,1,0,0,309,0.32275273419016165,5,0.0,0
2026-06-15 07:18:00+00:00,2163.848867392558,0,1,0,3,25,2.9772297650267716,2,0.0,0
2026-06-15 07:47:00+00:00,373.5857439375366,0,1,0,2,249,0.5939518659323377,7,0.0,0
2026-06-15 08:03:00+00:00,3181.0444041657975,0,2,0,1,24,1.0,1,0.5,0
2026-06-15 08:37:00+00:00,294.69094525888477,0,3,0,0,15,0.3540521902217081,6,0.6666666666666666,0
2026-06-15 09:38:00+00:00,300.0875604566783,0,1,0,1,63,0.22409577825224855,5,0.0,0
2026-06-15 09:45:00+00:00,858.5820661536177,0,1,0,1,144,0.9494186736306678,3,0.0,0
2026-06-15 09:48:00+00:00,811.4091644046221,0,1,0,1,307,0.581954816108761,6,0.0,0
2026-06-15 10:13:00+00:00,293.0340429055135,1,1,0,2,246,0.20023281777545968,3,0.0,0
2026-06-15 10:45:00+00:00,320.1544136668382,0,1,0,0,256,0.2573497876238374,5,0.0,0
2026-06-15 11:00:00+00:00,1893.6393418812463,0,3,0,2,20,1.9143937462852305,2,0.6666666666666666,0
2026-06-15 11:09:00+00:00,2840.616795289193,0,1,0,0,313,1.917348309863151,8,0.0,0
2026-06-15 12:20:00+00:00,2028.2304376923353,1,1,0,1,293,3.1304642233821456,4,0.0,0
2026-06-15 12:40:00+00:00,412.1593667391793,1,1,0,2,75,1.0,4,0.0,0
2026-06-15 12:46:00+00:00,554.734415697382,0,1,0,1,290,0.7004532468529097,7,0.0,0
2026-06-15 13:09:00+00:00,546.8668284750886,1,2,0,2,194,0.9932099058789071,3,0.5,0
2026-06-15 13:24:00+00:00,677.769815534532,0,1,0,0,12,0.9973039383527188,7,0.0,0
2026-06-15 13:31:00+00:00,1367.7101808649068,1,1,0,0,147,1.8102636695085084,6,0.0,0
2026-06-15 14:01:00+00:00,1399.5622583351476,0,1,0,1,226,0.8811491651907768,3,0.0,0
2026-06-15 14:43:00+00:00,660.5754666103377,0,1,0,2,355,0.510887138699049,11,0.0,0
2026-06-15 15:02:00+00:00,213.83737085447598,0,1,0,0,206,0.10527845999380295,5,0.0,1
2026-06-15 15:06:00+00:00,216.75736991402533,0,1,0,0,224,0.3320544201442606,7,0.0,0
2026-06-15 15:11:00+00:00,6027.9437518434415,0,1,0,1,228,8.170727714141712,4,0.0,0
2026-06-15 15:15:00+00:00,570.0599111227061,0,1,0,2,333,0.5687958491022963,11,0.0,0
2026-06-15 15:40:00+00:00,314.55681340752926,0,1,0,2,282,0.42595207618907394,10,0.0,0
2026-06-15 15:44:00+00:00,1014.2480200695284,0,1,0,4,13,1.1906651633001057,5,0.0,0
2026-06-15 15:53:00+00:00,373.6000721175701,1,4,0,0,122,0.7141603202148696,3,0.75,0
2026-06-15 16:09:00+00:00,276.38134523678934,0,1,1,4,252,0.2579665895072406,3,0.0,1
2026-06-15 17:14:00+00:00,279.2564349937046,0,1,0,1,249,0.3140036881095342,5,0.0,0
2026-06-15 17:37:00+00:00,102.52531569622045,1,1,0,3,9,0.23278464127988574,3,0.0,0
2026-06-15 17:37:00+00:00,195.34815241427304,0,1,0,0,175,0.2488633207863967,5,0.0,0
2026-06-15 18:00:00+00:00,836.3924924444525,1,1,1,2,115,0.5788973307845064,5,0.0,1
2026-06-15 18:17:00+00:00,310.4840977935218,0,1,0,0,8,0.3890335053930193,6,0.0,0
2026-06-15 19:06:00+00:00,1554.028748179972,0,1,0,0,253,1.8826088521839972,6,0.0,0
2026-06-15 19:15:00+00:00,1425.48292598485,0,1,0,0,313,1.286195528265382,4,0.0,0
2026-06-15 20:26:00+00:00,240.99677255472702,0,4,0,2,81,0.19518683669170242,5,0.75,0
2026-06-15 21:26:00+00:00,280.74065536910916,0,1,0,2,217,0.2473645758101031,6,0.0,0
2026-06-15 21:37:00+00:00,1449.4273438271866,1,1,0,2,124,2.9993098526269124,6,0.0,0
2026-06-15 22:02:00+00:00,248.54867024436834,1,1,0,2,103,0.4791521114709914,2,0.0,0
2026-06-15 22:52:00+00:00,444.8457157003045,1,1,0,1,304,0.6155817468564,4,0.0,0
2026-06-15 22:56:00+00:00,725.8130060705865,0,1,0,1,62,0.5796532470863459,6,0.0,0
2026-06-15 23:37:00+00:00,686.9762517646415,0,1,0,1,258,0.4779571115675038,2,0.0,0
2026-06-16 00:00:00+00:00,214.1029766753453,0,1,0,4,325,0.21435249662936962,3,0.0,0
2026-06-16 00:33:00+00:00,111.0395883641665,0,1,0,3,110,0.17459268124520153,7,0.0,0
2026-06-16 01:41:00+00:00,2213.1430588128596,0,1,0,3,76,1.0,7,0.0,0
2026-06-16 01:57:00+00:00,469.54513453995855,0,4,0,0,131,1.0,6,0.75,0
2026-06-16 02:13:00+00:00,1577.6050723345202,0,1,0,1,302,2.128905597855255,3,0.0,0
2026-06-16 03:21:00+00:00,1054.5341944149245,0,1,0,0,162,1.351689921146723,5,0.0,0
2026-06-16 04:12:00+00:00,985.4038206737147,0,1,0,3,6,1.2034656842371116,2,0.0,0
2026-06-16 05:10:00+00:00,171.47505940495,0,1,0,2,168,0.16844052811033508,7,0.0,0
2026-06-16 06:23:00+00:00,308.4291539112045,1,1,0,0,271,0.6474120900122211,6,0.0,0
2026-06-16 06:23:00+00:00,219.18027929784762,0,1,0,0,185,0.2712767072383729,3,0.0,0
2026-06-16 06:55:00+00:00,328.9954910720496,0,1,0,0,250,0.598365889566256,8,0.0,1
2026-06-16 07:12:00+00:00,239.28620265672163,0,1,0,2,165,0.2826539092007858,4,0.0,0
2026-06-16 07:51:00+00:00,320.6292641547074,0,1,0,1,301,0.3152381413468734,4,0.0,0
2026-06-16 09:28:00+00:00,3338.7550173571503,1,1,0,1,346,6.555355483008178,3,0.0,1
2026-06-16 09:49:00+00:00,216.47272549721396,1,1,0,1,41,1.0,7,0.0,0
2026-06-16 10:04:00+00:00,258.1829075506949,0,1,0,0,113,0.0991258150036773,4,0.0,0
2026-06-16 10:06:00+00:00,616.8055883292312,0,1,0,0,46,1.0870746537303826,1,0.0,0
2026-06-16 10:07:00+00:00,451.8780317140837,0,1,0,1,168,0.6663637992645566,7,0.0,0
2026-06-16 10:07:00+00:00,5769.259143582804,1,1,0,1,209,6.426348215503435,6,0.0,0
2026-06-16 10:14:00+00:00,127.99610388424624,0,1,0,0,360,0.15100836164625256,4,0.0,0
2026-06-16 10:49:00+00:00,1384.2765636889046,0,3,0,0,221,1.9880500053828276,7,0.6666666666666666,0
2026-06-16 10:50:00+00:00,636.130651263925,0,1,0,1,252,1.8595741369551382,3,0.0,0
2026-06-16 11:19:00+00:00,3569.5168155128363,0,1,0,2,199,4.341359243964459,8,0.0,0
2026-06-16 12:19:00+00:00,1190.7551967879117,0,1,0,0,274,1.2064249455951794,4,0.0,0
2026-06-16 13:13:00+00:00,401.63223683604934,0,1,0,0,205,0.6968119459642119,3,0.0,0
2026-06-16 14:51:00+00:00,453.2251796001304,0,1,0,1,17,0.51795076901813,5,0.0,0
2026-06-16 15:27:00+00:00,357.6933743957884,0,2,0,0,86,0.6814595082190669,2,0.5,0
2026-06-16 15:28:00+00:00,432.2897808133683,0,4,0,1,330,0.30130843652819456,7,0.75,0
2026-06-16 15:37:00+00:00,521.2670245400137,0,1,0,0,327,0.44125065382136897,2,0.0,0
2026-06-16 16:11:00+00:00,881.3929836575169,0,1,0,0,314,1.0,5,0.0,0
2026-06-16 16:16:00+00:00,411.53345761466085,0,1,0,0,114,1.0,8,0.0,0
2026-06-16 16:28:00+00:00,170.3778842888411,0,1,0,0,238,0.12610109312063097,5,0.0,0
2026-06-16 16:37:00+00:00,306.7821854898232,0,1,0,3,300,1.0,5,0.0,0
2026-06-16 16:56:00+00:00,1080.37260030193,0,1,0,1,229,0.7339635153976858,4,0.0,0
2026-06-16 17:09:00+00:00,902.7655585337898,0,2,0,0,184,0.6924589731329569,6,0.5,0
2026-06-16 19:01:00+00:00,1654.5395721496761,1,1,0,2,28,1.56419923643929,8,0.0,0
2026-06-16 19:21:00+00:00,215.95096375630686,0,1,0,0,364,0.493897447173797,5,0.0,0
2026-06-16 20:30:00+00:00,388.4529627232954,0,1,0,0,234,0.9468425792187457,4,0.0,0
2026-06-16 21:13:00+00:00,1196.7957499199654,0,1,0,0,293,2.431442426834205,3,0.0,0
2026-06-16 21:41:00+00:00,1036.396435597913,0,1,0,1,310,2.0394555160122283,6,0.0,0
2026-06-16 21:46:00+00:00,419.2902794327796,0,1,0,0,87,0.38468136650713664,2,0.0,0
2026-06-16 23:44:00+00:00,600.8654863294355,0,4,0,1,125,0.568864589854506,8,0.75,1
2026-06-16 23:49:00+00:00,804.3073803416726,0,3,0,2,24,0.7434984315981038,5,0.6666666666666666,0
2026-06-17 00:09:00+00:00,937.5438309849675,0,1,0,1,227,0.9201125571603147,4,0.0,0
2026-06-17 00:11:00+00:00,477.05348610575606,0,2,0,2,105,0.4208024195001259,6,0.5,0
2026-06-17 00:35:00+00:00,1040.2929947670825,0,1,0,0,324,1.6905569273418877,5,0.0,0
2026-06-17 02:17:00+00:00,939.5681655334563,1,2,0,0,20,0.7420314881108474,2,0.5,0
2026-06-17 03:18:00+00:00,2122.920897451932,0,1,0,3,267,4.295094369020367,5,0.0,0
2026-06-17 04:20:00+00:00,892.7293737265796,0,1,0,1,224,1.0624897710083945,4,0.0,0
2026-06-17 04:53:00+00:00,207.43897815782918,0,1,0,0,115,0.18398659079584517,4,0.0,0
2026-06-17 05:42:00+00:00,4487.633240597701,0,1,0,2,177,4.713482839893783,3,0.0,0
2026-06-17 06:13:00+00:00,712.9091543098646,0,1,0,0,361,0.7524561554076463,4,0.0,0
2026-06-17 06:51:00+00:00,638.633483936403,1,2,0,0,275,0.42861658826514953,7,0.5,0
2026-06-17 07:04:00+00:00,540.318747249441,1,1,0,0,100,0.6754202594144505,5,0.0,0
2026-06-17 07:09:00+00:00,1597.7781381174013,1,1,0,0,335,1.0,5,0.0,0
2026-06-17 08:10:00+00:00,133.20440391711034,1,2,0,2,129,0.1321266334364893,3,0.5,1
2026-06-17 09:05:00+00:00,302.0773743709171,0,1,0,0,276,0.36724430822094917,5,0.0,0
2026-06-17 09:20:00+00:00,106.5587911916905,0,2,0,0,294,0.10160251907256697,4,0.5,0
2026-06-17 09:40:00+00:00,95.43436470141607,0,1,0,1,7,0.08286276901561843,5,0.0,0
2026-06-17 09:51:00+00:00,677.408193674865,0,1,0,1,52,1.0278525097782465,3,0.0,0
2026-06-17 10:04:00+00:00,2293.869973107023,0,1,0,3,260,4.7036490515225,4,0.0,0
2026-06-17 10:04:00+00:00,387.9848255541326,0,1,0,2,122,0.4568750532823234,4,0.0,0
2026-06-17 10:19:00+00:00,3412.7442877515346,1,1,0,0,293,5.28344214032384,5,0.0,1
2026-06-17 10:41:00+00:00,49.57143415662973,1,4,0,2,131,0.06516411937681509,7,0.75,0
2026-06-17 10:50:00+00:00,492.39819721118664,0,1,0,0,85,0.668346928046375,3,0.0,0
2026-06-17 10:51:00+00:00,1009.0150593100316,1,1,0,0,29,1.2857211839339233,4,0.0,0
2026-06-17 10:53:00+00:00,295.2723058919313,0,1,0,1,105,0.4129821657432333,5,0.0,0
2026-06-17 12:25:00+00:00,1003.7925628188109,1,2,0,3,123,0.7192701291959092,5,0.5,1
2026-06-17 12:35:00+00:00,295.6997759310297,1,1,0,3,136,0.44740311577655767,4,0.0,0
2026-06-17 12:49:00+00:00,275.6851144535724,0,1,0,1,160,0.4494547127351409,7,0.0,0
2026-06-17 12:49:00+00:00,4285.271104405239,1,1,1,5,31,1.0,8,0.0,1
2026-06-17 13:50:00+00:00,1680.4416835181987,0,4,0,1,126,2.1943505513186157,5,0.75,0
2026-06-17 14:04:00+00:00,1703.3608090606813,1,1,0,1,339,3.3840942699790895,4,0.0,0
2026-06-17 14:04:00+00:00,265.3010486934875,1,4,0,2,103,0.32877629750150617,7,0.75,0
2026-06-17 14:36:00+00:00,1415.9607149764774,0,1,0,0,202,1.5313921411311566,5,0.0,0
2026-06-17 15:02:00+00:00,1550.659503015136,0,1,0,2,260,2.6408007720318394,5,0.0,0
2026-06-17 15:42:00+00:00,3449.5511410297418,1,1,0,0,310,5.437674188761646,7,0.0,1
2026-06-17 15:44:00+00:00,518.2048706745637,0,1,0,2,299,0.9515749002402993,4,0.0,0
2026-06-17 15:55:00+00:00,1021.3242035170197,0,1,0,1,362,2.0246675191557406,5,0.0,0
2026-06-17 16:34:00+00:00,121.02776586700847,1,1,0,1,262,0.10932285510453751,8,0.0,0
2026-06-17 16:42:00+00:00,1070.2098979770499,0,1,0,2,247,1.8997323082096353,5,0.0,0
2026-06-17 17:03:00+00:00,1987.477556744492,1,1,0,2,74,1.9147467189771779,5,0.0,1
2026-06-17 17:04:00+00:00,304.3508323119765,0,1,0,1,265,0.5038389055355037,5,0.0,0
2026-06-17 17:31:00+00:00,694.2530513351323,0,1,0,0,321,0.7110468572685384,3,0.0,0
2026-06-17 17:32:00+00:00,516.0506871775258,0,2,0,2,63,1.2307709610276045,5,0.5,0
2026-06-17 17:35:00+00:00,90.50789550404772,0,1,0,0,0,0.08808104053973695,7,0.0,0
2026-06-17 17:40:00+00:00,1029.6635491551613,0,2,0,1,246,1.0906417200448426,6,0.5,0
2026-06-17 18:45:00+00:00,445.7683390496931,1,1,1,7,95,0.2715053069321006,3,0.0,1
2026-06-17 21:26:00+00:00,868.3484746390725,0,1,0,2,184,0.6043553767335509,4,0.0,0
2026-06-17 23:16:00+00:00,344.4737314351038,0,1,0,0,71,0.43955849048655365,7,0.0,0
2026-06-18 01:03:00+00:00,1512.341379932856,0,1,0,0,305,1.5847100471933653,3,0.0,0
2026-06-18 01:57:00+00:00,5120.37083384526,0,4,0,2,248,5.736519178753052,7,0.75,0
2026-06-18 03:13:00+00:00,104.8322452483562,0,2,0,2,116,0.11041185635834963,2,0.5,0
2026-06-18 03:24:00+00:00,4743.8542040037055,0,1,0,0,74,7.083744935632362,4,0.0,0
2026-06-18 04:28:00+00:00,2278.3540069970395,0,1,0,0,160,2.5729456384606397,3,0.0,0
2026-06-18 05:03:00+00:00,243.70599040108513,0,1,0,2,150,0.4685554875027862,3,0.0,0
2026-06-18 05:27:00+00:00,2696.974459586557,0,1,0,2,205,1.8399274623249535,5,0.0,0
2026-06-18 05:42:00+00:00,462.21575483284107,0,1,0,0,288,1.0,4,0.0,0
2026-06-18 05:44:00+00:00,218.7873966971664,0,1,1,4,167,0.2648867868746946,4,0.0,0
2026-06-18 05:57:00+00:00,239.09457562313838,0,4,0,1,88,0.5916004636575742,3,0.75,1
2026-06-18 06:09:00+00:00,1328.576418888122,0,1,0,1,113,2.1213210480099085,7,0.0,0
2026-06-18 06:38:00+00:00,1123.6948041168498,1,1,0,1,284,1.0,5,0.0,0
2026-06-18 06:50:00+00:00,735.879034262929,1,1,0,1,252,0.827167715404511,8,0.0,0
2026-06-18 07:13:00+00:00,75.58971901036954,0,2,0,0,46,0.12631142650266694,5,0.5,0
2026-06-18 08:31:00+00:00,2016.941039386804,0,4,0,0,32,4.962981664560986,4,0.75,0
2026-06-18 08:34:00+00:00,873.4701588212488,0,3,0,1,251,1.5217313720391772,5,0.6666666666666666,1
2026-06-18 09:11:00+00:00,1190.063366773295,1,1,1,2,116,1.1988794048315234,4,0.0,1
2026-06-18 10:35:00+00:00,325.8135300221391,0,2,1,3,131,0.22748549782260682,5,0.5,1
2026-06-18 10:36:00+00:00,1349.1982724368745,0,1,0,2,357,1.217072367463106,2,0.0,0
2026-06-18 11:00:00+00:00,113.54287042917915,0,4,0,1,235,0.10074153861104265,8,0.75,0
2026-06-18 11:19:00+00:00,101.27135163780828,1,1,0,2,26,0.12008756994639197,5,0.0,0
2026-06-18 11:35:00+00:00,342.8495328741971,0,3,0,0,343,0.3444401122650578,4,0.6666666666666666,0
2026-06-18 11:54:00+00:00,457.6727659967346,0,2,0,0,50,0.6618911542033437,8,0.5,0
2026-06-18 12:13:00+00:00,446.3472562745434,0,1,0,4,326,0.38441555773304126,3,0.0,0
2026-06-18 13:00:00+00:00,304.7998567643666,0,1,1,5,360,0.3578584646187844,4,0.0,1
2026-06-18 13:17:00+00:00,850.4274241137014,1,1,0,2,362,1.8292035470271784,5,0.0,0
2026-06-18 13:18:00+00:00,376.56717876595167,1,1,0,1,172,0.7928732518964653,2,0.0,0
2026-06-18 13:21:00+00:00,879.5078599675616,0,1,0,1,26,1.692900459824736,4,0.0,0
2026-06-18 13:35:00+00:00,326.19143408637956,1,1,0,1,249,0.25584190191052447,3,0.0,0
2026-06-18 14:42:00+00:00,660.4449288359165,0,1,0,0,37,0.8031590768623569,4,0.0,0
2026-06-18 14:44:00+00:00,417.95758467741666,0,1,0,1,87,1.0,4,0.0,0
2026-06-18 15:20:00+00:00,115.53715602264275,0,1,1,4,333,0.40433718416591596,4,0.0,1
2026-06-18 15:58:00+00:00,2517.25072425096,0,4,0,0,356,1.5838365949748276,4,0.75,0
2026-06-18 16:07:00+00:00,287.4481333038931,0,1,0,1,353,0.2022766537538401,3,0.0,0
2026-06-18 16:46:00+00:00,1410.6197225840629,1,1,0,1,119,1.6798532296821187,7,0.0,0
2026-06-18 16:54:00+00:00,1441.788759771198,1,1,0,1,306,1.5889599877894809,6,0.0,0
2026-06-18 17:15:00+00:00,778.3390188774965,0,1,2,4,203,0.956501710998705,5,0.0,1
2026-06-18 17:57:00+00:00,3074.6061020664256,0,1,1,2,343,2.7717475672882745,2,0.0,0
2026-06-18 17:58:00+00:00,379.0219337945006,0,3,0,3,248,0.7093032140925823,5,0.6666666666666666,0
2026-06-18 18:15:00+00:00,3162.3860461061513,0,4,0,0,9,3.304281476003695,3,0.75,0
2026-06-18 18:51:00+00:00,175.7522493380742,0,1,1,4,181,0.21909156639047445,13,0.0,0
2026-06-18 18:56:00+00:00,1855.859130398046,0,1,0,3,253,1.806291344987802,7,0.0,0
2026-06-18 20:34:00+00:00,535.4028312104891,0,1,0,1,169,0.8477623839279452,2,0.0,0
2026-06-18 20:46:00+00:00,1842.9146107763,0,1,0,0,110,3.0684267597885926,6,0.0,0
2026-06-18 21:54:00+00:00,1467.0687912919536,0,1,0,1,357,2.2927293131548594,9,0.0,0
2026-06-18 21:56:00+00:00,536.5930909423349,0,2,0,1,218,0.5009396670103171,3,0.5,0
2026-06-18 23:06:00+00:00,125.02663732536658,0,1,0,1,251,0.13602875995485822,3,0.0,0
2026-06-18 23:07:00+00:00,687.547282676931,0,1,0,1,340,0.8263259791016707,2,0.0,0
2026-06-18 23:22:00+00:00,1896.966580527027,0,4,1,2,192,2.7300113809483806,4,0.75,0
2026-06-18 23:22:00+00:00,480.60133232009775,0,4,0,1,306,0.8149335400344275,4,0.75,0
2026-06-18 23:41:00+00:00,2133.766307925353,0,1,0,0,76,3.4861145127962105,7,0.0,0
2026-06-19 00:13:00+00:00,211.32284949541048,0,1,0,0,207,1.0,9,0.0,0
2026-06-19 00:21:00+00:00,324.4531020140596,1,2,0,1,355,0.2756706250686745,7,0.5,0
2026-06-19 00:26:00+00:00,15.004160856487951,1,1,0,2,38,0.017536148592041383,4,0.0,0
2026-06-19 01:39:00+00:00,334.77634896933637,1,1,0,1,57,0.2923149902446358,7,0.0,0
2026-06-19 01:46:00+00:00,431.4007000295447,0,1,0,2,175,0.37459199515153085,5,0.0,0
2026-06-19 02:00:00+00:00,1346.5853148049491,0,3,0,0,272,1.316526563472505,9,0.6666666666666666,1
2026-06-19 03:08:00+00:00,189.02989776943681,0,1,0,0,86,0.21462397928382548,4,0.0,0
2026-06-19 03:14:00+00:00,213.40616417664674,0,1,0,1,315,0.22507192951601604,5,0.0,0
2026-06-19 03:48:00+00:00,322.66509707671077,1,1,0,2,152,0.2873006485656278,4,0.0,1
2026-06-19 05:02:00+00:00,645.8251755052154,1,1,0,1,357,0.5617967810688155,3,0.0,0
2026-06-19 05:28:00+00:00,1290.1208925738179,0,1,0,2,342,0.7052789069148816,8,0.0,0
2026-06-19 06:02:00+00:00,540.780719405552,0,3,0,2,306,1.0,8,0.6666666666666666,0
2026-06-19 06:47:00+00:00,1917.822171269108,1,1,0,0,79,2.241423606329886,7,0.0,0
2026-06-19 06:48:00+00:00,283.754422992065,0,1,0,2,337,0.4738773258255466,5,0.0,0
2026-06-19 08:36:00+00:00,936.3298050535325,0,1,0,0,286,1.2172143027973772,10,0.0,0
2026-06-19 08:37:00+00:00,573.9927935674585,1,1,0,2,13,0.49018041043656774,3,0.0,0
2026-06-19 08:56:00+00:00,2164.400075334035,1,1,0,2,169,3.3355155882796224,6,0.0,1
2026-06-19 09:35:00+00:00,193.3416905464404,0,1,0,0,131,0.24113096338991277,6,0.0,0
2026-06-19 09:50:00+00:00,526.4223645524463,0,1,0,1,65,0.5380473162481906,6,0.0,0
2026-06-19 10:06:00+00:00,2839.789996423485,0,1,0,0,23,5.942245753907201,2,0.0,0
2026-06-19 13:19:00+00:00,1138.4235273806985,0,1,0,2,336,1.0,5,0.0,0
2026-06-19 13:32:00+00:00,253.58878947673344,0,1,0,1,294,0.23268684318289293,6,0.0,0
2026-06-19 14:55:00+00:00,2561.268642920249,1,1,0,0,55,3.7648096181045996,5,0.0,1
2026-06-19 15:09:00+00:00,1556.9420348727383,0,1,0,2,13,1.60853767381495,4,0.0,0
2026-06-19 15:28:00+00:00,571.7975660602601,0,1,0,0,287,0.399074059696413,3,0.0,0
2026-06-19 16:05:00+00:00,304.7330095740003,0,1,0,0,129,0.4247305738223809,5,0.0,0
2026-06-19 18:06:00+00:00,2303.379784073315,0,1,0,0,65,4.101320881888808,5,0.0,0
2026-06-19 18:13:00+00:00,647.9363494482836,0,2,0,1,61,0.42957493890573156,2,0.5,0
2026-06-19 18:19:00+00:00,602.4332715397218,1,1,0,0,264,1.0,3,0.0,0
2026-06-19 21:09:00+00:00,2855.7565252489007,1,1,0,2,295,3.594039788392338,4,0.0,0
2026-06-19 22:08:00+00:00,257.589361718052,1,1,1,3,319,0.2531158215966897,2,0.0,1
2026-06-19 22:17:00+00:00,1468.6306722293568,0,2,0,3,305,1.5913586222168843,3,0.5,0
2026-06-19 23:04:00+00:00,1927.3048624434905,0,1,0,2,246,3.357046657853817,4,0.0,0
2026-06-19 23:14:00+00:00,1041.2552454106788,0,1,0,1,169,1.499239456147161,2,0.0,0
2026-06-19 23:21:00+00:00,3303.7214309545084,1,4,0,2,83,3.9948943288595338,9,0.75,0
2026-06-20 00:09:00+00:00,267.1211346211214,0,1,0,0,41,0.2219488606093408,6,0.0,0
2026-06-20 00:39:00+00:00,39.04321217938393,0,1,0,2,250,1.0,4,0.0,0
2026-06-20 01:05:00+00:00,1179.3751657402645,1,1,0,1,343,1.3194510200404534,5,0.0,0
2026-06-20 01:23:00+00:00,3015.1126218921727,0,1,0,0,311,3.6486273804868166,6,0.0,0
2026-06-20 02:09:00+00:00,612.3320651683816,0,1,0,2,98,1.0,4,0.0,0
2026-06-20 02:16:00+00:00,1317.567285892484,0,1,0,4,19,0.9978206710028069,4,0.0,0
2026-06-20 02:22:00+00:00,1254.5732574732174,0,1,1,4,41,1.7274223297067304,6,0.0,1
2026-06-20 03:31:00+00:00,2159.421680067623,0,1,0,0,295,4.111847458242622,2,0.0,0
2026-06-20 03:34:00+00:00,713.4869857461167,0,1,0,3,275,0.7242594062714093,5,0.0,0
2026-06-20 03:34:00+00:00,2528.836428687767,0,1,0,0,60,3.8482937274073663,5,0.0,0
2026-06-20 03:37:00+00:00,385.4773271950259,0,1,0,2,47,0.5907722401378812,5,0.0,0
2026-06-20 04:34:00+00:00,225.36707511178525,0,1,0,1,157,1.0,7,0.0,0
2026-06-20 05:21:00+00:00,303.58719426646934,1,1,0,1,37,0.13331704828522015,4,0.0,1
2026-06-20 05:27:00+00:00,1232.1314590513211,1,1,0,1,264,2.4841191695119464,4,0.0,0
2026-06-20 05:44:00+00:00,159.41065286809393,1,1,0,0,223,0.14028624095370176,9,0.0,0
2026-06-20 06:00:00+00:00,4247.571859730619,0,1,0,4,235,5.248902270422314,8,0.0,0
2026-06-20 06:12:00+00:00,1958.2303789913315,1,1,0,0,324,1.0,6,0.0,0
2026-06-20 06:31:00+00:00,3351.9134397098924,1,1,0,3,302,4.946013876871347,5,0.0,0
2026-06-20 06:38:00+00:00,217.66472116463518,1,1,0,1,99,0.2564298487278452,2,0.0,0
2026-06-20 07:36:00+00:00,1011.8213392337866,1,1,0,1,360,1.86251054356779,6,0.0,0
2026-06-20 07:39:00+00:00,1952.6048445627882,1,1,0,2,73,1.0,7,0.0,0
2026-06-20 07:57:00+00:00,302.903037189875,0,1,0,1,57,0.23574806369357215,4,0.0,0
2026-06-20 08:02:00+00:00,91.6011964565702,0,1,0,3,338,1.0,4,0.0,0
2026-06-20 08:20:00+00:00,3213.353697559435,0,1,0,2,321,2.458642477542673,2,0.0,0
2026-06-20 08:30:00+00:00,745.6505845232509,0,1,0,0,180,0.8430253345381797,6,0.0,0
2026-06-20 08:37:00+00:00,399.5551952767464,0,1,0,1,339,0.6482251933579982,2,0.0,0
2026-06-20 08:38:00+00:00,114.63976543045176,0,1,0,1,322,0.07547109128631811,6,0.0,0
2026-06-20 09:12:00+00:00,169.4818246724337,0,1,0,0,334,0.26442760374401636,3,0.0,0
2026-06-20 09:18:00+00:00,847.7662333028114,0,1,0,1,186,1.0,4,0.0,0
2026-06-20 09:38:00+00:00,473.2246588178547,0,1,0,0,172,0.664206069270372,2,0.0,0
2026-06-20 09:45:00+00:00,1327.7620839513706,0,1,2,5,57,1.777768805313788,6,0.0,1
2026-06-20 10:04:00+00:00,294.1752399812931,0,1,0,1,297,0.3205900389902872,5,0.0,0
2026-06-20 10:39:00+00:00,8453.438232634255,1,2,0,0,215,1.0,10,0.5,1
2026-06-20 10:53:00+00:00,783.9338342836365,1,1,0,0,51,2.0641390822093286,5,0.0,0
2026-06-20 10:56:00+00:00,345.57403929046325,0,1,0,0,288,0.557904736211504,5,0.0,0
2026-06-20 11:28:00+00:00,1087.7887011571268,0,1,0,1,336,0.9131923258922438,5,0.0,0
2026-06-20 12:14:00+00:00,332.40030685297194,1,1,0,1,251,0.4573517778226947,6,0.0,0
2026-06-20 12:26:00+00:00,229.89585937274438,0,1,0,1,191,0.31970251988111886,5,0.0,0
2026-06-20 13:16:00+00:00,2787.4018623994925,0,1,0,0,290,2.698303519212479,8,0.0,0
2026-06-20 13:22:00+00:00,803.6381522021379,0,1,0,2,54,0.6416900874720545,9,0.0,0
2026-06-20 14:50:00+00:00,400.83155240847424,0,4,0,1,76,0.29516150224333226,7,0.75,0
2026-06-20 15:20:00+00:00,903.2409527068401,1,3,0,0,328,1.2477736930719872,5,0.6666666666666666,0
2026-06-20 15:39:00+00:00,2502.1682867240984,0,2,0,0,304,2.3765514205626515,4,0.5,0
2026-06-20 15:54:00+00:00,176.40689391052948,1,1,0,2,67,0.21689189365656303,6,0.0,0
2026-06-20 15:56:00+00:00,607.0242766912979,1,1,0,1,86,1.0792375495907347,5,0.0,0
2026-06-20 16:02:00+00:00,1522.808151784625,0,1,0,0,100,2.9501172270985907,6,0.0,0
2026-06-20 16:49:00+00:00,1998.1166490147298,1,1,0,1,107,1.6491791361966046,6,0.0,0
2026-06-20 17:20:00+00:00,414.9404933005442,0,1,0,6,14,0.36047265849322935,2,0.0,0
2026-06-20 17:27:00+00:00,124.79003820328195,0,1,0,2,332,0.20299312240031267,2,0.0,0
2026-06-20 18:05:00+00:00,277.1420960707925,0,1,0,3,258,0.37182529160716055,4,0.0,0
2026-06-20 18:20:00+00:00,94.1472445272004,0,1,0,1,91,0.05821355681290757,8,0.0,0
2026-06-20 19:44:00+00:00,154.83391833862075,0,1,0,1,217,0.1057666324831145,6,0.0,0
2026-06-20 19:53:00+00:00,156.19267097200546,0,1,0,1,337,0.12667211056279135,5,0.0,0
2026-06-20 20:38:00+00:00,647.3563874911575,0,1,0,1,50,0.4845500883588521,7,0.0,0
2026-06-20 20:52:00+00:00,341.792195831443,0,1,0,1,290,0.23117986734988488,3,0.0,0
2026-06-20 21:00:00+00:00,436.874042811343,0,1,0,1,234,0.6507354920989463,7,0.0,0
2026-06-20 21:43:00+00:00,1393.2045555621094,0,1,0,1,234,1.3555497355441088,4,0.0,0
2026-06-20 23:03:00+00:00,3755.6481148827243,1,1,0,1,313,5.808852454389262,4,0.0,0
2026-06-20 23:20:00+00:00,865.8165188234034,0,1,0,0,123,0.8170157876669865,3,0.0,0
2026-06-20 23:42:00+00:00,415.8145048474526,1,1,0,3,241,1.0,6,0.0,0
2026-06-20 23:51:00+00:00,212.7223119747507,1,1,0,1,358,0.2777232431098261,8,0.0,0
2026-06-21 00:02:00+00:00,226.95565242503164,0,1,0,1,179,0.43889686694574576,8,0.0,0
2026-06-21 00:15:00+00:00,476.85327139524907,0,1,0,3,223,0.5849383972173852,4,0.0,0
2026-06-21 00:16:00+00:00,115.73537735561385,1,1,0,0,350,0.11524719765984935,5,0.0,0
2026-06-21 01:01:00+00:00,1542.435060658287,0,4,0,0,183,1.0288097134980736,4,0.75,0
2026-06-21 01:31:00+00:00,570.0667202477917,0,1,0,1,216,0.5164696935637512,2,0.0,0
2026-06-21 01:37:00+00:00,263.4261789071188,0,1,0,1,122,0.7195223707913119,6,0.0,0
2026-06-21 01:53:00+00:00,124.90756741298752,0,1,0,2,225,0.15016314451878424,6,0.0,0
2026-06-21 01:56:00+00:00,648.923174002773,0,1,0,1,122,1.0,4,0.0,0
2026-06-21 01:56:00+00:00,356.6536884678609,0,1,0,3,110,0.5796687037357077,7,0.0,0
2026-06-21 02:07:00+00:00,119.24974023390435,0,1,0,2,256,1.0,6,0.0,0
2026-06-21 02:15:00+00:00,451.8381379234689,1,3,0,0,26,0.7629613958168298,5,0.6666666666666666,0
2026-06-21 02:44:00+00:00,714.411287147936,0,1,0,1,14,1.0,5,0.0,0
2026-06-21 03:38:00+00:00,184.398587687601,0,1,0,0,293,0.17879106873208953,8,0.0,0
2026-06-21 03:51:00+00:00,212.45229906781555,1,1,0,0,210,0.33089978705760925,2,0.0,0
2026-06-21 03:56:00+00:00,494.63225730291134,0,1,0,0,188,0.5978969360176102,6,0.0,0
2026-06-21 04:32:00+00:00,878.0080327405916,0,1,0,1,26,1.166710101527107,5,0.0,0
2026-06-21 04:34:00+00:00,355.05049395005994,0,1,0,0,89,0.4040616063328175,5,0.0,0
2026-06-21 04:37:00+00:00,2589.6001093329464,1,2,0,1,238,6.379178459945897,3,0.5,0
2026-06-21 04:56:00+00:00,190.7613712751248,0,1,0,1,170,0.16075439839818473,3,0.0,0
2026-06-21 05:09:00+00:00,180.768306292298,0,1,0,1,55,0.49339735370799714,5,0.0,0
2026-06-21 05:13:00+00:00,944.8401128996225,0,1,1,3,80,1.857410110673981,6,0.0,1
2026-06-21 05:44:00+00:00,118.3012958006433,1,2,0,2,15,0.16228254666569775,4,0.5,0
2026-06-21 05:52:00+00:00,358.0541943208431,0,1,0,0,272,0.3744027597670822,3,0.0,0
2026-06-21 06:27:00+00:00,353.00777225652575,0,1,0,1,59,0.4674683349928163,7,0.0,0
2026-06-21 07:01:00+00:00,334.50273368919795,0,1,0,0,315,0.4875477741000458,2,0.0,0
2026-06-21 07:26:00+00:00,357.2611682441701,0,1,0,0,147,0.3037714036865256,7,0.0,0
2026-06-21 07:33:00+00:00,616.4804398095562,1,1,0,2,65,0.6808803718583301,5,0.0,0
2026-06-21 08:06:00+00:00,237.68179628003625,0,1,0,0,184,0.47273473639425523,4,0.0,0
2026-06-21 08:12:00+00:00,459.5283324727305,0,1,0,0,10,0.573544679704449,6,0.0,0
2026-06-21 09:54:00+00:00,504.3679973293491,0,1,0,0,18,0.9005976741033487,2,0.0,0
2026-06-21 10:08:00+00:00,879.1074872294919,0,1,0,0,226,0.7638534696270147,6,0.0,0
2026-06-21 10:15:00+00:00,1915.7195936377273,0,2,0,1,147,1.2887719177190293,6,0.5,0
2026-06-21 10:20:00+00:00,356.27391175788455,0,1,0,1,335,0.42163640041618755,6,0.0,0
2026-06-21 10:24:00+00:00,861.1309012408051,0,1,0,0,144,1.0,5,0.0,0
2026-06-21 10:49:00+00:00,1059.620060187307,0,3,0,0,24,1.7066823983749566,10,0.6666666666666666,0
2026-06-21 11:58:00+00:00,125.06554026844944,1,2,0,1,222,0.0886161903990837,5,0.5,0
2026-06-21 12:05:00+00:00,421.19431339375285,1,1,0,0,73,1.0,7,0.0,0
2026-06-21 12:09:00+00:00,2986.1573261320423,1,4,0,0,299,1.0,9,0.75,1
2026-06-21 12:23:00+00:00,430.7839090699241,0,4,0,3,109,0.7083721260177093,7,0.75,1
2026-06-21 12:24:00+00:00,513.8500042054276,0,2,0,1,357,0.893558140034762,4,0.5,0
2026-06-21 12:31:00+00:00,1451.7556183840961,0,2,0,0,288,1.2690449424923302,3,0.5,0
2026-06-21 13:46:00+00:00,920.806877032653,0,1,0,1,34,1.8602413939127431,6,0.0,0
2026-06-21 14:33:00+00:00,215.39329827197602,0,1,0,0,140,0.34602944003074027,4,0.0,0
2026-06-21 15:34:00+00:00,537.031985365858,1,4,0,0,33,0.6408897075786141,5,0.75,0
2026-06-21 15:41:00+00:00,233.92270308626053,0,1,0,1,126,1.0,8,0.0,0
2026-06-21 15:59:00+00:00,188.21921401214766,0,1,0,0,159,0.23367027692963724,5,0.0,0
2026-06-21 19:34:00+00:00,223.00349571628203,0,4,0,2,177,0.21540633995370267,5,0.75,0
2026-06-21 19:38:00+00:00,3970.134469215267,1,1,0,1,290,2.674671387698505,5,0.0,0
2026-06-21 20:41:00+00:00,380.75047539021125,1,1,0,1,61,0.6920344187680196,3,0.0,1
2026-06-21 21:36:00+00:00,196.9512476236073,0,4,0,1,75,0.20151291935176777,7,0.75,0
2026-06-21 21:41:00+00:00,1229.9931203695407,0,1,0,1,254,1.3005069307857657,4,0.0,0
2026-06-21 22:12:00+00:00,684.6297202909028,0,1,0,2,19,0.7528803517025763,4,0.0,0
2026-06-21 23:24:00+00:00,2478.6016687944075,0,1,0,0,360,2.5130905842793276,5,0.0,0
2026-06-21 23:32:00+00:00,447.3623862644495,0,4,0,1,243,0.3893001117406276,6,0.75,0
2026-06-21 23:46:00+00:00,1909.181723740821,0,1,0,2,183,2.8495905265538726,4,0.0,0
2026-06-21 23:47:00+00:00,1630.9891554475164,0,1,0,2,97,1.5783044657394174,8,0.0,0
2026-06-21 23:57:00+00:00,1852.563393762588,0,1,0,1,54,2.426208661892783,6,0.0,0
2026-06-22 00:56:00+00:00,1058.5322100827714,0,1,0,1,293,1.7664609711496835,7,0.0,1
2026-06-22 01:14:00+00:00,372.4385563272608,0,1,0,0,244,0.36845750920335063,4,0.0,0
2026-06-22 03:48:00+00:00,7207.782093301004,0,1,0,2,248,7.4655812455883375,5,0.0,0
2026-06-22 04:20:00+00:00,235.15952449311516,1,1,0,0,66,0.28009948111630456,6,0.0,0
2026-06-22 04:21:00+00:00,115.59055032637974,0,1,0,1,206,0.0738124102773229,6,0.0,0
2026-06-22 05:00:00+00:00,313.71743213720447,0,1,1,5,275,0.28073498382670475,3,0.0,0
2026-06-22 05:17:00+00:00,204.72099267799305,1,1,0,1,343,0.15282217234612872,2,0.0,0
2026-06-22 05:23:00+00:00,451.0820608856725,0,1,0,1,130,0.40595095493927824,4,0.0,0
2026-06-22 05:24:00+00:00,233.79737490530692,0,1,0,0,202,0.3688854397287807,6,0.0,0
2026-06-22 05:38:00+00:00,240.27639895993912,0,1,0,1,220,0.5041103067605625,3,0.0,0
2026-06-22 06:04:00+00:00,203.34944482330158,0,4,0,1,306,0.21640778651774542,4,0.75,0
2026-06-22 06:50:00+00:00,431.4879151003297,1,1,0,1,258,0.6838698222512927,4,0.0,0
2026-06-22 06:59:00+00:00,756.1440751969942,0,1,0,2,278,0.6844498362259492,4,0.0,0
2026-06-22 07:41:00+00:00,2741.5608628748832,1,4,0,0,121,2.0611284936569336,7,0.75,1
2026-06-22 08:18:00+00:00,1072.5989109984444,0,2,0,0,157,1.0,4,0.5,0
2026-06-22 08:22:00+00:00,1061.7723695417,1,1,0,0,260,1.0,3,0.0,0
2026-06-22 10:09:00+00:00,2084.858873517862,0,1,0,0,43,4.1396930424496166,2,0.0,0
2026-06-22 10:12:00+00:00,215.18362652011297,1,1,0,1,38,0.41909474013458753,1,0.0,0
2026-06-22 10:24:00+00:00,369.9597779968756,0,1,0,2,253,0.45696234127514873,5,0.0,0
2026-06-22 10:40:00+00:00,52.40341242042187,1,2,0,1,280,0.046696746663194455,4,0.5,1
2026-06-22 12:30:00+00:00,282.3172756201689,0,1,1,3,100,0.4275639710343924,4,0.0,0
2026-06-22 13:35:00+00:00,642.3896885567774,0,1,0,1,8,0.699735060638684,7,0.0,0
2026-06-22 13:40:00+00:00,183.62060173667345,1,2,0,1,37,0.11718040554906231,8,0.5,0
2026-06-22 13:43:00+00:00,537.2921456424505,0,1,0,2,134,0.6094855425637902,7,0.0,0
2026-06-22 13:52:00+00:00,5813.12193930692,0,2,0,2,34,11.210101783759592,3,0.5,0
2026-06-22 14:15:00+00:00,255.63905540437378,1,1,0,1,12,1.0,3,0.0,0
2026-06-22 14:30:00+00:00,302.1492662890284,0,1,0,2,268,0.4064547838974777,3,0.0,0
2026-06-22 14:30:00+00:00,353.2697204712323,1,2,0,1,191,0.323412625937461,8,0.5,0
2026-06-22 14:32:00+00:00,790.6689816788163,1,1,0,0,249,0.8366308498933761,3,0.0,0
2026-06-22 16:16:00+00:00,414.76899179701115,1,1,0,0,358,0.665993577862634,6,0.0,0
2026-06-22 16:43:00+00:00,433.93619397106363,0,1,0,1,6,0.6879170527929114,5,0.0,0
2026-06-22 17:09:00+00:00,1083.0376546001485,0,1,0,1,123,1.1368719149519562,4,0.0,0
2026-06-22 17:10:00+00:00,1152.765752627303,0,3,0,0,358,1.0,7,0.6666666666666666,0
2026-06-22 17:24:00+00:00,115.64593517017477,0,1,0,1,288,0.10809173524074654,5,0.0,0
2026-06-22 18:20:00+00:00,1417.322389045512,0,1,0,0,280,1.8696337915106271,4,0.0,0
2026-06-22 18:55:00+00:00,49.119632239172375,0,1,0,1,180,0.034609092091331464,3,0.0,0
2026-06-22 19:07:00+00:00,5944.3813292948735,0,1,0,0,220,8.505164275290504,5,0.0,0
2026-06-22 19:56:00+00:00,2858.3612943586995,1,2,0,1,174,2.012343910372427,5,0.5,1
2026-06-22 20:42:00+00:00,1114.3746310696797,0,1,0,2,144,1.1247186863400862,5,0.0,0
2026-06-22 20:53:00+00:00,75.54534573969435,0,1,0,1,35,0.053885521756142814,8,0.0,0
2026-06-22 21:26:00+00:00,765.2891217610663,0,1,0,1,208,0.7920570289545563,9,0.0,0
2026-06-22 22:02:00+00:00,1099.6968960259428,1,1,0,2,31,0.9075127205758974,4,0.0,0
2026-06-22 22:04:00+00:00,180.59767490367264,0,1,0,3,129,0.3212132491991036,7,0.0,0
2026-06-22 22:31:00+00:00,705.2326226193804,0,1,0,1,195,1.3092315378692287,5,0.0,0
2026-06-22 23:02:00+00:00,653.3170867730482,0,1,0,0,226,0.8122560194471895,5,0.0,0
2026-06-22 23:24:00+00:00,417.24768568121596,0,1,0,0,75,0.279966927539873,6,0.0,0
2026-06-22 23:31:00+00:00,287.8926004200358,0,1,0,1,133,0.2962854957219586,4,0.0,0
2026-06-22 23:46:00+00:00,187.8274624760844,1,1,0,1,357,0.19648013090403588,3,0.0,0
2026-06-22 23:49:00+00:00,767.0155418470254,0,1,0,1,202,1.9386950280040551,3,0.0,0
2026-06-23 00:14:00+00:00,451.69438140215277,0,1,0,1,362,0.4891309173954517,3,0.0,0
2026-06-23 00:21:00+00:00,5088.466385883552,0,1,0,2,312,9.021167517340595,2,0.0,0
2026-06-23 01:20:00+00:00,555.016117938193,0,1,0,1,129,0.5398183832177725,4,0.0,0
2026-06-23 02:03:00+00:00,723.01606222428,0,4,0,1,345,1.1001760796622064,8,0.75,0
2026-06-23 02:24:00+00:00,219.16699745689726,1,1,0,0,180,0.13742678865710953,5,0.0,0
2026-06-23 02:25:00+00:00,488.9579602686203,0,2,0,0,249,0.532560800764106,3,0.5,0
2026-06-23 03:01:00+00:00,131.79560968300714,1,4,0,1,205,0.12133895476408117,4,0.75,0
2026-06-23 03:21:00+00:00,902.6171374910574,0,1,0,1,192,1.5890375916525725,7,0.0,0
2026-06-23 03:29:00+00:00,134.03598142486715,0,1,0,2,228,0.32423488077670565,6,0.0,0
2026-06-23 04:42:00+00:00,1475.8473980109507,0,1,0,2,66,0.92799047877567,5,0.0,1
2026-06-23 04:55:00+00:00,458.94615301206335,0,1,0,0,127,1.1100537361918046,4,0.0,0
2026-06-23 05:10:00+00:00,514.8865979346507,0,1,0,3,162,1.1537122601289906,6,0.0,0
2026-06-23 05:12:00+00:00,225.5454424896297,0,1,0,1,275,0.3527214850764091,10,0.0,0
2026-06-23 05:45:00+00:00,911.476008813604,0,2,0,0,283,0.5457466080885107,4,0.5,0
2026-06-23 05:54:00+00:00,966.6792998264356,0,1,0,0,26,1.964374118837421,7,0.0,0
2026-06-23 06:15:00+00:00,145.81758376332854,0,1,0,3,161,0.14683844899104143,3,0.0,0
2026-06-23 06:47:00+00:00,281.0743674609196,1,2,0,0,69,0.22144695031363607,4,0.5,0
2026-06-23 07:59:00+00:00,84.0087557966551,0,1,0,1,103,1.0,7,0.0,0
2026-06-23 08:43:00+00:00,1157.520213261802,1,1,0,1,212,0.7385146932801342,2,0.0,0
2026-06-23 09:04:00+00:00,107.31999059620561,0,1,0,1,311,0.16538513096808316,3,0.0,1
2026-06-23 09:26:00+00:00,334.06007028863365,0,2,0,1,146,0.29818453006677537,5,0.5,0
2026-06-23 09:30:00+00:00,855.388282330196,0,1,0,4,144,1.0,5,0.0,0
2026-06-23 09:57:00+00:00,580.1121165075422,0,4,0,1,243,0.6304029917269601,3,0.75,0
2026-06-23 10:00:00+00:00,2288.357292548455,0,1,0,2,82,2.174772958021908,6,0.0,0
2026-06-23 10:17:00+00:00,33.563149889435756,0,1,0,1,182,0.029029165943701654,5,0.0,0
2026-06-23 10:48:00+00:00,583.3591504420995,1,1,0,0,267,1.1497801239388603,4,0.0,0
2026-06-23 11:39:00+00:00,865.5050618042501,0,2,0,0,247,1.0,3,0.5,0
2026-06-23 11:56:00+00:00,359.47651968093544,0,1,0,0,269,0.6925900944105863,6,0.0,0
2026-06-23 11:56:00+00:00,2030.7999860290888,0,1,0,1,85,4.368164417240765,8,0.0,0
2026-06-23 12:37:00+00:00,716.7805314640087,1,1,0,0,297,0.601067674815774,9,0.0,0
2026-06-23 12:40:00+00:00,1018.7545676224711,0,1,0,0,39,1.32150199068843,7,0.0,0
2026-06-23 15:52:00+00:00,1231.1837386569323,1,4,0,0,98,2.158067214842436,7,0.75,0
2026-06-23 16:20:00+00:00,401.25470911636137,0,1,0,2,320,1.0,5,0.0,0
2026-06-23 17:04:00+00:00,405.6156318116733,0,1,0,2,101,0.5745156308324492,5,0.0,0
2026-06-23 17:28:00+00:00,847.1646301925002,0,1,0,0,53,1.3136379839067902,2,0.0,0
2026-06-23 17:55:00+00:00,144.85440839407323,0,1,0,0,352,0.2730640907370172,6,0.0,0
2026-06-23 18:16:00+00:00,958.2788281412826,1,1,0,2,216,1.5132227405924434,8,0.0,0
2026-06-23 18:20:00+00:00,325.8737141727373,0,2,0,2,216,0.6066409154909514,5,0.5,0
2026-06-23 18:31:00+00:00,810.1091635797313,0,1,0,1,360,1.4277210488074636,7,0.0,0
2026-06-23 19:12:00+00:00,162.31275310679595,0,1,0,0,2,0.44283341695950257,1,0.0,0
2026-06-23 19:49:00+00:00,3527.0628956928745,1,1,0,0,266,3.114808418907848,8,0.0,0
2026-06-23 19:59:00+00:00,614.6538819186292,1,2,0,0,260,1.329400240720792,1,0.5,0
2026-06-23 20:31:00+00:00,188.4897525375522,1,1,0,1,298,0.1647510817642146,3,0.0,0
2026-06-23 21:16:00+00:00,1274.0300035986863,1,1,0,1,9,1.2596719367723965,7,0.0,0
2026-06-23 22:09:00+00:00,640.1141889907683,0,1,0,2,120,1.7449775075029461,2,0.0,0
2026-06-23 22:23:00+00:00,412.4065019886343,1,1,0,0,264,0.29294389631178297,8,0.0,0
2026-06-23 22:57:00+00:00,2952.5734576439827,0,1,0,1,246,7.483898242673155,6,0.0,0
2026-06-23 23:41:00+00:00,1035.5522859120629,1,4,0,0,10,0.7065146807587905,3,0.75,1
2026-06-24 00:46:00+00:00,212.92695286221027,0,3,0,2,332,0.393689478244181,7,0.6666666666666666,0
2026-06-24 02:14:00+00:00,155.17852127745454,0,1,0,0,313,0.17606470234062765,5,0.0,0
2026-06-24 02:19:00+00:00,410.12583216076195,0,1,0,0,289,0.30733314584402976,4,0.0,0
2026-06-24 02:23:00+00:00,3101.840150108036,1,2,0,1,75,2.107450516047683,6,0.5,1
2026-06-24 02:56:00+00:00,689.8014271505579,0,1,0,0,44,0.7791928040608207,8,0.0,0
2026-06-24 03:28:00+00:00,1439.0233515088519,0,1,0,2,201,2.185647788474275,8,0.0,0
2026-06-24 04:19:00+00:00,3130.838439520976,0,1,0,1,29,1.6964135346752545,3,0.0,0
2026-06-24 05:09:00+00:00,392.6641977523109,0,1,0,1,321,1.0,2,0.0,0
2026-06-24 05:10:00+00:00,1780.200180249685,1,1,0,0,294,1.5555152802968715,2,0.0,0
2026-06-24 05:15:00+00:00,991.1324779415481,0,1,0,0,128,1.5486603793961127,3,0.0,0
2026-06-24 07:24:00+00:00,3734.8445569991363,1,1,0,0,73,8.96644929590985,6,0.0,1
2026-06-24 08:11:00+00:00,374.68243368331315,0,1,0,0,299,0.7464388044796277,4,0.0,0
2026-06-24 08:23:00+00:00,2368.236457687096,0,1,0,1,57,4.44116956997492,7,0.0,0
2026-06-24 08:31:00+00:00,623.9373764284004,0,1,0,0,110,0.5365597002314654,6,0.0,1
2026-06-24 08:44:00+00:00,304.34303494121724,0,1,0,2,319,0.5093076601693264,6,0.0,0
2026-06-24 09:16:00+00:00,1381.4209038812953,0,1,0,0,101,1.0,9,0.0,0
2026-06-24 09:47:00+00:00,1717.9344361284975,0,1,0,0,276,2.2241458907747536,3,0.0,0
2026-06-24 11:07:00+00:00,177.83598562545134,1,1,0,0,275,1.0,8,0.0,0
2026-06-24 13:11:00+00:00,7832.495810815266,0,1,0,0,95,7.564038845204502,5,0.0,0
2026-06-24 14:35:00+00:00,825.1098739062722,0,1,0,0,214,1.3020651609621368,8,0.0,0
2026-06-24 14:35:00+00:00,499.3617520053407,0,1,0,1,166,0.7739755212295544,5,0.0,0
2026-06-24 14:51:00+00:00,693.1978956776999,0,1,1,2,89,0.9673607594640533,3,0.0,1
2026-06-24 14:59:00+00:00,6208.541585438528,1,1,0,0,110,8.338048596918552,5,0.0,1
2026-06-24 15:32:00+00:00,194.97511302077754,0,1,0,2,347,0.161398557267507,7,0.0,0
2026-06-24 15:54:00+00:00,569.2370131945994,1,2,0,1,44,0.8399944193114456,5,0.5,1
2026-06-24 15:59:00+00:00,816.3103759481152,0,1,0,1,327,1.3241566782852165,5,0.0,0
2026-06-24 16:17:00+00:00,187.8661612494194,1,1,0,2,246,0.1642573462501287,5,0.0,0
2026-06-24 18:26:00+00:00,1659.9034130783004,1,1,0,1,255,2.607569790673036,3,0.0,0
2026-06-24 18:31:00+00:00,1068.7127268437368,0,1,0,2,29,1.8698839165563064,7,0.0,0
2026-06-24 19:13:00+00:00,678.8195869596238,0,3,0,2,321,0.35225419270352504,5,0.6666666666666666,0
2026-06-24 19:53:00+00:00,455.0587872814591,0,1,0,0,25,1.0,8,0.0,0
2026-06-24 21:11:00+00:00,781.2984410462002,0,2,0,4,62,1.1971203344713497,3,0.5,1
2026-06-24 21:19:00+00:00,771.3353832180999,0,1,0,0,224,0.7245645826497292,5,0.0,0
2026-06-24 21:22:00+00:00,243.962017949271,0,3,1,3,362,0.29026482898738587,11,0.6666666666666666,0
2026-06-24 22:01:00+00:00,2312.181883184765,0,1,0,2,252,3.2127069708315914,5,0.0,0
2026-06-24 22:44:00+00:00,1087.4353687343096,1,1,0,1,341,1.4340784369616844,6,0.0,0
2026-06-24 23:02:00+00:00,418.27349771002224,0,3,0,1,177,1.0,5,0.6666666666666666,0
2026-06-24 23:55:00+00:00,1243.6559184742268,0,1,0,2,143,2.6994937491711215,6,0.0,0
2026-06-25 01:24:00+00:00,1221.2065652811564,1,1,0,1,16,1.2133045639345796,3,0.0,0
2026-06-25 01:37:00+00:00,4043.7769243827047,0,1,0,2,239,6.101579230541041,5,0.0,0
2026-06-25 01:40:00+00:00,335.2245784675727,1,1,0,2,177,0.2842768722383521,5,0.0,0
2026-06-25 02:36:00+00:00,297.34722386906685,0,1,0,2,319,0.6556060040461642,3,0.0,0
2026-06-25 02:44:00+00:00,564.3468560040251,0,1,0,0,68,0.6047456808660239,6,0.0,0
2026-06-25 03:37:00+00:00,1364.2911121668587,0,1,0,1,192,1.6090234963925443,3,0.0,0
2026-06-25 05:13:00+00:00,1335.6326837943059,0,1,0,4,294,3.6962322214522767,5,0.0,0
2026-06-25 05:56:00+00:00,1104.280528568284,1,2,0,1,74,1.06469174224167,6,0.5,0
2026-06-25 05:58:00+00:00,727.3815539640366,1,1,0,2,254,0.5518298554089024,5,0.0,0
2026-06-25 06:04:00+00:00,499.60548196716275,1,1,0,0,332,0.3819737431020591,6,0.0,0
2026-06-25 06:17:00+00:00,2189.307201261561,0,2,0,1,56,4.9851490717392055,3,0.5,0
2026-06-25 06:28:00+00:00,504.02997483593015,0,1,0,1,59,0.4897061545060579,3,0.0,0
2026-06-25 06:28:00+00:00,1171.647844073086,0,1,0,2,353,1.2712906865717315,2,0.0,0
2026-06-25 06:36:00+00:00,837.3723648881864,0,1,0,0,29,0.6965949494521769,3,0.0,0
2026-06-25 06:51:00+00:00,552.6471586403206,0,1,0,0,166,0.6769560458500358,9,0.0,0
2026-06-25 06:59:00+00:00,213.4588431873232,0,1,0,2,193,0.3093873518727015,6,0.0,0
2026-06-25 08:35:00+00:00,3088.9940221799247,1,1,0,1,125,6.8443028339003416,8,0.0,0
2026-06-25 09:17:00+00:00,676.0053218426016,0,1,0,2,211,0.9367267929036381,6,0.0,0
2026-06-25 10:15:00+00:00,569.2006459306697,1,1,0,4,130,0.42571614754303255,6,0.0,0
2026-06-25 11:49:00+00:00,2196.354229680818,0,2,0,0,330,3.8763776061166118,5,0.5,0
2026-06-25 11:52:00+00:00,97.86270814963147,0,1,0,0,275,0.11101381661275482,4,0.0,0
2026-06-25 12:14:00+00:00,229.29561522473284,1,4,0,1,340,0.442465981396219,3,0.75,1
2026-06-25 12:44:00+00:00,670.5053133198634,0,3,0,1,207,1.4673877690473685,4,0.6666666666666666,0
2026-06-25 12:51:00+00:00,1831.935015633343,0,1,0,1,176,1.7092752669926174,8,0.0,0
2026-06-25 12:53:00+00:00,427.9352634154117,0,1,0,2,9,0.5042259913300297,6,0.0,0
2026-06-25 13:11:00+00:00,507.8652197660796,0,1,0,0,349,0.5421597112555814,7,0.0,0
2026-06-25 13:21:00+00:00,196.11916619095604,0,1,0,3,60,0.19511742884205985,6,0.0,1
2026-06-25 13:42:00+00:00,153.31111178925033,0,1,0,2,318,0.20710448172713306,3,0.0,1
2026-06-25 14:02:00+00:00,235.39609157986263,1,1,0,2,336,0.47693094198147307,5,0.0,0
2026-06-25 14:16:00+00:00,909.0295151095949,1,1,0,0,209,1.0,3,0.0,0
2026-06-25 14:19:00+00:00,408.82954238333,0,2,0,2,317,0.8636642224072644,3,0.5,0
2026-06-25 14:22:00+00:00,183.1891284082824,0,1,1,4,115,0.23899777099090866,4,0.0,0
2026-06-25 16:57:00+00:00,218.92294099913985,0,1,0,1,355,0.21381363140448453,4,0.0,0
2026-06-25 17:58:00+00:00,5507.6477808438685,0,1,0,1,142,7.3438569080002605,3,0.0,0
2026-06-25 18:11:00+00:00,578.2997855476016,0,1,0,0,273,0.6195480631670207,3,0.0,0
2026-06-25 18:25:00+00:00,331.8618326014473,0,1,0,4,149,0.6626444007343595,4,0.0,0
2026-06-25 18:33:00+00:00,666.2903617365018,0,4,0,5,8,0.878471729006509,2,0.75,1
2026-06-25 19:47:00+00:00,337.0029833023692,0,1,0,2,159,0.4696798133828537,5,0.0,0
2026-06-25 20:11:00+00:00,649.5192412008546,0,4,0,0,281,0.9364783019860277,5,0.75,0
2026-06-25 21:19:00+00:00,1383.385698765784,0,1,0,2,93,1.0,7,0.0,0
2026-06-25 21:57:00+00:00,851.1103275420509,1,1,0,1,277,0.5657729478142002,6,0.0,0
2026-06-25 22:14:00+00:00,829.4549165742903,0,1,0,0,305,2.3007673963177266,2,0.0,0
2026-06-25 22:27:00+00:00,221.68334770778284,0,2,2,4,26,0.24640650221448032,4,0.5,1
2026-06-26 00:38:00+00:00,564.6498632490348,0,1,0,0,243,0.4714105451419633,5,0.0,0
2026-06-26 00:50:00+00:00,1161.6678530192896,1,3,0,1,236,1.4675788670674383,5,0.6666666666666666,0
2026-06-26 01:16:00+00:00,988.7801209782725,0,1,0,2,301,0.9815470807189434,3,0.0,0
2026-06-26 02:04:00+00:00,574.7996478585872,0,3,0,0,196,0.869119943853804,6,0.6666666666666666,0
2026-06-26 02:19:00+00:00,203.2603044621755,1,1,0,0,274,1.0,6,0.0,0
2026-06-26 02:33:00+00:00,168.33811919619902,0,1,0,0,334,0.24948244223521518,9,0.0,0
2026-06-26 02:48:00+00:00,1242.520219188655,1,1,0,1,124,2.5572833059013624,5,0.0,0
2026-06-26 02:58:00+00:00,469.12413014557814,1,3,0,2,254,0.7094341842614481,7,0.6666666666666666,0
2026-06-26 03:07:00+00:00,486.3362660906208,0,1,0,1,174,0.4524990815571996,3,0.0,0
2026-06-26 03:41:00+00:00,135.28113777507383,0,1,0,1,330,0.33465444348478784,5,0.0,0
2026-06-26 04:44:00+00:00,246.78205611682327,0,1,0,1,114,0.1834930294716388,6,0.0,0
2026-06-26 05:25:00+00:00,866.0477395274371,0,1,0,0,47,0.9572503897419419,4,0.0,0
2026-06-26 06:07:00+00:00,137.57236908360292,1,1,0,1,254,0.14744765039905525,2,0.0,0
2026-06-26 07:30:00+00:00,891.6997224479771,0,1,0,1,201,0.5590137104545326,3,0.0,0
2026-06-26 08:53:00+00:00,1208.0603150654708,0,4,0,2,16,1.2754061939891095,4,0.75,0
2026-06-26 08:58:00+00:00,1333.6368138634955,0,1,0,1,191,1.2060319944521523,8,0.0,0
2026-06-26 09:44:00+00:00,398.10046383645755,1,1,0,2,342,0.45626411997614164,6,0.0,0
2026-06-26 10:03:00+00:00,347.9307207121882,1,1,0,0,173,0.32301635564689246,5,0.0,0
2026-06-26 10:03:00+00:00,1043.3755131709859,0,1,0,1,13,1.1913655750600027,4,0.0,0
2026-06-26 10:39:00+00:00,3169.5030293170657,0,1,1,3,326,3.2962501960550004,4,0.0,1
2026-06-26 10:44:00+00:00,469.4950233310725,1,1,1,2,235,0.7118941575564794,4,0.0,1
2026-06-26 11:36:00+00:00,804.7031754167131,0,1,0,0,9,0.7857285365858614,5,0.0,0
2026-06-26 12:14:00+00:00,671.4334733958935,0,3,0,0,351,1.552061968733812,8,0.6666666666666666,0
2026-06-26 12:44:00+00:00,1627.7890961597418,0,1,0,0,258,2.0074608883219374,7,0.0,0
2026-06-26 12:45:00+00:00,821.5679066171365,1,1,0,1,315,0.7632292302102388,9,0.0,0
2026-06-26 13:05:00+00:00,3536.0000462836088,1,1,0,3,143,3.5003715547428182,5,0.0,0
2026-06-26 13:45:00+00:00,89.2597685642115,0,1,0,3,49,0.1261355611702376,6,0.0,0
2026-06-26 14:09:00+00:00,37.05690423986454,0,1,0,1,97,0.053808506464581275,6,0.0,0
2026-06-26 14:12:00+00:00,217.69495928929527,1,2,0,0,361,0.22114034776909042,3,0.5,0
2026-06-26 14:31:00+00:00,1074.777842352285,0,1,0,0,263,1.2062770701452759,9,0.0,0
2026-06-26 15:06:00+00:00,219.25856483761905,1,1,0,0,288,0.2628747062538304,3,0.0,0
2026-06-26 15:31:00+00:00,201.74503643902892,0,1,1,5,214,0.39143846336509025,2,0.0,1
2026-06-26 15:54:00+00:00,342.7457722727078,0,2,0,1,331,1.0,4,0.5,0
2026-06-26 16:44:00+00:00,1680.2995024844336,0,4,0,0,54,1.251353474202062,3,0.75,0
2026-06-26 16:51:00+00:00,923.7641224475022,0,1,0,0,21,1.6608685294056482,4,0.0,0
2026-06-26 17:06:00+00:00,2827.475867731431,1,1,0,2,111,3.308738105187027,4,0.0,1
2026-06-26 17:12:00+00:00,1505.5725371928215,0,1,0,0,281,1.8247598834621912,5,0.0,0
2026-06-26 17:28:00+00:00,155.07896367341172,1,3,0,0,102,0.09621136902404989,4,0.6666666666666666,0
2026-06-26 17:51:00+00:00,405.09979467251753,1,1,0,0,303,0.789505680641929,4,0.0,0
2026-06-26 18:27:00+00:00,418.98944573206006,0,2,0,0,107,0.6571763057483345,6,0.5,0
2026-06-26 19:15:00+00:00,347.5599096298844,1,1,0,1,86,0.2535064472483826,8,0.0,1
2026-06-26 19:26:00+00:00,343.7421521311513,0,1,0,1,75,0.593339019571321,6,0.0,0
2026-06-26 20:00:00+00:00,1182.6295204323385,1,1,0,0,79,1.5998113390971607,9,0.0,0
2026-06-26 20:17:00+00:00,558.9033624819411,1,1,0,2,22,1.1450829778528815,9,0.0,0
2026-06-26 20:24:00+00:00,686.2029621064006,0,1,0,3,100,0.6553350004685703,4,0.0,0
2026-06-26 21:26:00+00:00,5496.074964610479,0,1,0,2,40,10.64885648364118,7,0.0,0
2026-06-26 21:30:00+00:00,848.8074722826782,0,1,0,0,279,1.2413404735567017,4,0.0,0
2026-06-26 22:07:00+00:00,399.3798510152371,0,1,0,4,332,0.671926475587063,6,0.0,0
2026-06-26 22:33:00+00:00,4234.518855389635,0,1,0,2,260,5.325875523303329,5,0.0,0
2026-06-26 22:37:00+00:00,849.489569650753,0,1,0,1,284,0.5279262893156187,6,0.0,0
2026-06-26 22:43:00+00:00,694.6127064188538,1,1,0,0,238,0.8893521702576259,6,0.0,0
2026-06-26 22:57:00+00:00,495.64550887737596,0,1,0,2,275,0.7416044007722541,4,0.0,0
2026-06-26 23:02:00+00:00,785.7895522885805,0,1,0,0,354,0.6640272722659388,4,0.0,0
2026-06-26 23:09:00+00:00,6.294124416437935,0,1,0,0,64,0.006043609820743144,5,0.0,0
2026-06-26 23:20:00+00:00,982.2573739088666,1,1,0,0,132,0.9340208585870959,6,0.0,0
2026-06-26 23:50:00+00:00,552.276231766547,1,1,0,2,82,0.7393815641233142,6,0.0,0
2026-06-27 00:47:00+00:00,1779.2553475279187,0,1,0,1,178,1.0,6,0.0,0
2026-06-27 01:17:00+00:00,1146.1342705238767,0,1,0,1,188,1.6863843072047977,7,0.0,0
2026-06-27 03:09:00+00:00,202.8118119207224,0,1,0,3,40,0.11666219964438826,1,0.0,0
2026-06-27 03:23:00+00:00,135.38876771949677,1,1,0,1,313,0.09985489190579487,6,0.0,0
2026-06-27 03:35:00+00:00,170.38227778074037,0,1,0,3,226,0.4898659890373906,4,0.0,0
2026-06-27 03:35:00+00:00,810.2992294471982,0,1,0,0,144,0.7575985876173126,4,0.0,0
2026-06-27 03:56:00+00:00,891.3940525815162,0,1,0,2,107,1.0,6,0.0,0
2026-06-27 04:38:00+00:00,823.8148161466161,0,1,0,3,162,0.7545329596298028,3,0.0,0
2026-06-27 05:50:00+00:00,1403.8354266578249,0,2,0,0,250,1.8243036365409626,6,0.5,0
2026-06-27 05:53:00+00:00,706.3875165231937,0,1,0,1,122,0.5199582893773258,7,0.0,0
2026-06-27 06:05:00+00:00,2027.1974512005618,0,1,0,1,294,2.296951113094181,4,0.0,0
2026-06-27 06:26:00+00:00,244.75555743523427,0,1,1,1,63,0.2730513848260674,2,0.0,0
2026-06-27 08:56:00+00:00,841.8752082457848,0,1,0,2,61,0.9955821499086234,3,0.0,0
2026-06-27 10:13:00+00:00,471.0537716905805,0,1,0,1,70,0.4890041804730809,8,0.0,0
2026-06-27 10:59:00+00:00,1103.1206147624744,0,1,0,1,133,2.251149486113957,8,0.0,0
2026-06-27 11:00:00+00:00,799.2312937577618,1,4,0,0,220,1.0,5,0.75,0
2026-06-27 11:24:00+00:00,268.8699322128537,1,2,0,1,345,0.4752690075689877,3,0.5,0
2026-06-27 12:58:00+00:00,265.1933550487202,1,1,0,1,362,0.21206381726791165,5,0.0,0
2026-06-27 13:09:00+00:00,963.5320789611733,0,1,0,2,56,1.7196408231429292,5,0.0,0
2026-06-27 13:18:00+00:00,427.69641150787066,0,2,0,0,193,0.4129808179499328,7,0.5,0
2026-06-27 13:28:00+00:00,1623.5401856938984,0,1,0,3,281,0.6953163559497513,2,0.0,0
2026-06-27 13:59:00+00:00,1353.2435026003793,0,1,0,1,222,2.727152023601373,5,0.0,0
2026-06-27 14:13:00+00:00,845.557517815105,0,1,0,0,84,0.7480801415389692,6,0.0,0
2026-06-27 15:12:00+00:00,666.0288085934769,1,1,0,1,132,0.8875516838616653,6,0.0,0
2026-06-27 15:41:00+00:00,304.6965018399424,0,1,0,1,338,0.41069592316354925,4,0.0,0
2026-06-27 17:27:00+00:00,1294.5272432855406,0,1,0,1,11,0.729178174621076,7,0.0,0
2026-06-27 17:48:00+00:00,303.13539486027855,0,1,0,1,355,0.61557891213526,2,0.0,0
2026-06-27 17:49:00+00:00,2160.1301009950275,1,1,0,1,199,3.9050858909736843,9,0.0,0
2026-06-27 18:29:00+00:00,1266.039049055568,0,1,0,0,86,1.5164255182087742,9,0.0,0
2026-06-27 18:48:00+00:00,360.44173158902015,0,1,0,0,322,0.5195991878688769,3,0.0,0
2026-06-27 18:50:00+00:00,1415.3557952516448,1,1,0,0,131,1.3813990196513426,6,0.0,0
2026-06-27 18:57:00+00:00,238.3822271426734,1,1,0,2,115,0.7006436838561296,8,0.0,0
2026-06-27 19:08:00+00:00,2151.041873909488,0,1,0,1,217,2.609936845385822,5,0.0,0
2026-06-27 20:59:00+00:00,87.65075328772424,0,3,0,0,259,0.10708066059383824,9,0.6666666666666666,0
2026-06-27 21:17:00+00:00,255.87948217894663,0,1,0,1,221,0.21399625657142732,8,0.0,1
2026-06-27 21:50:00+00:00,181.9640504442341,0,1,0,1,348,0.3156327084594421,3,0.0,0
2026-06-27 22:10:00+00:00,1931.6703292671377,0,1,0,0,294,2.1917297040165193,3,0.0,0
2026-06-27 22:16:00+00:00,231.9508964576923,0,1,0,0,293,0.20283631709388789,3,0.0,0
2026-06-27 22:28:00+00:00,1397.7799287829434,0,1,0,2,224,1.8635366170515044,8,0.0,0
2026-06-27 23:46:00+00:00,1192.707099279973,1,1,0,0,229,1.1724091467405005,13,0.0,0
2026-06-28 00:03:00+00:00,148.02666890392447,0,1,0,2,309,0.07514882425458537,7,0.0,0
2026-06-28 00:26:00+00:00,2334.151924924586,1,4,0,1,248,3.5988985360161796,7,0.75,1
2026-06-28 00:33:00+00:00,340.4867493673833,1,1,0,1,143,0.3783649490475801,2,0.0,0
2026-06-28 01:12:00+00:00,269.77609107044395,0,1,0,2,99,1.0,4,0.0,0
2026-06-28 01:47:00+00:00,1688.1899028846256,0,1,0,3,11,2.2323740619111656,7,0.0,0
2026-06-28 01:53:00+00:00,463.1966876391923,0,1,0,2,44,0.25819600631126954,3,0.0,0
2026-06-28 01:54:00+00:00,3380.8043984479195,0,1,1,4,232,4.92967338151022,9,0.0,1
2026-06-28 02:06:00+00:00,246.08984616936118,1,1,0,0,70,0.16818987098013793,4,0.0,0
2026-06-28 02:13:00+00:00,228.30041250994074,0,1,0,2,132,0.342750074700129,4,0.0,0
2026-06-28 03:05:00+00:00,352.8248666810927,1,1,0,1,130,0.4689716147683755,7,0.0,0
2026-06-28 03:08:00+00:00,65.07909335954196,0,2,0,1,132,0.11320460942120696,3,0.5,0
2026-06-28 03:53:00+00:00,1598.9329254013726,0,1,0,2,230,1.6445921482267782,5,0.0,0
2026-06-28 04:14:00+00:00,525.7556827514812,0,1,0,1,144,0.3056173736621424,6,0.0,0
2026-06-28 04:27:00+00:00,685.2958776632995,0,1,0,1,364,1.2239573698117003,7,0.0,0
2026-06-28 04:49:00+00:00,1083.4790261322344,1,1,0,1,269,1.4342957879295428,4,0.0,0
2026-06-28 05:00:00+00:00,881.7713853576709,0,1,0,0,78,1.497741900036794,5,0.0,0
2026-06-28 05:18:00+00:00,1308.8961046942884,0,1,0,2,156,0.8891094271270767,3,0.0,1
2026-06-28 05:54:00+00:00,453.06804145066104,0,1,1,2,132,0.7834750436740018,5,0.0,0
2026-06-28 05:57:00+00:00,596.6266451873016,0,1,0,3,275,0.8873290788940776,6,0.0,1
2026-06-28 06:01:00+00:00,2090.836492095864,0,4,0,1,160,1.465803774123023,3,0.75,0
2026-06-28 06:02:00+00:00,299.97041423572676,0,1,0,1,266,0.26759317707767105,6,0.0,0
2026-06-28 06:07:00+00:00,1889.8886962359466,0,1,0,2,88,2.7553355063777394,5,0.0,1
2026-06-28 06:09:00+00:00,571.7480224127941,0,4,0,2,230,0.34215925639659983,4,0.75,0
2026-06-28 06:15:00+00:00,244.51446966662604,1,1,0,1,80,0.298920857760168,4,0.0,0
2026-06-28 06:33:00+00:00,566.5420841998682,0,3,0,0,32,0.7008537328898595,5,0.6666666666666666,0
2026-06-28 08:12:00+00:00,2907.510714368948,1,1,0,0,75,4.700028431289203,4,0.0,1
2026-06-28 08:40:00+00:00,1263.3270295039435,1,4,0,1,8,1.2506529120374412,5,0.75,1
2026-06-28 09:15:00+00:00,469.58132244149107,0,1,0,0,227,0.5301795294858183,4,0.0,0
2026-06-28 09:50:00+00:00,2836.651576653663,1,1,0,2,93,4.619431398275423,4,0.0,1
2026-06-28 09:51:00+00:00,206.66257126732194,1,1,0,1,286,0.3131303947632158,6,0.0,0
2026-06-28 10:31:00+00:00,315.0455826054689,1,1,0,1,344,0.4291303216762094,5,0.0,0
2026-06-28 11:29:00+00:00,319.5533237511896,0,1,0,0,261,0.32852795766012877,8,0.0,0
2026-06-28 13:25:00+00:00,235.91968913333514,0,1,0,0,138,0.2787828929907198,3,0.0,0
2026-06-28 13:34:00+00:00,576.4695682454742,0,1,0,0,124,0.5775079623285502,11,0.0,0
2026-06-28 13:37:00+00:00,1379.2418935202713,1,3,0,0,346,2.3207378832763896,6,0.6666666666666666,0
2026-06-28 14:04:00+00:00,2075.17950318547,0,1,0,2,25,2.2074127636413996,5,0.0,1
2026-06-28 14:05:00+00:00,526.8750162586081,0,1,0,1,69,0.7915838059960015,7,0.0,0
2026-06-28 14:26:00+00:00,109.01856570550632,0,3,0,2,13,0.09102003809464933,3,0.6666666666666666,0
2026-06-28 14:58:00+00:00,1940.4240459425616,0,1,0,0,337,3.2242793430581767,7,0.0,0
2026-06-28 15:11:00+00:00,1660.7036775603215,0,1,0,0,238,0.9424022737759764,5,0.0,0
2026-06-28 16:40:00+00:00,177.31649070592545,1,1,0,0,289,0.3427340769712835,4,0.0,0
2026-06-28 16:44:00+00:00,1012.7984535886237,1,1,0,1,125,0.7649855489973133,2,0.0,0
2026-06-28 16:56:00+00:00,1394.9444955047989,1,1,0,1,27,3.2518720223715376,4,0.0,0
2026-06-28 17:11:00+00:00,3690.1338301868764,0,1,0,2,110,2.378987314153209,8,0.0,0
2026-06-28 17:14:00+00:00,458.86025326288853,0,1,0,2,179,0.5657594396155633,3,0.0,0
2026-06-28 17:28:00+00:00,1088.9652883149683,0,4,0,2,44,1.648335083648788,5,0.75,0
2026-06-28 17:47:00+00:00,497.9000714591927,0,1,0,0,358,0.22581491411419638,6,0.0,0
2026-06-28 18:12:00+00:00,801.490710054946,0,2,0,2,348,0.4806519701463724,8,0.5,0
2026-06-28 18:16:00+00:00,1026.8453426201393,0,1,0,0,285,0.983438766573469,8,0.0,0
2026-06-28 18:19:00+00:00,400.5988992452294,0,1,0,0,61,0.29240968820872976,5,0.0,0
2026-06-28 18:24:00+00:00,1900.0271384782493,0,1,0,1,84,2.1164190756385772,6,0.0,0
2026-06-28 18:26:00+00:00,583.9361412049585,0,1,0,1,189,1.0,6,0.0,0
2026-06-28 18:37:00+00:00,263.83794964073934,0,4,0,1,316,0.22613221054934202,10,0.75,0
2026-06-28 18:38:00+00:00,1229.5971139281496,1,1,0,4,119,0.9494174265945053,5,0.0,1
2026-06-28 18:50:00+00:00,1487.7280378787623,0,1,0,0,126,0.7710050293012511,6,0.0,0
2026-06-28 19:11:00+00:00,217.3946059942087,0,1,1,6,11,0.1738550910949117,7,0.0,1
2026-06-28 19:21:00+00:00,315.4486456908231,1,1,0,1,44,0.3965080811608324,4,0.0,0
2026-06-28 20:09:00+00:00,754.7326714135263,1,1,0,2,24,0.18477828897305962,4,0.0,0
2026-06-28 21:11:00+00:00,406.1252087226237,0,1,0,2,335,0.7351426656149728,7,0.0,0
2026-06-28 21:14:00+00:00,3374.2204600135674,0,1,0,0,32,3.2626144147500376,3,0.0,0
2026-06-28 22:25:00+00:00,90.18375064951634,0,1,0,1,196,0.07641680936810323,7,0.0,1
2026-06-28 22:41:00+00:00,246.57204291543593,0,1,0,2,69,0.29243570382179856,5,0.0,0
2026-06-28 23:50:00+00:00,616.3702859580857,1,1,0,0,73,1.8622921585895504,6,0.0,0
2026-06-28 23:58:00+00:00,151.7478544122382,0,1,0,2,94,0.14987747484212022,8,0.0,0
2026-06-29 00:17:00+00:00,341.97058441084494,0,2,0,0,65,0.3309975045013022,6,0.5,0
2026-06-29 00:42:00+00:00,247.8996834324528,0,4,0,1,235,0.39396577107776015,8,0.75,0
2026-06-29 00:43:00+00:00,1124.3207373848404,1,1,0,1,112,1.0,9,0.0,0
2026-06-29 00:48:00+00:00,729.2187644220127,0,1,0,1,86,0.7293892799109472,4,0.0,0
2026-06-29 01:11:00+00:00,46.42620074627353,0,1,0,1,288,0.05806427909986366,9,0.0,0
2026-06-29 01:11:00+00:00,6161.8130871786625,0,2,0,0,140,4.6401428186763365,8,0.5,0
2026-06-29 02:26:00+00:00,570.4604152144636,0,1,0,0,28,0.9869754775647395,4,0.0,0
2026-06-29 02:47:00+00:00,180.83930928860264,0,1,0,1,51,0.40540479812470664,3,0.0,0
2026-06-29 03:11:00+00:00,407.35279555702414,0,1,0,1,306,0.6800824752758753,3,0.0,0
2026-06-29 03:31:00+00:00,312.7385289724515,1,4,0,2,7,0.3733148852889396,4,0.75,0
2026-06-29 03:32:00+00:00,1176.1074678730165,0,4,0,1,0,0.6274707240256671,3,0.75,0
2026-06-29 05:07:00+00:00,803.9048813309691,0,1,0,2,321,0.4438217440764052,5,0.0,0
2026-06-29 05:12:00+00:00,47.74919690555289,0,1,0,1,289,0.06131943209838292,6,0.0,0
2026-06-29 05:18:00+00:00,1040.3039217627988,0,1,0,4,9,1.0,6,0.0,0
2026-06-29 05:30:00+00:00,119.65910972971076,1,2,0,2,82,0.15504611815285874,3,0.5,1
2026-06-29 05:33:00+00:00,212.7662735220895,0,1,0,1,97,0.10872060901822857,1,0.0,0
2026-06-29 05:49:00+00:00,374.9593410074888,0,4,0,1,141,0.5222222491047975,5,0.75,0
2026-06-29 06:01:00+00:00,2887.510954363682,0,1,0,1,329,1.0,7,0.0,0
2026-06-29 07:11:00+00:00,1478.1029229348205,1,1,0,2,121,1.189066091853838,2,0.0,0
2026-06-29 07:48:00+00:00,890.6325386214882,0,1,0,2,22,1.875594299536374,3,0.0,0
2026-06-29 07:50:00+00:00,473.1848270892775,1,1,0,2,40,0.3830629978116071,7,0.0,0
2026-06-29 08:05:00+00:00,116.54470173845071,0,1,0,3,29,1.0,10,0.0,0
2026-06-29 10:00:00+00:00,782.1476885361091,0,1,0,1,83,1.4436255455079834,6,0.0,0
2026-06-29 10:54:00+00:00,408.09607181842307,0,1,0,1,285,0.42611402350211997,3,0.0,0
2026-06-29 11:10:00+00:00,1541.691050813206,1,1,0,2,13,1.708973084235686,7,0.0,0
2026-06-29 11:25:00+00:00,1052.481173088626,0,1,0,0,32,1.0033978792154472,7,0.0,0
2026-06-29 11:50:00+00:00,1918.5794941086292,0,1,0,0,52,1.4634354140784234,5,0.0,0
2026-06-29 12:00:00+00:00,143.47744416217947,1,1,0,1,202,0.1456120423409797,2,0.0,0
2026-06-29 12:10:00+00:00,699.8285033270673,0,1,0,2,54,0.564243554391343,4,0.0,0
2026-06-29 12:12:00+00:00,3467.990973846363,0,2,0,1,331,3.5548970621899074,4,0.5,0
2026-06-29 12:23:00+00:00,267.8805777170676,0,4,0,1,362,0.312219118561075,7,0.75,0
2026-06-29 12:37:00+00:00,2140.9313794165005,1,1,0,3,249,3.0581962970942236,2,0.0,0
2026-06-29 13:49:00+00:00,50.311094720022645,0,4,1,3,290,0.06839910105568271,3,0.75,1
2026-06-29 14:32:00+00:00,796.6566236854572,0,1,0,0,233,0.6015823293989568,9,0.0,0
2026-06-29 14:35:00+00:00,189.65595922853421,0,1,0,0,225,0.12307168289170657,3,0.0,0
2026-06-29 15:07:00+00:00,592.0588582215508,0,1,0,1,73,1.7637942113151033,5,0.0,0
2026-06-29 15:09:00+00:00,1639.7922036443783,0,1,0,0,11,4.067515577876186,14,0.0,0
2026-06-29 16:02:00+00:00,392.59111418865365,1,1,0,2,300,0.9806020629340804,6,0.0,0
2026-06-29 16:51:00+00:00,338.77804413961644,0,1,0,2,272,0.17365881499488406,3,0.0,0
2026-06-29 16:58:00+00:00,342.01330984677713,1,1,0,0,160,0.2674803890901489,5,0.0,0
2026-06-29 17:09:00+00:00,525.4206282776211,0,1,0,1,226,0.6299402093987566,12,0.0,0
2026-06-29 17:15:00+00:00,1371.3683185039295,0,1,0,1,281,1.9072088414098076,8,0.0,0
2026-06-29 17:55:00+00:00,877.3962173927622,1,1,0,2,96,1.506767227268595,3,0.0,0
2026-06-29 18:24:00+00:00,1397.8280102335552,1,1,0,2,21,2.5926881618155924,5,0.0,0
2026-06-29 19:01:00+00:00,885.8507592858671,1,1,0,1,256,1.4373412554562495,2,0.0,0
2026-06-29 19:16:00+00:00,553.7840018756272,1,1,0,0,285,0.2363409763249497,6,0.0,0
2026-06-29 19:16:00+00:00,222.43848136562798,1,1,0,1,318,0.2819013640546613,3,0.0,0
2026-06-29 19:30:00+00:00,572.2288389090065,0,1,0,3,40,1.207056528402536,6,0.0,0
2026-06-29 20:10:00+00:00,1020.5775960485528,1,1,0,2,149,0.9332582409879061,6,0.0,0
2026-06-29 20:53:00+00:00,1130.0460295180922,0,1,0,3,108,1.0,3,0.0,0
2026-06-29 20:53:00+00:00,457.6514143094602,0,1,0,1,226,0.3798477694220096,6,0.0,0
2026-06-29 21:01:00+00:00,1010.1520859002779,0,1,0,0,222,1.1189675411684055,5,0.0,0
2026-06-29 22:47:00+00:00,135.90673182727042,0,1,0,0,174,0.08210597290731951,3,0.0,0
2026-06-29 23:13:00+00:00,536.4226872111265,0,1,0,1,302,0.7574059888528547,7,0.0,0
2026-06-29 23:38:00+00:00,273.3838766515938,0,1,0,0,121,0.3092056293152189,6,0.0,0
2026-06-30 00:14:00+00:00,266.4566622425235,0,2,0,0,330,0.3375080404595776,6,0.5,0
2026-06-30 00:52:00+00:00,1785.5066646273049,1,1,0,0,364,1.72803574899181,5,0.0,0
2026-06-30 01:18:00+00:00,1741.5448185947323,1,1,0,2,333,3.1258208709112103,6,0.0,0
2026-06-30 01:25:00+00:00,84.74974930314684,1,1,0,1,109,1.0,5,0.0,0
2026-06-30 03:25:00+00:00,224.26464521116287,0,2,0,0,252,0.2431875566520174,2,0.5,0
2026-06-30 03:38:00+00:00,634.3415587986362,1,1,0,1,268,0.7734592158076284,3,0.0,1
2026-06-30 03:45:00+00:00,146.45127518397754,0,1,0,4,294,0.19960008050212835,7,0.0,0
2026-06-30 03:47:00+00:00,974.3722459095455,0,3,0,1,288,1.5531824055288859,3,0.6666666666666666,0
2026-06-30 03:58:00+00:00,311.651815394972,0,1,0,0,28,0.4421328242090018,7,0.0,0
2026-06-30 04:40:00+00:00,146.44438836156792,0,1,0,0,21,0.24680812585362358,5,0.0,0
2026-06-30 04:48:00+00:00,713.6276517771126,0,2,0,1,168,0.8950836792554056,7,0.5,0
2026-06-30 06:08:00+00:00,6488.43280497994,0,4,0,0,242,9.085724925438655,8,0.75,1
2026-06-30 06:30:00+00:00,99.01234524447895,1,1,2,0,249,0.07683977054032197,4,0.0,1
2026-06-30 07:16:00+00:00,310.1973217024034,1,1,0,0,141,0.2336461214655785,6,0.0,0
2026-06-30 07:22:00+00:00,497.83982333973194,0,1,0,2,104,0.5199446152037213,2,0.0,0
2026-06-30 09:07:00+00:00,325.93694480066733,1,1,0,1,246,0.3342775029084901,5,0.0,0
2026-06-30 10:20:00+00:00,1532.131336565459,0,3,0,1,61,1.6401941831702436,7,0.6666666666666666,0
2026-06-30 11:36:00+00:00,381.0407297334953,0,3,0,1,154,1.0469230558442433,4,0.6666666666666666,0
2026-06-30 11:44:00+00:00,1700.0349955966885,0,1,0,0,332,1.9414348813254185,6,0.0,0
2026-06-30 12:11:00+00:00,550.1155755063459,0,1,0,2,238,1.0,9,0.0,0
2026-06-30 13:10:00+00:00,2388.1484520509975,0,1,0,1,316,6.41458219102093,5,0.0,0
2026-06-30 13:14:00+00:00,366.59844472984196,0,2,0,1,95,0.5946297069677815,9,0.5,0
2026-06-30 14:38:00+00:00,527.4945629650159,1,3,0,3,362,1.0,5,0.6666666666666666,0
2026-06-30 15:02:00+00:00,1153.6583247743292,0,1,0,1,256,1.0642717023775923,4,0.0,0
2026-06-30 15:15:00+00:00,420.5012521838629,0,1,0,1,44,0.4502322333716775,5,0.0,0
2026-06-30 15:16:00+00:00,1225.6126372773674,0,1,0,0,280,1.6504079047098479,9,0.0,0
2026-06-30 15:23:00+00:00,560.6918814217544,0,2,0,1,54,0.43777381909740276,9,0.5,1
2026-06-30 16:26:00+00:00,214.5268060215738,0,4,0,0,198,0.3344859364710148,8,0.75,1
2026-06-30 17:00:00+00:00,144.27413042138366,0,1,0,2,271,0.35901082008341395,9,0.0,0
2026-06-30 17:06:00+00:00,67.19792416756141,0,1,0,1,271,0.2888702755050903,8,0.0,0
2026-06-30 18:18:00+00:00,367.72289549483156,0,1,0,1,284,0.37243337318808983,5,0.0,0
2026-06-30 18:20:00+00:00,650.858279010869,0,1,0,0,23,0.6107138980762057,4,0.0,1
2026-06-30 18:57:00+00:00,3350.422287667243,1,1,0,0,272,3.511221120258124,3,0.0,1
2026-06-30 18:59:00+00:00,95.98989680754372,1,1,0,0,77,1.0,4,0.0,1
2026-06-30 19:53:00+00:00,2272.158123508503,1,2,0,3,56,3.7829437675018873,6,0.5,0
2026-06-30 20:40:00+00:00,457.3418480476969,1,1,0,0,256,0.8427299073813066,4,0.0,0
2026-06-30 21:04:00+00:00,335.257404856874,0,1,0,0,255,0.37586999549769506,5,0.0,0
2026-06-30 22:09:00+00:00,198.7892995341262,0,1,0,2,325,0.2567670596587384,4,0.0,0
2026-06-30 22:30:00+00:00,516.0058435300264,1,1,0,2,270,0.3408310392937713,6,0.0,1
2026-06-30 22:57:00+00:00,242.26736710805514,0,1,0,0,247,0.2021049288840478,3,0.0,0
2026-06-30 23:07:00+00:00,1787.1986389115682,0,1,0,2,116,0.6660936576787541,4,0.0,0
2026-06-30 23:29:00+00:00,1701.8996849424725,0,1,0,0,39,1.9083868138508713,4,0.0,0
2026-07-01 00:29:00+00:00,537.3697733777616,1,1,0,0,180,1.1828031648798436,7,0.0,0
2026-07-01 01:05:00+00:00,1157.5566245730054,0,1,0,0,359,1.0560425200572052,2,0.0,0
2026-07-01 01:10:00+00:00,741.3129344422384,0,1,0,2,48,2.1309808878578274,3,0.0,0
2026-07-01 04:30:00+00:00,2311.8531207658075,0,1,0,0,28,2.537460152525511,7,0.0,0
2026-07-01 04:48:00+00:00,696.4489821083329,1,1,0,1,313,0.49645569423254443,5,0.0,0
2026-07-01 04:53:00+00:00,893.9301712398772,0,1,2,1,140,1.2920385614256809,3,0.0,1
2026-07-01 06:44:00+00:00,174.45898148147023,0,1,0,0,353,0.16541473745569307,5,0.0,0
2026-07-01 07:24:00+00:00,1438.8954181856652,0,3,0,0,90,1.889073228134736,4,0.6666666666666666,0
2026-07-01 08:19:00+00:00,544.402521172909,0,1,0,0,69,0.8733567482837126,5,0.0,0
2026-07-01 08:56:00+00:00,2038.327708827962,0,1,0,0,70,1.4271946123926706,4,0.0,0
2026-07-01 12:41:00+00:00,992.8064405573127,0,2,0,1,71,1.148736038681291,6,0.5,0
2026-07-01 12:53:00+00:00,429.4697049610565,0,1,0,1,353,0.42532615790154205,8,0.0,0
2026-07-01 13:00:00+00:00,679.9149461339264,1,1,0,1,203,0.7788818174312511,5,0.0,0
2026-07-01 13:19:00+00:00,429.99995736816356,0,3,0,2,215,0.6857250107954196,2,0.6666666666666666,0
2026-07-01 13:25:00+00:00,42.08429676991267,0,2,0,1,110,0.04411307471283857,8,0.5,0
2026-07-01 14:06:00+00:00,454.92608423734464,0,1,1,4,333,0.36871693267233246,6,0.0,0
2026-07-01 14:17:00+00:00,371.83178870500825,1,1,0,0,159,0.45463677277540193,7,0.0,0
2026-07-01 14:18:00+00:00,170.43149025955677,0,1,0,1,20,0.22855281157637958,2,0.0,0
2026-07-01 14:21:00+00:00,242.3745661633811,1,1,0,0,78,0.20811968314844978,4,0.0,0
2026-07-01 15:05:00+00:00,1458.8925623669982,0,2,0,1,182,1.6269020084308088,7,0.5,0
2026-07-01 15:10:00+00:00,93.28463098700156,0,1,0,0,139,0.1565995265472512,6,0.0,0
2026-07-01 15:30:00+00:00,3114.752100548149,0,3,0,0,244,6.027197983002171,4,0.6666666666666666,1
2026-07-01 15:38:00+00:00,366.5666821735161,0,1,0,1,107,0.7411067448938189,3,0.0,0
2026-07-01 16:02:00+00:00,220.70889088246392,0,1,0,2,356,0.19157257489509538,7,0.0,0
2026-07-01 16:57:00+00:00,377.49738883653777,0,1,0,3,221,0.6060339245719696,6,0.0,0
2026-07-01 17:14:00+00:00,4678.96419400193,0,1,0,0,240,7.2737633602984415,7,0.0,0
2026-07-01 17:17:00+00:00,567.3118647202938,0,1,0,0,343,0.539697974767439,8,0.0,0
2026-07-01 17:31:00+00:00,1077.2422390465083,0,1,0,0,223,1.7149936703594704,5,0.0,0
2026-07-01 17:56:00+00:00,322.3009213323887,1,4,0,0,125,0.6662172567614164,6,0.75,0
2026-07-01 18:56:00+00:00,348.280163957271,0,1,0,0,110,0.3339002643361036,3,0.0,0
2026-07-01 19:18:00+00:00,2234.845951740138,0,1,0,2,258,2.158301732211775,6,0.0,0
2026-07-01 20:09:00+00:00,214.2941336372137,0,2,0,0,134,0.2735398384009037,2,0.5,0
2026-07-01 20:38:00+00:00,861.3077701280856,0,1,0,0,363,1.8578966866649864,5,0.0,0
2026-07-01 20:39:00+00:00,511.6220966117905,0,1,0,0,14,0.6614720219510742,2,0.0,0
2026-07-01 21:10:00+00:00,285.01570377473007,1,1,0,1,157,1.0,8,0.0,0
2026-07-01 21:49:00+00:00,4416.03674646137,1,2,0,2,48,5.4670863567742884,6,0.5,0
2026-07-01 22:13:00+00:00,406.0429608507768,0,1,0,0,118,0.2343753043776449,6,0.0,0
2026-07-01 22:27:00+00:00,931.5889128615759,0,1,0,0,7,1.1814740240493156,3,0.0,0
2026-07-01 23:17:00+00:00,364.35664319185184,1,1,0,3,38,0.5080040441366471,6,0.0,1
2026-07-01 23:23:00+00:00,429.51332200882376,0,2,0,0,133,0.5842003519071841,5,0.5,0
2026-07-01 23:28:00+00:00,129.3287067972059,0,1,0,2,221,0.11662193723656011,1,0.0,0
2026-07-01 23:50:00+00:00,156.59669948010745,1,1,0,2,202,0.2308092527228615,7,0.0,0
2026-07-02 00:11:00+00:00,869.6212470601936,1,1,0,0,45,1.4480033795292824,4,0.0,0
2026-07-02 00:13:00+00:00,195.98600561995875,1,1,0,2,45,0.24750062337750814,6,0.0,0
2026-07-02 00:48:00+00:00,215.48659520072516,0,1,0,1,77,0.3373939295660781,7,0.0,0
2026-07-02 01:32:00+00:00,1847.3289739048296,0,1,0,1,163,4.731957841548685,4,0.0,0
2026-07-02 01:59:00+00:00,56.09958543058539,0,1,0,1,243,0.05148641368353597,4,0.0,0
2026-07-02 02:04:00+00:00,925.1262473333597,0,2,0,1,157,0.7389986449533176,7,0.5,0
2026-07-02 02:10:00+00:00,120.08220042481773,0,1,0,0,148,1.0,8,0.0,0
2026-07-02 03:39:00+00:00,1007.5170736961122,1,1,0,1,242,0.8710033172894057,11,0.0,0
2026-07-02 03:47:00+00:00,2453.8488195494515,0,1,0,0,121,1.0,6,0.0,0
2026-07-02 03:58:00+00:00,277.66679506152,0,1,0,1,219,0.20142408361533895,7,0.0,0
2026-07-02 04:27:00+00:00,658.7910276816609,0,1,1,1,319,0.8014135014061862,8,0.0,0
2026-07-02 04:31:00+00:00,616.8043414472515,0,4,0,0,196,3.0080341032525446,7,0.75,0
2026-07-02 04:59:00+00:00,581.5962290425617,1,1,0,1,338,0.6343468973058994,5,0.0,0
2026-07-02 05:19:00+00:00,1100.401880139491,0,1,0,0,153,2.287352609059512,6,0.0,0
2026-07-02 05:40:00+00:00,188.85423773942432,0,1,0,2,247,0.3541851497859694,5,0.0,0
2026-07-02 05:45:00+00:00,4527.605977419305,0,2,0,3,102,8.499869183486554,6,0.5,0
2026-07-02 05:51:00+00:00,1800.0129977421568,0,1,0,0,179,1.8599643704405038,9,0.0,0
2026-07-02 06:00:00+00:00,1490.8057961058864,0,1,0,0,308,1.6890482791563841,6,0.0,0
2026-07-02 06:23:00+00:00,1972.5189244852604,1,1,0,3,229,2.053934868640371,6,0.0,0
2026-07-02 07:08:00+00:00,1293.6122926496014,0,1,0,0,155,2.108947883699101,4,0.0,0
2026-07-02 07:12:00+00:00,313.2226307992302,0,1,0,1,343,0.20806429265738938,5,0.0,0
2026-07-02 07:30:00+00:00,758.9822913831796,0,1,0,2,15,1.8356339882679968,4,0.0,1
2026-07-02 08:11:00+00:00,1921.336202200457,0,1,0,0,12,3.0961729020139126,6,0.0,1
2026-07-02 08:37:00+00:00,1205.9508611584731,0,1,0,0,277,1.193013443698853,6,0.0,0
2026-07-02 08:47:00+00:00,366.8114528778282,1,1,0,1,50,0.3020985364838835,4,0.0,0
2026-07-02 09:10:00+00:00,614.4464063679793,1,1,0,4,81,0.387455928003814,5,0.0,1
2026-07-02 09:20:00+00:00,612.2952773312527,1,1,0,2,49,0.8819588052338486,7,0.0,0
2026-07-02 09:31:00+00:00,1619.115502979056,0,1,0,1,87,1.0493883782234381,5,0.0,0
2026-07-02 09:50:00+00:00,1042.212422010837,0,1,0,2,332,1.8898645636820122,7,0.0,0
2026-07-02 09:58:00+00:00,90.84301663907098,0,2,0,3,64,0.09446985739237462,3,0.5,0
2026-07-02 10:33:00+00:00,679.4044427340239,0,1,0,0,40,1.0,7,0.0,0
2026-07-02 10:51:00+00:00,861.7728432967451,1,4,0,0,66,1.8546663954561922,2,0.75,0
2026-07-02 10:59:00+00:00,599.8679805178693,0,1,1,2,149,0.5246743533152746,2,0.0,0
2026-07-02 12:05:00+00:00,186.4710316071029,1,3,1,5,188,0.30407804603999095,5,0.6666666666666666,1
2026-07-02 12:38:00+00:00,588.2944430254738,0,1,0,0,110,0.8022778029095995,7,0.0,0
2026-07-02 13:15:00+00:00,1143.373014365922,0,1,0,1,174,1.0,3,0.0,0
2026-07-02 13:51:00+00:00,299.1859991200646,0,1,0,3,60,0.20628661190071487,5,0.0,0
2026-07-02 13:53:00+00:00,425.52627522615694,0,1,0,0,266,0.49674979730542224,7,0.0,0
2026-07-02 15:33:00+00:00,595.3507583453664,1,1,0,0,146,1.0,8,0.0,0
2026-07-02 15:51:00+00:00,535.4129795411358,1,1,0,2,274,0.774072601178938,9,0.0,0
2026-07-02 16:13:00+00:00,175.10015330053986,1,2,0,0,79,0.1526880010098736,8,0.5,1
2026-07-02 16:28:00+00:00,160.07434047018592,1,1,0,1,207,0.2169170662388475,3,0.0,0
2026-07-02 17:36:00+00:00,326.13624919922336,0,1,0,0,291,0.8316454173364931,4,0.0,0
2026-07-02 17:58:00+00:00,1928.449271276373,0,2,0,1,316,2.2882780636716906,9,0.5,0
2026-07-02 18:00:00+00:00,137.19198332961102,0,1,1,3,31,0.24416946865059325,4,0.0,1
2026-07-02 18:39:00+00:00,1154.2232343662222,0,1,1,0,253,1.6179935980331248,7,0.0,0
2026-07-02 18:46:00+00:00,539.2630282024335,0,2,0,0,183,0.56599416825911,10,0.5,0
2026-07-02 18:57:00+00:00,1731.2061565767638,1,1,0,2,80,2.974591280663355,9,0.0,0
2026-07-02 18:58:00+00:00,1117.2565854219724,0,2,0,0,362,1.5429500260123372,6,0.5,0
2026-07-02 19:26:00+00:00,203.8780321442638,0,1,0,4,114,0.2181379657581852,7,0.0,0
2026-07-02 20:32:00+00:00,123.38349526343987,0,1,0,0,273,0.16187551272921968,6,0.0,0
2026-07-02 20:41:00+00:00,671.8021822230801,0,1,0,1,319,0.8886565466617332,3,0.0,0
2026-07-02 20:48:00+00:00,326.53510019292287,1,4,0,2,307,0.46114226650176154,2,0.75,0
2026-07-02 21:16:00+00:00,1015.4558057714951,0,2,0,0,139,2.3263165452889627,5,0.5,0
2026-07-02 21:18:00+00:00,643.5320507110175,0,1,0,1,110,1.0355183440920057,5,0.0,0
2026-07-02 21:49:00+00:00,752.1433869353627,0,4,0,1,176,1.2181612467682967,4,0.75,0
2026-07-02 22:27:00+00:00,280.90185753062565,0,1,0,1,102,0.49772847472598314,6,0.0,0
2026-07-02 22:45:00+00:00,279.3268599232244,0,1,0,0,144,1.0,7,0.0,0
2026-07-02 22:50:00+00:00,258.54452845532296,0,1,0,0,92,0.2040302350184598,5,0.0,0
2026-07-02 22:56:00+00:00,148.15773077665307,1,1,0,0,67,0.096433582679096,3,0.0,0
2026-07-02 23:43:00+00:00,243.20342917511653,1,2,0,0,119,0.19173530818553014,6,0.5,0
2026-07-03 00:31:00+00:00,182.42011404024055,0,1,0,2,89,0.32783730390063415,3,0.0,0
2026-07-03 00:59:00+00:00,1412.6337743492263,0,1,0,0,156,1.0,7,0.0,0
2026-07-03 01:26:00+00:00,330.3374994187441,0,1,0,0,123,0.2767048735244092,7,0.0,0
2026-07-03 01:45:00+00:00,976.8002150024411,0,1,0,1,259,1.0776506774777193,6,0.0,0
2026-07-03 02:13:00+00:00,118.97208899574866,0,1,0,1,7,0.13722981253204927,2,0.0,0
2026-07-03 02:45:00+00:00,270.88372882940155,0,1,0,0,205,0.35222601853629476,6,0.0,0
2026-07-03 03:49:00+00:00,151.97604875112208,1,1,0,1,52,1.0,9,0.0,0
2026-07-03 04:41:00+00:00,1734.9069815608357,0,1,0,0,254,1.5910584438247783,5,0.0,0
2026-07-03 05:24:00+00:00,376.12852922954056,0,3,0,0,331,0.6021793121774827,2,0.6666666666666666,0
2026-07-03 05:32:00+00:00,1369.3175105782698,1,1,0,0,206,2.0915193554411307,6,0.0,0
2026-07-03 06:01:00+00:00,5503.482809830008,1,1,0,1,343,6.012145468314516,4,0.0,0
2026-07-03 06:14:00+00:00,385.4981772677437,1,3,0,0,0,0.6682085042263218,6,0.6666666666666666,1
2026-07-03 07:17:00+00:00,1156.1936116363486,0,1,0,1,39,2.055417949654811,5,0.0,0
2026-07-03 07:32:00+00:00,213.06236677012384,0,1,0,0,232,0.3954853659053562,6,0.0,0
2026-07-03 08:12:00+00:00,659.1083980154468,1,1,0,1,42,0.8843503491384427,5,0.0,0
2026-07-03 08:19:00+00:00,572.6866438554799,0,1,0,0,178,0.7800100851707281,5,0.0,0
2026-07-03 08:37:00+00:00,1527.1377438441223,0,1,0,3,226,1.8372462367135023,8,0.0,0
2026-07-03 08:38:00+00:00,864.8438149939534,0,1,0,2,96,1.3683250144161536,4,0.0,1
2026-07-03 08:53:00+00:00,306.61650401956035,0,1,0,1,258,0.2840750221577654,3,0.0,0
2026-07-03 09:04:00+00:00,1845.1373945041169,0,1,0,1,197,1.48335009550389,4,0.0,0
2026-07-03 09:20:00+00:00,269.1945204080086,0,1,0,0,242,0.34569807475592174,4,0.0,0
2026-07-03 10:10:00+00:00,2353.989402317905,1,1,1,2,300,2.903801384008188,4,0.0,1
2026-07-03 10:19:00+00:00,1472.1193471821207,1,1,0,0,326,1.804074233159216,6,0.0,0
2026-07-03 10:20:00+00:00,693.8463598446584,0,1,0,4,346,0.38797516479888755,5,0.0,0
2026-07-03 10:35:00+00:00,1326.9482847756017,1,1,0,3,44,0.8017095693938948,3,0.0,0
2026-07-03 10:39:00+00:00,403.73461712619155,0,1,0,2,16,0.11187361802605657,4,0.0,0
2026-07-03 10:47:00+00:00,1129.0925604122601,0,2,0,1,334,1.055912022950905,3,0.5,1
2026-07-03 10:59:00+00:00,989.602265019849,1,1,0,1,64,1.3943081189693314,4,0.0,0
2026-07-03 11:43:00+00:00,1764.6357802117448,1,1,0,0,70,4.419901352736709,6,0.0,0
2026-07-03 11:57:00+00:00,3094.571348517279,0,1,0,1,90,4.71440854890081,4,0.0,0
2026-07-03 11:57:00+00:00,391.42007947303455,0,1,0,1,10,0.6035128239563389,4,0.0,0
2026-07-03 12:51:00+00:00,808.3898851720705,1,1,0,0,186,0.8207792185427893,2,0.0,0
2026-07-03 13:20:00+00:00,356.8739392244793,0,1,0,4,333,0.40805351215508295,2,0.0,0
2026-07-03 14:35:00+00:00,842.0420716007297,0,1,2,2,167,0.8363983532032475,9,0.0,1
2026-07-03 14:58:00+00:00,197.55631766022628,0,1,0,0,319,0.40575938812269974,6,0.0,0
2026-07-03 16:00:00+00:00,76.66677309201317,1,4,0,1,23,0.09157881171925626,7,0.75,0
2026-07-03 16:00:00+00:00,341.22042767082723,0,1,0,0,197,0.4423219240437105,8,0.0,0
2026-07-03 16:11:00+00:00,475.31420625079227,0,1,0,1,46,0.8007966140353874,7,0.0,0
2026-07-03 16:20:00+00:00,285.45494318895146,0,1,0,2,280,0.29133867370445626,6,0.0,0
2026-07-03 16:32:00+00:00,104.69364816894328,0,1,0,1,29,0.11678482033835387,4,0.0,0
2026-07-03 16:48:00+00:00,313.2267000195744,0,1,2,3,55,0.36510878547875064,6,0.0,1
2026-07-03 17:06:00+00:00,594.6980866484622,1,2,0,1,261,0.5555869785497737,5,0.5,0
2026-07-03 17:58:00+00:00,1397.5764714939937,0,1,0,0,251,2.399588464553699,5,0.0,0
2026-07-03 19:52:00+00:00,1097.747661497098,0,1,0,2,38,1.013488878429463,6,0.0,0
2026-07-03 20:04:00+00:00,189.7997864328792,0,1,0,0,36,0.16725997410353632,7,0.0,0
2026-07-03 21:23:00+00:00,407.3954781290434,0,1,0,2,113,0.40182056952977174,6,0.0,0
2026-07-03 21:34:00+00:00,857.4154395245359,0,2,0,0,34,1.0211254675919592,11,0.5,0
2026-07-03 21:57:00+00:00,1062.6516467172241,1,1,0,2,95,1.097685188079895,7,0.0,0
2026-07-03 22:12:00+00:00,326.79750711004226,0,1,0,0,23,0.2958609021178869,7,0.0,0
2026-07-03 22:20:00+00:00,911.7248080671806,1,1,0,1,136,1.38063858538561,5,0.0,0
2026-07-03 22:49:00+00:00,654.8545630630791,0,1,0,1,167,0.5139427850344132,8,0.0,0
2026-07-03 23:54:00+00:00,433.5331913354362,0,1,0,2,56,0.5333717692257749,5,0.0,0
2026-07-04 00:23:00+00:00,486.9646403956838,0,1,0,0,278,0.38979333664210786,6,0.0,0
2026-07-04 01:05:00+00:00,265.654685542803,0,1,0,0,345,0.28229386827943687,8,0.0,0
2026-07-04 01:13:00+00:00,1420.9153411249526,0,4,0,0,304,1.246410241391661,6,0.75,0
2026-07-04 01:19:00+00:00,1960.6320104384354,1,1,1,3,51,2.124179296630252,4,0.0,1
2026-07-04 01:44:00+00:00,457.07977030238715,0,1,0,0,16,0.7970120435052102,5,0.0,0
2026-07-04 02:36:00+00:00,850.4217081816487,0,1,0,0,0,0.6308625796066097,6,0.0,0
2026-07-04 02:42:00+00:00,199.75196448469956,0,1,0,2,186,0.2675407729097137,2,0.0,0
2026-07-04 02:49:00+00:00,562.025095412068,0,1,0,1,195,0.44042606129396655,5,0.0,0
2026-07-04 03:21:00+00:00,853.9054882986627,0,1,0,0,145,0.670575883998216,7,0.0,1
2026-07-04 04:28:00+00:00,2114.9905700511904,1,1,0,0,230,2.1873133238421527,7,0.0,1
2026-07-04 04:32:00+00:00,1678.8517127964228,0,1,0,0,98,3.049198975240138,2,0.0,0
2026-07-04 05:43:00+00:00,1714.793174739003,0,3,0,0,18,1.5219078323474442,4,0.6666666666666666,0
2026-07-04 05:48:00+00:00,641.2587378202475,0,1,0,2,210,0.39527062093726906,5,0.0,0
2026-07-04 06:14:00+00:00,795.2721496736295,0,1,0,2,9,0.5905779126314727,5,0.0,0
2026-07-04 06:49:00+00:00,1842.480682517953,0,1,0,0,243,1.7329430505019088,7,0.0,0
2026-07-04 06:52:00+00:00,344.3096121202153,0,1,0,4,100,0.21218818117386945,9,0.0,0
2026-07-04 07:26:00+00:00,383.25251890296295,0,1,0,0,175,1.0,2,0.0,0
2026-07-04 07:26:00+00:00,479.8807601740366,0,1,0,1,174,0.72371431606238,5,0.0,0
2026-07-04 07:35:00+00:00,2902.355629998469,0,1,0,0,195,2.4004880385126066,4,0.0,0
2026-07-04 08:30:00+00:00,2988.233280561089,0,2,0,0,88,2.0781088505182828,6,0.5,0
2026-07-04 08:31:00+00:00,350.79595663540067,1,1,0,2,282,0.19589725997745716,3,0.0,0
2026-07-04 09:17:00+00:00,1569.7108204121382,1,1,0,1,170,2.8493182938747283,11,0.0,0
2026-07-04 10:04:00+00:00,313.3145167595165,1,1,0,0,122,0.3696403135092847,5,0.0,0
2026-07-04 11:40:00+00:00,203.95917382324282,0,1,0,1,54,0.136662669397974,6,0.0,0
2026-07-04 12:22:00+00:00,1705.0559771238045,1,1,0,3,84,1.6620868537051088,9,0.0,0
2026-07-04 13:45:00+00:00,242.92461775895543,0,2,0,0,115,0.09102871952160684,4,0.5,0
2026-07-04 13:46:00+00:00,46.63280748895617,0,1,0,1,45,0.19998810132604708,5,0.0,1
2026-07-04 13:58:00+00:00,401.52111924221697,0,1,0,0,306,0.5757495416228273,8,0.0,0
2026-07-04 14:53:00+00:00,153.73428157030926,1,1,0,1,176,0.33586960832711626,7,0.0,0
2026-07-04 14:56:00+00:00,634.1388537003997,0,1,0,0,113,0.36124531751761174,8,0.0,0
2026-07-04 15:04:00+00:00,490.1781831859461,0,1,0,1,187,1.1476100415271162,10,0.0,0
2026-07-04 15:28:00+00:00,366.3506263030105,0,2,0,0,295,0.500739258019144,6,0.5,0
2026-07-04 15:32:00+00:00,169.61738226669485,0,1,0,2,200,0.2641836792646328,4,0.0,0
2026-07-04 15:59:00+00:00,1286.420584346988,0,2,0,1,108,1.1743062457797495,5,0.5,0
2026-07-04 16:33:00+00:00,951.435374967096,0,1,2,1,273,1.4618881075617995,4,0.0,1
2026-07-04 16:36:00+00:00,129.04890595959208,1,4,0,2,141,0.230806522982945,6,0.75,0
2026-07-04 16:52:00+00:00,526.0358102304955,0,3,0,1,33,0.9498875021513983,4,0.6666666666666666,0
2026-07-04 16:56:00+00:00,1416.0549003040364,0,1,0,0,11,0.9940722326130654,3,0.0,0
2026-07-04 16:56:00+00:00,359.9781467857081,0,1,0,0,0,0.5441261988247397,5,0.0,0
2026-07-04 17:30:00+00:00,686.263354286822,0,1,1,3,235,0.6941505088229221,6,0.0,0
2026-07-04 17:33:00+00:00,753.9892030971284,0,1,0,1,87,0.569377749161607,5,0.0,0
2026-07-04 19:29:00+00:00,1139.6387138788277,1,1,0,0,347,1.0,6,0.0,0
2026-07-04 19:45:00+00:00,1354.9368802506783,1,1,0,0,294,2.593830660810238,9,0.0,0
2026-07-04 19:50:00+00:00,1491.4647658234946,1,1,0,2,148,1.4741240479253164,5,0.0,0
2026-07-04 19:52:00+00:00,2014.8130613358478,1,1,0,5,20,1.3072084477548545,3,0.0,1
2026-07-04 20:01:00+00:00,498.48056107283577,0,1,0,1,297,0.8602170650947611,5,0.0,0
2026-07-04 20:07:00+00:00,833.8216463587494,1,1,0,1,142,2.407556291046841,4,0.0,0
2026-07-04 20:26:00+00:00,43.409346171343685,1,1,0,0,315,0.038568199434705915,5,0.0,0
2026-07-04 20:26:00+00:00,792.1615921524335,0,1,0,0,266,1.1578154341679558,9,0.0,0
2026-07-04 21:38:00+00:00,446.0261574034082,1,2,0,2,265,0.3073992271179922,1,0.5,0
2026-07-04 21:58:00+00:00,809.5325763923411,1,1,0,0,258,1.0150946652244641,7,0.0,0
2026-07-04 22:05:00+00:00,420.5267217738805,0,1,0,2,282,0.307689633177226,9,0.0,0
2026-07-04 22:14:00+00:00,2573.758075063934,0,1,0,1,317,2.5887449668589544,8,0.0,0
2026-07-04 22:37:00+00:00,277.9517121279088,0,1,0,1,222,0.3573821152682296,9,0.0,0
2026-07-04 23:17:00+00:00,460.70676666563935,1,4,0,0,266,0.40755988602640714,4,0.75,0
2026-07-04 23:38:00+00:00,456.5766939053611,1,1,0,0,218,1.0016120582124164,11,0.0,0
2026-07-04 23:43:00+00:00,663.9864800555531,1,1,0,1,45,0.558170794672897,6,0.0,0
2026-07-05 01:08:00+00:00,779.9768982055558,0,3,0,1,84,0.5126948710843465,3,0.6666666666666666,1
2026-07-05 02:49:00+00:00,899.7114905933223,0,2,0,1,111,0.62099522920255,10,0.5,0
2026-07-05 03:46:00+00:00,358.7749751165006,0,1,0,1,341,0.5532563479124945,4,0.0,0
2026-07-05 04:16:00+00:00,1103.2373175506427,0,1,0,1,166,2.287589488040632,5,0.0,0
2026-07-05 05:55:00+00:00,57.58801897009019,1,1,0,1,12,1.0,7,0.0,0
2026-07-05 06:05:00+00:00,189.975746358287,0,4,0,1,338,0.13764532111053038,9,0.75,0
2026-07-05 06:16:00+00:00,206.28203243893708,0,1,0,1,276,0.10593109115862488,3,0.0,0
2026-07-05 07:27:00+00:00,99.93985969967619,0,1,0,1,31,1.0,8,0.0,0
2026-07-05 08:10:00+00:00,560.8940606829816,0,2,0,0,245,0.7691956180606158,4,0.5,0
2026-07-05 08:21:00+00:00,1365.652319013298,0,1,0,0,106,1.3134717540097507,9,0.0,0
2026-07-05 08:27:00+00:00,1874.7013674914801,0,1,0,2,218,0.867446236732046,3,0.0,0
2026-07-05 08:29:00+00:00,1224.3870013085434,0,1,0,1,167,1.9770239694364051,1,0.0,0
2026-07-05 08:46:00+00:00,1306.49105823611,0,4,0,3,179,1.2521164647666325,6,0.75,0
2026-07-05 09:39:00+00:00,1210.9387116624468,0,1,0,0,183,0.9513466923685222,5,0.0,0
2026-07-05 09:57:00+00:00,849.5632489326914,0,1,0,3,324,1.7120886000632904,4,0.0,0
2026-07-05 10:39:00+00:00,538.415330495669,1,1,0,3,122,0.357381683729803,5,0.0,0
2026-07-05 12:16:00+00:00,410.99952430772123,0,3,0,0,166,0.4737508920633096,6,0.6666666666666666,0
2026-07-05 13:21:00+00:00,548.5822533379962,0,1,0,0,122,0.27140034411898434,4,0.0,0
2026-07-05 13:26:00+00:00,200.7132829975049,0,4,0,0,187,0.266281685732388,6,0.75,0
2026-07-05 13:39:00+00:00,444.12622662321974,0,1,0,2,124,0.38321637011116627,4,0.0,0
2026-07-05 14:07:00+00:00,2002.726099151294,1,1,0,1,258,1.9844767392719156,8,0.0,1
2026-07-05 14:13:00+00:00,736.2761532779792,0,1,0,4,19,1.075552449583047,5,0.0,0
2026-07-05 14:14:00+00:00,958.0722710797013,1,1,0,1,47,0.8560329944360785,4,0.0,0
2026-07-05 14:51:00+00:00,448.32281513887415,1,1,0,2,358,0.6798805303450709,4,0.0,0
2026-07-05 15:11:00+00:00,448.84135591668127,0,1,0,0,237,0.5432227194230825,5,0.0,1
2026-07-05 15:36:00+00:00,461.62383733487445,0,1,0,1,26,0.6772634448143611,3,0.0,0
2026-07-05 16:53:00+00:00,700.9592995998877,1,1,0,0,46,0.7490230541724469,5,0.0,0
2026-07-05 17:19:00+00:00,329.75995221820074,0,1,0,4,325,0.2517872069887981,5,0.0,0
2026-07-05 17:35:00+00:00,401.73882937076576,0,1,0,0,49,0.23780567510951642,3,0.0,0
2026-07-05 18:11:00+00:00,942.3159780292259,0,1,0,1,226,1.7123101169197112,6,0.0,0
2026-07-05 18:19:00+00:00,720.9768847301777,1,1,0,0,103,0.5677941751025446,6,0.0,0
2026-07-05 18:51:00+00:00,686.323462213622,0,1,0,0,330,0.8594576925904663,5,0.0,0
2026-07-05 19:12:00+00:00,2168.056527775194,1,1,0,0,171,2.7136096635724853,6,0.0,0
2026-07-05 19:13:00+00:00,221.47596843087766,0,4,0,1,53,0.37040772265393346,6,0.75,0
2026-07-05 19:14:00+00:00,392.93357155889055,0,1,0,4,176,0.2564877549325717,5,0.0,0
2026-07-05 19:58:00+00:00,2339.8914255992668,1,1,0,3,253,3.728946468537136,6,0.0,1
2026-07-05 20:13:00+00:00,523.4215221478116,0,4,0,0,238,1.0634076434093394,10,0.75,0
2026-07-05 20:14:00+00:00,4923.447250371113,0,1,0,1,174,9.449066485536989,7,0.0,0
2026-07-05 21:13:00+00:00,2657.39220676723,1,1,0,0,279,3.966588442613631,3,0.0,1
2026-07-05 21:23:00+00:00,1315.6836532927625,0,4,0,1,63,1.137913157161859,7,0.75,1
2026-07-05 21:27:00+00:00,665.6350581747212,1,3,0,2,80,0.6105676664120254,6,0.6666666666666666,0
2026-07-05 21:28:00+00:00,512.3095418393827,1,4,0,1,31,1.42879793779629,8,0.75,1
2026-07-05 22:07:00+00:00,192.97324769692142,0,1,0,0,8,0.2979405975810193,7,0.0,0
2026-07-05 22:30:00+00:00,578.8185070099074,0,4,0,0,280,0.41082423979239485,4,0.75,0
2026-07-05 22:31:00+00:00,430.65912020451367,0,1,0,0,288,0.610220011283014,5,0.0,0
2026-07-05 22:50:00+00:00,627.4903184360146,0,1,0,1,107,0.5876038953823651,3,0.0,0
2026-07-06 00:02:00+00:00,577.092386286155,0,1,1,0,121,0.2099001231294119,9,0.0,0
2026-07-06 00:07:00+00:00,1061.1655489790949,0,1,0,0,338,2.2505418314799543,6,0.0,0
2026-07-06 00:26:00+00:00,624.5259945134925,0,1,0,0,129,1.0,2,0.0,0
2026-07-06 00:45:00+00:00,80.71115554950131,1,4,1,4,235,0.11281156494865377,4,0.75,1
2026-07-06 00:45:00+00:00,244.30586530576966,1,1,0,0,332,0.24307943045324526,7,0.0,1
2026-07-06 01:26:00+00:00,714.5151659243177,0,2,0,3,66,1.0,6,0.5,0
2026-07-06 01:26:00+00:00,423.9315681840498,0,2,0,2,313,0.6187903222513121,6,0.5,0
2026-07-06 01:56:00+00:00,192.50198296731244,0,3,0,0,116,0.1047793688406204,5,0.6666666666666666,0
2026-07-06 02:26:00+00:00,410.65724007073385,0,1,0,1,98,0.42217785054295554,6,0.0,0
2026-07-06 02:51:00+00:00,1003.5352768732412,0,1,0,0,182,1.940704116479137,9,0.0,0
2026-07-06 03:22:00+00:00,69.75389723720558,0,1,0,0,322,0.05339206399933244,5,0.0,0
2026-07-06 03:30:00+00:00,388.1850698967595,1,1,0,1,217,0.4176667624327778,6,0.0,0
2026-07-06 04:03:00+00:00,809.8582552128944,0,1,0,1,221,1.7692562974133397,3,0.0,0
2026-07-06 04:13:00+00:00,1221.7936781091792,0,1,0,2,97,2.4020536036079125,6,0.0,0
2026-07-06 04:36:00+00:00,672.0999632749485,1,1,1,1,166,0.853306829934827,9,0.0,1
2026-07-06 04:57:00+00:00,367.61606781390464,1,1,0,1,235,0.23301578535551054,9,0.0,0
2026-07-06 05:45:00+00:00,162.89945477136064,0,1,0,0,60,0.12905160075032074,8,0.0,0
2026-07-06 06:27:00+00:00,221.4768212488518,0,1,0,1,111,0.31776378040647907,5,0.0,0
2026-07-06 06:46:00+00:00,103.85490271357881,0,2,0,1,45,0.1595135707758943,3,0.5,0
2026-07-06 07:34:00+00:00,438.5549002962702,0,1,0,1,296,0.3366267148384094,5,0.0,0
2026-07-06 08:36:00+00:00,1663.6052157440033,0,1,0,0,10,1.22897233473112,2,0.0,0
2026-07-06 10:08:00+00:00,1879.4982811817315,1,1,0,3,174,3.1255923626237028,2,0.0,1
2026-07-06 10:09:00+00:00,125.68678867860439,1,1,0,1,265,0.10187508151393747,8,0.0,0
2026-07-06 11:08:00+00:00,442.75314651283543,0,1,0,0,53,0.5581205771394714,6,0.0,0
2026-07-06 11:12:00+00:00,74.94552126990573,0,1,0,0,303,0.0862982790578975,5,0.0,0
2026-07-06 12:31:00+00:00,481.39704867693945,0,1,0,0,93,0.8551722168305808,7,0.0,0
2026-07-06 12:42:00+00:00,6377.476123733572,0,1,0,1,20,3.6578359155020927,1,0.0,0
2026-07-06 12:54:00+00:00,308.55025519765604,0,1,0,2,135,0.5519923618815966,6,0.0,0
2026-07-06 12:55:00+00:00,352.6209269760705,0,4,0,1,161,0.49203392990423767,4,0.75,0
2026-07-06 13:00:00+00:00,140.24758956376016,1,1,0,0,207,0.23181298030196365,5,0.0,0
2026-07-06 13:47:00+00:00,452.0693009714082,0,1,0,3,183,0.7901672442182262,2,0.0,0
2026-07-06 14:53:00+00:00,131.90455394931698,0,1,0,1,247,0.3683645457162319,6,0.0,0
2026-07-06 15:42:00+00:00,213.1459717427343,1,1,0,0,296,0.3538250960758788,6,0.0,0
2026-07-06 15:44:00+00:00,795.0484689560831,0,1,0,1,182,1.0,6,0.0,0
2026-07-06 15:47:00+00:00,688.069267856361,0,1,0,0,308,1.1098080717905345,7,0.0,0
2026-07-06 15:48:00+00:00,417.43606914611803,0,1,0,2,167,0.7718737882784946,5,0.0,0
2026-07-06 15:59:00+00:00,213.11694693668215,1,1,0,0,352,0.5809427113430424,2,0.0,0
2026-07-06 16:54:00+00:00,1928.2227052349508,1,3,0,0,114,1.0,8,0.6666666666666666,0
2026-07-06 17:05:00+00:00,88.3617141218302,0,1,0,0,286,0.04864425414579705,6,0.0,0
2026-07-06 18:13:00+00:00,37.647970445659965,0,1,0,2,358,0.10312622428032028,2,0.0,0
2026-07-06 19:33:00+00:00,1633.752981013705,1,1,0,4,66,1.2793413554127786,8,0.0,0
2026-07-06 19:59:00+00:00,404.560417589546,0,1,0,1,192,0.31651367311384776,4,0.0,0
2026-07-06 20:05:00+00:00,265.36488697306834,0,1,0,2,359,0.2720065775521981,4,0.0,0
2026-07-06 20:14:00+00:00,358.3421226632315,0,2,0,0,356,0.2869272247882978,5,0.5,0
2026-07-06 20:26:00+00:00,153.81434699175756,1,1,0,4,73,0.1989489149479156,8,0.0,0
2026-07-06 21:04:00+00:00,723.8351957336474,0,1,0,1,242,0.4721258957620817,6,0.0,0
2026-07-06 21:14:00+00:00,1359.2299129724972,0,1,0,1,206,1.5700401534105621,6,0.0,0
2026-07-06 21:50:00+00:00,631.2242682982559,0,1,0,1,312,0.9138710321805761,5,0.0,0
2026-07-06 21:52:00+00:00,2407.296891260634,1,1,0,0,272,3.6659488169155936,3,0.0,0
2026-07-06 22:00:00+00:00,300.0323840405464,1,1,1,5,122,0.5077972847695809,3,0.0,1
2026-07-06 22:28:00+00:00,2470.41888021907,0,1,0,2,178,2.961826714511556,7,0.0,0
2026-07-06 22:49:00+00:00,432.16842761107023,0,1,0,0,11,0.41222687758906956,12,0.0,0
2026-07-06 23:59:00+00:00,3336.210187098027,0,1,0,0,27,4.659944165526292,6,0.0,0
2026-07-07 00:15:00+00:00,230.06567662472034,1,1,0,1,270,0.16451689151256257,4,0.0,0
2026-07-07 01:15:00+00:00,231.23319237142428,1,1,0,3,40,0.3647248779806228,5,0.0,0
2026-07-07 01:17:00+00:00,461.8694055727036,1,2,0,3,82,0.42696861908492423,1,0.5,1
2026-07-07 01:48:00+00:00,429.86177507245776,0,1,0,0,274,0.6610881894424713,6,0.0,1
2026-07-07 02:31:00+00:00,193.7193516520412,0,1,0,1,144,0.13559525017961424,6,0.0,0
2026-07-07 02:58:00+00:00,1338.8063553465784,1,1,0,3,142,1.0213129714896299,4,0.0,0
2026-07-07 03:22:00+00:00,1206.940795360275,0,1,1,4,223,1.0,6,0.0,0
2026-07-07 03:36:00+00:00,484.9081296426585,0,1,1,1,202,0.6426476184313868,5,0.0,0
2026-07-07 03:55:00+00:00,659.9866017448278,0,1,0,0,246,1.2485200963711265,3,0.0,0
2026-07-07 04:16:00+00:00,3897.8770241300435,0,2,0,2,317,3.584379915638726,7,0.5,0
2026-07-07 04:24:00+00:00,1022.0267411471318,0,3,0,1,359,0.6577597282346809,7,0.6666666666666666,0
2026-07-07 04:45:00+00:00,1123.9581672821528,1,1,0,4,226,1.2102699576993177,2,0.0,0
2026-07-07 04:59:00+00:00,2512.1685089320918,0,1,1,2,171,1.6514327827095365,3,0.0,0
2026-07-07 05:00:00+00:00,1864.0748147063646,1,1,0,0,266,2.5593762440473737,8,0.0,0
2026-07-07 05:29:00+00:00,280.1434804379992,1,2,0,0,77,0.3255161193805434,8,0.5,0
2026-07-07 05:57:00+00:00,581.8179870772268,1,4,0,0,88,0.5316567864006844,4,0.75,1
2026-07-07 06:30:00+00:00,1986.95144588325,0,1,0,1,226,2.4218059584226066,4,0.0,0
2026-07-07 06:52:00+00:00,4555.076835890475,0,1,0,0,58,4.888095967003502,1,0.0,0
2026-07-07 07:08:00+00:00,2343.43988515323,0,1,2,4,62,2.4122076035720306,5,0.0,1
2026-07-07 07:45:00+00:00,1476.0170503676316,1,1,0,1,180,1.5388114801805606,6,0.0,0
2026-07-07 07:54:00+00:00,166.8007240447463,0,1,0,1,86,0.23619552638100255,2,0.0,0
2026-07-07 07:56:00+00:00,514.9873728222234,0,2,0,2,155,0.2950733318403118,4,0.5,0
2026-07-07 10:52:00+00:00,1974.6938455453367,1,4,0,0,94,3.085591509212349,4,0.75,0
2026-07-07 11:16:00+00:00,315.4902761882782,0,1,0,1,176,0.3033328442244818,3,0.0,0
2026-07-07 11:52:00+00:00,931.9600048138096,0,1,0,0,272,2.179600253037281,5,0.0,0
2026-07-07 12:01:00+00:00,444.083331668873,1,1,0,4,170,0.43541857645345955,5,0.0,0
2026-07-07 12:12:00+00:00,2232.8362243803135,0,1,0,2,85,1.3058049696034455,5,0.0,0
2026-07-07 12:13:00+00:00,1933.727015092143,1,1,1,1,356,4.155013465379088,5,0.0,1
2026-07-07 12:40:00+00:00,820.0768372236207,0,1,0,3,357,0.8714115711190694,3,0.0,0
2026-07-07 12:47:00+00:00,6031.425595211108,0,1,0,2,211,5.809523025681088,3,0.0,0
2026-07-07 13:26:00+00:00,130.08161801579593,1,1,0,0,52,0.23998939269915584,4,0.0,0
2026-07-07 13:35:00+00:00,348.5398746755715,0,2,0,0,306,0.7384704187637972,3,0.5,0
2026-07-07 14:11:00+00:00,439.6561079347613,0,1,0,0,195,0.30182860072485745,4,0.0,0
2026-07-07 14:23:00+00:00,190.5877804186312,0,3,0,1,339,0.21714202969927604,3,0.6666666666666666,0
2026-07-07 14:26:00+00:00,512.9860696651408,0,1,0,0,285,0.35455036176447713,7,0.0,0
2026-07-07 14:31:00+00:00,356.08277026601706,0,1,0,0,175,0.6142160888190079,4,0.0,0
2026-07-07 14:40:00+00:00,316.57500958399027,0,1,0,0,182,0.40479569897834783,9,0.0,0
2026-07-07 14:50:00+00:00,415.97457752530084,0,3,0,1,247,1.0,5,0.6666666666666666,0
2026-07-07 16:29:00+00:00,429.00249720405634,1,1,0,1,247,0.30998146254857517,7,0.0,0
2026-07-07 18:43:00+00:00,573.2325081612418,0,1,0,1,259,0.8520952481789703,4,0.0,0
2026-07-07 19:52:00+00:00,211.5496304503459,0,1,0,1,153,0.35417851937458233,4,0.0,0
2026-07-07 20:56:00+00:00,3742.43423760882,0,1,0,5,220,5.589209187721821,8,0.0,0
2026-07-07 21:21:00+00:00,1576.8338149844546,1,1,0,2,169,2.439919636392706,11,0.0,0
2026-07-07 21:37:00+00:00,1046.283536038749,0,4,0,0,21,2.3907529062638067,7,0.75,0
2026-07-07 21:50:00+00:00,482.86728465451546,1,1,0,2,2,0.9539108454696438,6,0.0,0
2026-07-07 22:28:00+00:00,462.7657022527666,0,3,0,2,147,0.3004873902596118,2,0.6666666666666666,0
2026-07-07 23:05:00+00:00,148.80150649474044,0,1,0,0,152,0.13040716655552534,9,0.0,0
2026-07-07 23:15:00+00:00,980.1767331910429,0,1,0,2,353,1.0,3,0.0,0
2026-07-07 23:46:00+00:00,124.49226310372217,1,1,0,0,240,0.11990253178845309,4,0.0,0
2026-07-08 00:21:00+00:00,546.9986412926525,0,1,0,1,339,0.6499139250124568,5,0.0,0
2026-07-08 00:54:00+00:00,405.00655707204555,0,1,0,2,75,0.4971407361325096,5,0.0,0
2026-07-08 01:04:00+00:00,695.5632179380586,0,1,0,1,185,1.9087198471681461,10,0.0,0
2026-07-08 02:06:00+00:00,483.9612961854191,0,1,0,3,130,0.5368523368093723,4,0.0,0
2026-07-08 02:16:00+00:00,120.17792544489075,0,1,0,2,18,0.18095984090100722,8,0.0,0
2026-07-08 02:48:00+00:00,403.2761120645526,1,1,0,1,307,0.5774869825860428,3,0.0,0
2026-07-08 03:14:00+00:00,1009.6059621863403,0,1,0,2,360,0.7090448102792848,8,0.0,0
2026-07-08 03:31:00+00:00,968.9279171015849,0,1,0,0,362,0.8140158080133648,7,0.0,0
2026-07-08 03:36:00+00:00,317.4546114801466,0,2,0,0,304,0.30290975676852727,3,0.5,0
2026-07-08 05:00:00+00:00,450.8540526760895,0,1,0,0,236,0.6033275970697828,4,0.0,0
2026-07-08 05:18:00+00:00,332.7293042044861,0,1,0,1,130,0.3337595816841006,6,0.0,0
2026-07-08 06:10:00+00:00,292.86950163327253,0,2,0,2,310,0.4843439451364568,5,0.5,1
2026-07-08 06:11:00+00:00,213.41865351884738,0,1,0,1,235,0.5151386907151883,8,0.0,0
2026-07-08 07:49:00+00:00,580.3660754160863,0,1,0,0,313,0.9332466336978124,7,0.0,0
2026-07-08 08:21:00+00:00,873.5601479371787,0,1,0,0,203,0.989217755442397,6,0.0,0
2026-07-08 08:23:00+00:00,871.8357211117273,0,1,0,1,316,0.751087073211102,3,0.0,0
2026-07-08 08:51:00+00:00,162.286263383664,0,2,0,3,73,0.10911263225741936,9,0.5,1
2026-07-08 08:55:00+00:00,70.10716168467137,0,1,0,3,277,0.03167212415542133,5,0.0,0
2026-07-08 09:05:00+00:00,330.74975297373703,0,1,0,1,283,0.331691580244724,4,0.0,0
2026-07-08 09:52:00+00:00,1254.7905434699553,1,1,0,1,213,1.3390521865309157,6,0.0,0
2026-07-08 10:14:00+00:00,2909.4930135346403,0,1,0,0,320,10.705509319108073,6,0.0,0
2026-07-08 10:45:00+00:00,445.0102001601281,0,1,1,2,323,0.5694371827916869,5,0.0,1
2026-07-08 11:20:00+00:00,780.5372611920886,0,1,0,2,282,0.9997964915791525,5,0.0,0
2026-07-08 11:29:00+00:00,398.4956852652158,0,1,0,2,289,1.0,7,0.0,0
2026-07-08 11:33:00+00:00,127.55967706759782,0,1,0,0,228,1.0,6,0.0,0
2026-07-08 11:41:00+00:00,604.239682030959,1,1,0,2,274,0.6408297055205824,1,0.0,0
2026-07-08 11:54:00+00:00,196.98207100566242,0,1,0,1,251,0.5061409554612238,9,0.0,0
2026-07-08 12:12:00+00:00,711.0853185165444,0,1,0,3,99,1.1719066760859418,5,0.0,0
2026-07-08 12:40:00+00:00,435.98756645724615,0,1,0,1,350,0.5812345635054563,5,0.0,0
2026-07-08 12:44:00+00:00,2340.6166850358504,0,1,0,0,269,3.3993009802696976,8,0.0,0
2026-07-08 12:47:00+00:00,1143.9942232879507,1,3,0,2,226,0.681384910149031,5,0.6666666666666666,0
2026-07-08 13:30:00+00:00,1602.2971098436708,0,3,0,2,178,0.8343546850980686,5,0.6666666666666666,0
2026-07-08 14:44:00+00:00,526.1379908910875,0,3,1,4,269,0.72113087370289,4,0.6666666666666666,0
2026-07-08 14:49:00+00:00,3169.1508542777246,0,1,1,2,3,3.0407806732376557,3,0.0,1
2026-07-08 15:03:00+00:00,1644.3208946673672,0,1,0,4,275,1.6220557743425097,5,0.0,0
2026-07-08 15:15:00+00:00,410.43380038799376,0,1,0,0,345,0.37437684902816953,6,0.0,0
2026-07-08 15:20:00+00:00,288.38345563570704,0,1,0,3,8,0.3662659465640338,11,0.0,0
2026-07-08 16:51:00+00:00,437.0891867308686,0,4,0,0,57,0.33982527904565785,6,0.75,0
2026-07-08 16:53:00+00:00,309.7498666434006,0,1,0,1,275,0.4909559346602556,3,0.0,0
2026-07-08 17:32:00+00:00,83.3019062799275,0,1,0,1,265,0.14914289104626197,4,0.0,0
2026-07-08 18:30:00+00:00,1117.1825271500027,0,1,0,1,133,1.6750802781758847,8,0.0,0
2026-07-08 18:36:00+00:00,258.6970754880993,0,2,0,1,31,0.5162532676376445,8,0.5,0
2026-07-08 19:36:00+00:00,1052.6694367682392,0,4,0,1,294,1.0,7,0.75,0
2026-07-08 20:47:00+00:00,464.0341370151444,0,1,0,1,319,0.8343984126826488,10,0.0,0
2026-07-08 20:58:00+00:00,933.7568360227797,0,1,0,1,270,1.3999907697786451,8,0.0,0
2026-07-08 21:11:00+00:00,292.9206112096389,0,1,0,2,303,0.3186751783442604,5,0.0,0
2026-07-08 21:37:00+00:00,1490.1474440903653,0,1,0,2,132,1.395268081807798,2,0.0,1
2026-07-08 21:48:00+00:00,64.44491128358163,0,3,0,0,296,0.056519224492213874,4,0.6666666666666666,0
2026-07-08 23:58:00+00:00,259.30007959657036,0,1,0,1,78,0.4569555434933425,3,0.0,0
2026-07-09 00:08:00+00:00,873.6619159535688,1,2,1,1,173,1.870048975312049,8,0.5,1
2026-07-09 00:57:00+00:00,1307.4724726454267,0,2,0,0,260,0.9537400135530814,8,0.5,0
2026-07-09 03:15:00+00:00,1183.6659142861367,1,1,0,1,196,1.0046624032001255,8,0.0,0
2026-07-09 03:29:00+00:00,454.6479675608495,1,2,0,4,106,0.5673431432821329,3,0.5,0
2026-07-09 04:09:00+00:00,298.886285723191,0,1,0,2,125,0.7521326717596153,9,0.0,0
2026-07-09 04:22:00+00:00,1642.0609243942022,0,1,0,0,36,3.3492525396979964,7,0.0,0
2026-07-09 04:48:00+00:00,923.5037482214943,1,4,0,1,173,1.5123274106043734,4,0.75,0
2026-07-09 04:59:00+00:00,3944.4536763325,0,3,0,1,208,2.9411360248786966,2,0.6666666666666666,0
2026-07-09 05:42:00+00:00,1814.4509499802962,0,1,0,0,364,1.3574100058801146,5,0.0,0
2026-07-09 06:24:00+00:00,596.8292483252019,0,2,0,3,209,0.6738622990423621,5,0.5,0
2026-07-09 06:35:00+00:00,154.86621813607744,0,1,0,3,190,0.30112545917273786,5,0.0,1
2026-07-09 06:59:00+00:00,583.5217903681378,1,1,0,1,235,0.49917400843684984,5,0.0,0
2026-07-09 07:15:00+00:00,641.4554748108628,1,1,0,3,180,1.0,2,0.0,0
2026-07-09 08:07:00+00:00,262.9611449723396,1,1,0,1,193,0.3556789849145364,3,0.0,0
2026-07-09 08:14:00+00:00,540.4440690736118,0,1,0,0,57,0.4515883961612582,5,0.0,0
2026-07-09 08:20:00+00:00,152.24174012057182,0,1,0,2,9,0.17020209365170647,5,0.0,0
2026-07-09 08:30:00+00:00,389.8413413777078,1,1,2,3,47,0.653240629918861,1,0.0,1
2026-07-09 09:43:00+00:00,580.6392939017076,0,1,0,3,222,0.2894191727852467,3,0.0,0
2026-07-09 10:09:00+00:00,774.8451407412341,1,1,0,0,142,1.7303816183764686,5,0.0,0
2026-07-09 10:31:00+00:00,9525.12866185789,0,1,0,0,151,12.557871352004861,4,0.0,0
2026-07-09 11:07:00+00:00,255.85533598100798,0,4,0,2,184,0.23567638364065216,9,0.75,1
2026-07-09 11:16:00+00:00,6762.317920899686,0,1,0,2,216,7.701789883270096,3,0.0,0
2026-07-09 11:27:00+00:00,1252.88115068049,0,4,0,0,97,2.0269723718742334,5,0.75,0
2026-07-09 11:39:00+00:00,341.3022704497164,0,1,0,2,87,0.47715971124475026,5,0.0,0
2026-07-09 11:49:00+00:00,5807.5812237383625,0,1,0,1,260,9.423928767314056,5,0.0,0
2026-07-09 11:52:00+00:00,2376.0743034028083,1,1,0,1,19,2.4079690426446874,3,0.0,1
2026-07-09 12:15:00+00:00,486.2267608394353,0,1,0,0,284,0.33170780957306945,7,0.0,0
2026-07-09 12:20:00+00:00,4217.111926413576,1,1,0,2,270,7.134614036056418,4,0.0,1
2026-07-09 12:39:00+00:00,1073.0879773249442,1,1,0,0,58,1.8190923824240053,6,0.0,0
2026-07-09 12:42:00+00:00,308.24645239908097,0,1,0,0,169,0.4127563603900959,4,0.0,0
2026-07-09 12:53:00+00:00,552.8303203154554,0,1,0,0,94,0.6010107370685492,8,0.0,0
2026-07-09 13:04:00+00:00,315.05513260494683,1,1,0,0,217,0.32096004372666215,4,0.0,0
2026-07-09 13:43:00+00:00,331.5602077352655,0,1,0,2,360,0.45559757327328376,8,0.0,0
2026-07-09 13:50:00+00:00,900.2133900838189,0,1,0,2,64,1.9617813068351038,6,0.0,0
2026-07-09 14:22:00+00:00,760.1955131796616,0,2,0,1,270,1.4943197775200623,9,0.5,0
2026-07-09 15:00:00+00:00,1073.147650503852,0,1,0,1,262,2.135761210355191,4,0.0,0
2026-07-09 15:40:00+00:00,1272.5168351222014,0,4,0,2,136,1.158064369125762,6,0.75,1
2026-07-09 15:49:00+00:00,259.92728109038075,1,1,0,1,216,0.3706466712561256,5,0.0,0
2026-07-09 15:58:00+00:00,6560.430911912446,1,4,0,1,87,1.0,9,0.75,1
2026-07-09 16:00:00+00:00,3200.754667299945,0,2,0,2,13,2.337398328733515,2,0.5,0
2026-07-09 16:26:00+00:00,824.7810770474474,1,1,0,0,338,0.9929381098792219,7,0.0,0
2026-07-09 17:57:00+00:00,357.6720658567359,1,4,0,1,27,0.5031672939000591,8,0.75,0
2026-07-09 18:15:00+00:00,415.2831356683604,0,1,0,0,91,0.32275211414334953,5,0.0,0
2026-07-09 18:20:00+00:00,594.8865134241183,0,1,0,3,180,0.6735651101775957,6,0.0,0
2026-07-09 18:24:00+00:00,18.970410239248,1,1,0,0,306,0.016297084811562508,6,0.0,0
2026-07-09 18:40:00+00:00,547.187032294769,0,3,0,0,80,0.6334989963757984,8,0.6666666666666666,1
2026-07-09 18:55:00+00:00,499.01698268389845,0,1,0,0,123,0.4248890491611925,6,0.0,0
2026-07-09 19:06:00+00:00,1575.2874701064075,0,4,0,2,217,1.3273006340597682,7,0.75,0
2026-07-09 19:18:00+00:00,570.8254877204593,1,2,0,1,248,1.6041456635176952,5,0.5,0
2026-07-09 19:26:00+00:00,525.5020346165992,0,1,0,0,4,0.5694696053551734,5,0.0,0
2026-07-09 19:34:00+00:00,93.103470173038,0,1,0,0,23,0.2060442342716648,5,0.0,0
2026-07-09 19:49:00+00:00,127.98479598026604,0,1,0,1,208,0.1568205998715325,9,0.0,0
2026-07-09 20:03:00+00:00,215.74466891878683,1,2,1,3,108,0.35127271472904215,7,0.5,1
2026-07-09 20:05:00+00:00,464.5919215494191,0,1,0,0,241,0.31907873965832,7,0.0,0
2026-07-09 20:28:00+00:00,821.6727727980183,0,1,0,1,229,1.4931713708489551,5,0.0,0
2026-07-09 20:52:00+00:00,1015.2709507897237,0,2,1,5,229,1.897052610634345,4,0.5,0
2026-07-09 21:03:00+00:00,2808.6921012504254,0,1,0,0,324,2.936862649324369,3,0.0,0
2026-07-09 21:18:00+00:00,998.2340333174072,1,4,0,1,349,1.7642379183611963,3,0.75,0
2026-07-09 21:32:00+00:00,800.9850854098136,1,1,0,1,31,1.6031345151477763,5,0.0,0
2026-07-09 22:13:00+00:00,448.81992155982147,0,4,0,1,345,0.4097957241927108,6,0.75,1
2026-07-09 22:15:00+00:00,544.4670466995547,0,1,0,1,362,1.1221301600896352,8,0.0,0
2026-07-09 22:17:00+00:00,270.07922434649873,0,2,0,0,99,0.3932722267881083,4,0.5,0
2026-07-09 22:58:00+00:00,1090.718272974098,1,4,0,1,136,1.688996931151793,5,0.75,0
2026-07-09 23:01:00+00:00,1275.4800825547875,1,2,0,0,223,1.909899965306714,6,0.5,0
2026-07-09 23:38:00+00:00,818.8909157611596,0,2,0,0,208,1.2740991402912487,3,0.5,0
2026-07-09 23:46:00+00:00,3200.1689469998164,1,1,0,0,296,3.7489304171618696,3,0.0,0
2026-07-10 00:29:00+00:00,164.31817015635465,0,1,0,0,294,0.127868958182411,13,0.0,0
2026-07-10 01:07:00+00:00,2877.1061549177593,1,1,0,0,258,5.5940642333877975,5,0.0,1
2026-07-10 01:12:00+00:00,235.29181547436977,0,1,0,3,0,0.4020461286037176,5,0.0,1
2026-07-10 01:20:00+00:00,296.56137566818524,0,1,0,1,299,0.3870082124043705,3,0.0,0
2026-07-10 02:01:00+00:00,2349.042036102422,1,1,0,0,298,2.0605862564409385,5,0.0,1
2026-07-10 02:14:00+00:00,967.0082796785347,1,1,0,1,107,1.4921983489036723,7,0.0,0
2026-07-10 03:17:00+00:00,456.7624468559476,0,1,0,0,213,1.0,7,0.0,0
2026-07-10 03:33:00+00:00,479.2256040938703,0,1,0,3,76,0.6393064504786753,9,0.0,0
2026-07-10 03:40:00+00:00,1205.6115114845109,1,1,0,2,83,1.4321251383944393,6,0.0,0
2026-07-10 03:59:00+00:00,381.8856767888383,1,1,0,0,6,0.2429024664052429,6,0.0,0
2026-07-10 05:16:00+00:00,932.6939535429722,0,1,0,0,187,1.315107989528778,3,0.0,0
2026-07-10 05:45:00+00:00,757.9797688125667,1,1,0,1,109,1.229604946589781,5,0.0,0
2026-07-10 05:58:00+00:00,263.180870067623,1,1,0,2,194,0.2361282251045235,4,0.0,0
2026-07-10 07:53:00+00:00,2501.4614100855833,0,1,0,0,252,2.640494067537076,6,0.0,0
2026-07-10 08:17:00+00:00,975.6193171259517,0,1,0,1,338,0.5390073131719333,7,0.0,0
2026-07-10 10:31:00+00:00,1197.8322385069314,0,1,2,4,214,0.9163207796221734,9,0.0,1
2026-07-10 11:10:00+00:00,3063.3206084873946,0,1,0,1,329,2.0268364589279915,6,0.0,0
2026-07-10 12:07:00+00:00,896.4913845186579,1,1,0,0,56,2.0690103707057386,8,0.0,0
2026-07-10 12:09:00+00:00,1241.1943319248965,1,1,0,3,102,1.5680599914958029,5,0.0,0
2026-07-10 12:15:00+00:00,1187.8656207678494,0,1,0,1,315,1.5574197240615564,1,0.0,0
2026-07-10 12:16:00+00:00,337.60383479173845,1,1,0,4,122,0.5293525117234167,5,0.0,0
2026-07-10 12:29:00+00:00,1718.0144024710082,0,1,0,1,320,1.4387485188219011,4,0.0,0
2026-07-10 12:50:00+00:00,1756.778054739887,0,1,0,0,8,2.9458336694305727,6,0.0,0
2026-07-10 13:03:00+00:00,679.5460149149742,0,4,0,0,186,0.5890564934124416,5,0.75,0
2026-07-10 14:01:00+00:00,154.66515034366853,0,1,0,1,23,0.13167876177339644,7,0.0,0
2026-07-10 14:46:00+00:00,452.66726376574474,0,1,0,0,216,0.8121909868487414,5,0.0,0
2026-07-10 15:35:00+00:00,1782.6131483000106,0,1,0,1,199,1.0,6,0.0,0
2026-07-10 15:41:00+00:00,2367.1460266702848,1,1,0,2,151,1.4206046679641628,6,0.0,1
2026-07-10 15:48:00+00:00,875.121035801411,0,2,0,0,146,0.8432823094111815,7,0.5,0
2026-07-10 15:55:00+00:00,518.3625422753483,0,1,0,1,50,0.9979949326107541,4,0.0,0
2026-07-10 16:37:00+00:00,567.8824499109053,0,2,0,1,130,0.4313043629536302,8,0.5,0
2026-07-10 21:04:00+00:00,504.81944711446397,0,1,0,1,200,0.4324753499944823,3,0.0,0
2026-07-10 21:32:00+00:00,273.4714639276749,0,4,0,3,272,0.7478634405422406,6,0.75,0
2026-07-10 21:47:00+00:00,1852.3980486501919,0,1,0,0,257,8.969207956164322,4,0.0,0
2026-07-10 21:55:00+00:00,677.4054122671641,0,1,0,1,332,0.6901718187125414,7,0.0,0
2026-07-10 23:20:00+00:00,1078.842841443413,0,1,0,1,308,1.9984467970972397,10,0.0,0
2026-07-10 23:21:00+00:00,760.044854477976,0,1,0,0,14,1.0106543961579033,3,0.0,0
2026-07-10 23:31:00+00:00,565.8885331121974,0,1,0,1,243,0.7664251191199348,5,0.0,0
2026-07-11 00:09:00+00:00,1960.1099216341552,0,4,0,3,103,2.3631560970227454,13,0.75,0
2026-07-11 01:07:00+00:00,307.42251825624544,1,1,0,2,288,0.3405499945069005,8,0.0,0
2026-07-11 01:19:00+00:00,191.9224588757281,0,1,0,0,66,0.2798827903120962,5,0.0,1
2026-07-11 01:28:00+00:00,595.0653578758975,0,3,0,0,238,0.6904664337948127,10,0.6666666666666666,0
2026-07-11 02:00:00+00:00,279.11709855954103,0,1,0,0,304,0.6487880885703832,6,0.0,0
2026-07-11 02:10:00+00:00,391.2893199599072,1,1,0,1,205,0.22577605212775487,6,0.0,0
2026-07-11 02:34:00+00:00,871.3620868282942,0,3,0,2,103,0.8978973927519261,5,0.6666666666666666,0
2026-07-11 03:16:00+00:00,502.55783535124965,1,4,0,0,1,0.39066026926793757,3,0.75,0
2026-07-11 04:27:00+00:00,384.58306613505545,0,1,0,1,285,1.0,5,0.0,0
2026-07-11 05:05:00+00:00,509.5178859533164,0,2,0,1,315,0.4469314222890815,5,0.5,0
2026-07-11 05:35:00+00:00,985.3346837001409,0,1,0,1,312,1.317849977275504,7,0.0,0
2026-07-11 05:38:00+00:00,441.2455013733353,0,2,0,3,291,0.6299477056362026,6,0.5,0
2026-07-11 05:41:00+00:00,208.45620371695372,0,1,0,2,292,1.0,8,0.0,0
2026-07-11 05:59:00+00:00,1255.9790389036416,0,1,0,0,264,2.459936793504091,7,0.0,0
2026-07-11 06:19:00+00:00,695.3329132083899,0,1,1,2,124,0.48136772424075025,3,0.0,0
2026-07-11 06:29:00+00:00,2060.900060314759,0,1,0,0,310,2.5578625262715,4,0.0,0
2026-07-11 06:55:00+00:00,263.1941640226018,1,1,0,0,345,0.4187710146963266,6,0.0,0
2026-07-11 07:18:00+00:00,179.1097845789268,1,1,0,0,230,0.25519566797146725,4,0.0,0
2026-07-11 07:34:00+00:00,195.98582938968434,0,3,0,1,140,0.16626974911136058,3,0.6666666666666666,0
2026-07-11 08:30:00+00:00,1373.4317438070111,0,1,0,0,286,0.9851914387396479,6,0.0,0
2026-07-11 08:33:00+00:00,117.36956712382772,0,1,0,0,284,0.1007143029482178,6,0.0,0
2026-07-11 11:09:00+00:00,362.5156212808689,1,1,0,0,33,0.43752147011276143,5,0.0,0
2026-07-11 12:36:00+00:00,1481.2861714018222,0,1,0,2,232,1.0783543215323093,8,0.0,1
2026-07-11 12:53:00+00:00,3229.2231128076464,0,1,0,1,26,4.910938692698068,6,0.0,0
2026-07-11 13:28:00+00:00,576.6978800241133,0,1,0,0,137,1.0503637590195132,2,0.0,0
2026-07-11 14:10:00+00:00,293.2513121335869,1,1,0,0,56,0.5012827591557971,2,0.0,0
2026-07-11 15:47:00+00:00,1300.587734839213,0,1,0,2,86,1.1875756801468396,7,0.0,0
2026-07-11 17:31:00+00:00,298.42267091890005,0,1,0,1,151,0.22001260830930724,3,0.0,0
2026-07-11 18:55:00+00:00,87.77832355197714,1,1,0,2,165,0.12346153726124738,3,0.0,0
2026-07-11 19:43:00+00:00,5007.169076404366,0,1,0,0,240,6.29804082609861,7,0.0,0
2026-07-11 20:26:00+00:00,885.4169597213681,0,1,0,1,61,0.7618633655328055,4,0.0,0
2026-07-11 20:34:00+00:00,1029.3416951145055,1,2,0,0,271,2.7984289220116962,4,0.5,0
2026-07-11 21:19:00+00:00,790.4703772167918,0,1,0,2,54,0.8521266694040699,6,0.0,0
2026-07-11 22:33:00+00:00,580.5496743997455,0,2,0,0,243,0.9225926841094158,4,0.5,0
2026-07-11 23:32:00+00:00,1074.3086695191114,1,4,0,4,43,1.7125116890663228,4,0.75,1
2026-07-12 00:44:00+00:00,238.6882234200628,0,1,0,1,191,0.23413861874305247,4,0.0,0
2026-07-12 00:51:00+00:00,2057.249468260499,0,1,2,2,298,1.2492996860343337,3,0.0,1
2026-07-12 00:52:00+00:00,861.7148637795923,0,1,0,0,363,1.5460967223811994,3,0.0,0
2026-07-12 02:01:00+00:00,795.7357678374068,1,4,0,0,218,0.6354114893009707,9,0.75,0
2026-07-12 02:33:00+00:00,2594.1088841173046,0,1,0,1,141,3.270257018582953,4,0.0,0
2026-07-12 03:33:00+00:00,3372.109132488327,1,1,0,1,161,3.651103944623923,5,0.0,0
2026-07-12 04:15:00+00:00,6102.741329193254,0,3,0,0,176,4.690457153749256,4,0.6666666666666666,0
2026-07-12 05:35:00+00:00,1558.7320722569118,1,1,0,1,218,1.2731526109126075,4,0.0,0
2026-07-12 05:47:00+00:00,893.0459846827623,0,3,0,1,155,1.0306491562388533,5,0.6666666666666666,0
2026-07-12 05:55:00+00:00,165.4326318004649,0,1,0,1,115,0.30454527214904575,6,0.0,0
2026-07-12 05:57:00+00:00,146.32061934780347,1,1,0,1,298,0.13734534513388977,6,0.0,0
2026-07-12 06:10:00+00:00,394.2104457659856,0,1,0,0,161,0.4775962911568465,10,0.0,0
2026-07-12 06:23:00+00:00,1831.5471637322735,1,3,0,2,73,2.5220746951621305,7,0.6666666666666666,1
2026-07-12 07:23:00+00:00,93.92776668877111,1,1,0,0,27,0.11586781471492322,7,0.0,0
2026-07-12 08:33:00+00:00,462.72795811823806,0,1,0,1,243,0.7986235009659457,2,0.0,0
2026-07-12 08:39:00+00:00,774.0130850155608,0,1,0,2,232,0.8801823070968671,5,0.0,0
2026-07-12 09:25:00+00:00,1101.7034394310224,0,1,0,0,182,0.9770081299656143,5,0.0,0
2026-07-12 09:32:00+00:00,535.3390679852242,0,1,0,1,158,0.8882722376694555,5,0.0,0
2026-07-12 09:48:00+00:00,1066.2331146269287,1,1,0,2,289,1.526550673682644,5,0.0,0
2026-07-12 11:41:00+00:00,1286.279101081633,0,1,0,0,199,1.2401829757955374,5,0.0,0
2026-07-12 11:52:00+00:00,540.0882840252596,1,1,0,2,63,0.37774759207372316,5,0.0,0
2026-07-12 12:55:00+00:00,1810.9767235119373,0,3,0,0,303,2.6446916554722364,7,0.6666666666666666,0
2026-07-12 13:07:00+00:00,1352.636888827566,0,1,0,1,149,2.414359965178606,6,0.0,0
2026-07-12 13:51:00+00:00,3251.0506971234877,1,1,0,0,31,6.595075409322895,5,0.0,1
2026-07-12 14:11:00+00:00,1102.2602243493673,0,2,0,1,270,0.9792337738132479,6,0.5,0
2026-07-12 14:17:00+00:00,1206.9193491182596,1,2,0,5,36,1.470919809410371,5,0.5,1
2026-07-12 14:22:00+00:00,215.7910552366013,0,1,0,0,36,0.3433432927933111,8,0.0,0
2026-07-12 14:34:00+00:00,5908.124086189846,0,2,0,1,313,9.616844311344268,2,0.5,0
2026-07-12 15:12:00+00:00,944.7701731676568,1,1,0,0,129,1.2511064405633585,7,0.0,0
2026-07-12 15:25:00+00:00,963.1826059905372,0,2,0,0,77,0.798223571492316,9,0.5,0
2026-07-12 16:43:00+00:00,663.5478404190624,0,1,0,0,11,1.1726995013101318,4,0.0,0
2026-07-12 17:10:00+00:00,1041.40133929605,0,1,0,0,262,1.5425283394606788,6,0.0,0
2026-07-12 17:30:00+00:00,223.14749381610682,0,1,0,1,110,0.2393871468341575,6,0.0,0
2026-07-12 18:01:00+00:00,348.84218943889107,1,3,1,2,128,0.9091382116738437,4,0.6666666666666666,1
2026-07-12 18:33:00+00:00,639.0601337102039,0,1,0,1,298,1.0051153136888542,5,0.0,0
2026-07-12 19:28:00+00:00,316.6339775462223,1,1,0,1,229,0.8434852163522166,9,0.0,0
2026-07-12 19:47:00+00:00,363.58054230041745,1,1,0,2,98,0.6198773359860076,4,0.0,0
2026-07-12 20:27:00+00:00,115.95816160543427,0,1,0,2,19,0.09312079564341964,6,0.0,0
2026-07-12 20:41:00+00:00,402.86309822701196,0,3,2,5,324,0.3860808969512374,7,0.6666666666666666,1
2026-07-12 21:09:00+00:00,478.8367554823389,0,3,0,1,7,0.4742176596557798,7,0.6666666666666666,0
2026-07-12 21:45:00+00:00,1025.4692275501968,1,1,0,0,138,1.020400896661475,5,0.0,0
2026-07-12 22:33:00+00:00,568.1170149210083,0,2,0,2,109,0.4273032572380137,4,0.5,0
2026-07-12 22:34:00+00:00,171.84691315748327,0,1,0,1,289,0.24843029804312539,5,0.0,0
2026-07-12 22:45:00+00:00,173.503756645377,0,1,0,2,282,0.17071030180961766,6,0.0,0
2026-07-12 23:16:00+00:00,428.35714918198045,1,1,0,0,287,0.5984117196577603,8,0.0,0
2026-07-12 23:46:00+00:00,319.4054323117076,0,1,0,0,120,0.5653370162780479,4,0.0,0
2026-07-12 23:59:00+00:00,300.6830831999924,0,1,0,1,103,0.4383384991284725,5,0.0,0
2026-07-13 00:28:00+00:00,160.13652221836236,0,2,0,1,318,0.16843768516059884,9,0.5,0
2026-07-13 00:34:00+00:00,431.79317023367383,1,1,0,3,86,0.6906564784934924,4,0.0,1
2026-07-13 01:31:00+00:00,719.9767840789552,1,1,0,0,200,1.3406583809770267,6,0.0,0
2026-07-13 01:46:00+00:00,2254.6265269301402,1,1,0,1,69,4.469892366002354,5,0.0,1
2026-07-13 02:20:00+00:00,636.2070735293102,1,1,0,0,67,0.8029804862153106,6,0.0,0
2026-07-13 02:20:00+00:00,98.71576196348803,1,1,0,3,209,0.20451282443523625,7,0.0,0
2026-07-13 03:01:00+00:00,611.9443728440109,1,1,0,1,30,0.5265366800224943,10,0.0,0
2026-07-13 03:04:00+00:00,2126.707517091555,0,2,0,0,129,3.1976764243014313,6,0.5,0
2026-07-13 04:07:00+00:00,609.6141468678038,1,1,0,2,311,0.4756682067425062,6,0.0,0
2026-07-13 04:16:00+00:00,2165.81502466089,1,1,0,1,119,1.7495787281050468,4,0.0,0
2026-07-13 04:27:00+00:00,644.4385080052406,0,1,0,0,305,1.3971876750193104,6,0.0,0
2026-07-13 04:43:00+00:00,1531.341641347743,1,1,0,1,167,1.8229846654879172,5,0.0,0
2026-07-13 05:06:00+00:00,200.85660701077128,1,1,0,1,208,0.2656139151532616,6,0.0,0
2026-07-13 05:15:00+00:00,662.990417751509,0,3,0,0,111,1.4247082888580427,7,0.6666666666666666,0
2026-07-13 05:46:00+00:00,286.93270430194707,0,1,0,2,171,0.275658165116955,5,0.0,0
2026-07-13 07:15:00+00:00,270.828528129234,0,2,0,2,86,0.18830950820243095,6,0.5,0
2026-07-13 07:45:00+00:00,3277.7120677746634,0,4,0,1,93,1.0,5,0.75,0
2026-07-13 08:04:00+00:00,113.85410648594763,0,1,0,1,143,0.16655921580991687,7,0.0,0
2026-07-13 08:32:00+00:00,647.5190468659952,0,1,0,1,98,0.7201118316011407,6,0.0,0
2026-07-13 08:53:00+00:00,134.83427560035952,1,1,0,1,356,0.12331793265742841,4,0.0,0
2026-07-13 09:06:00+00:00,83.96362304457853,1,1,0,2,193,0.17187439571595395,5,0.0,0
2026-07-13 09:35:00+00:00,694.5165829283843,1,1,0,2,11,1.4816147150559542,10,0.0,0
2026-07-13 09:44:00+00:00,1071.6170956464966,0,4,0,0,7,0.5667812621159175,8,0.75,0
2026-07-13 09:58:00+00:00,1434.9797875380987,1,1,0,1,203,1.7459335037702934,4,0.0,0
2026-07-13 10:52:00+00:00,871.4831442522016,0,1,0,2,65,1.383702584492491,5,0.0,0
2026-07-13 11:20:00+00:00,252.95491435143757,1,1,0,3,36,0.34404566846361384,6,0.0,0
2026-07-13 11:57:00+00:00,422.15511172095887,1,2,0,2,80,0.18643380415000008,7,0.5,0
2026-07-13 12:02:00+00:00,271.5901928182705,0,1,0,1,225,0.3513894443368047,5,0.0,0
2026-07-13 12:36:00+00:00,842.4668362859665,1,2,0,2,58,0.6577036949611816,7,0.5,1
2026-07-13 13:10:00+00:00,392.5025956217914,0,2,0,0,267,0.42476083246029694,10,0.5,0
2026-07-13 13:15:00+00:00,803.5517327066146,0,1,0,3,64,1.1613102380153661,4,0.0,0
2026-07-13 13:20:00+00:00,236.67185943139629,0,2,0,1,294,0.37627439330158746,6,0.5,0
2026-07-13 14:03:00+00:00,2528.7300399234236,0,1,0,1,77,3.267005938204817,6,0.0,0
2026-07-13 14:35:00+00:00,457.25596074726377,1,1,0,0,201,0.34315850824590216,5,0.0,0
2026-07-13 15:26:00+00:00,622.8010460566686,0,1,0,0,325,0.6156411160477885,5,0.0,0
2026-07-13 15:29:00+00:00,56.03182370324828,1,1,0,1,112,0.041723231080361106,4,0.0,0
2026-07-13 15:39:00+00:00,1113.8861326717372,0,1,0,2,71,1.6551439760078885,5,0.0,0
2026-07-13 16:30:00+00:00,297.9648436778595,1,1,0,1,289,0.4684554914970347,8,0.0,0
2026-07-13 16:30:00+00:00,535.0409418482465,1,2,0,0,65,1.5859733860121692,4,0.5,0
2026-07-13 18:03:00+00:00,207.04685064232422,0,1,0,1,318,0.2428434902014653,6,0.0,0
2026-07-13 18:40:00+00:00,68.14390742597355,1,1,0,0,214,0.07622668247464129,6,0.0,0
2026-07-13 19:07:00+00:00,1873.193131622223,1,1,0,0,79,1.9273217293979301,8,0.0,0
2026-07-13 19:18:00+00:00,696.6331742590253,0,1,0,1,95,0.9109330962345591,4,0.0,0
2026-07-13 19:40:00+00:00,435.50185563762875,1,4,0,1,58,0.4422139061374664,3,0.75,1
2026-07-13 20:23:00+00:00,1185.97074185768,0,1,0,1,42,1.7658879447381854,4,0.0,0
2026-07-13 20:38:00+00:00,373.2851665986221,0,1,0,1,271,0.36760622845678087,5,0.0,0
2026-07-13 20:43:00+00:00,119.51849692893504,0,3,0,0,316,0.17371780327107997,5,0.6666666666666666,0
2026-07-13 21:35:00+00:00,1380.0002849403293,0,1,1,9,220,1.331009283677235,4,0.0,1
2026-07-13 22:10:00+00:00,857.4367869921928,1,4,0,0,226,2.0457409402473643,6,0.75,0
2026-07-13 22:57:00+00:00,1556.5729356562888,0,1,0,0,270,1.424714492293052,6,0.0,0
2026-07-13 23:01:00+00:00,550.5093089241597,0,2,0,1,195,1.0187388984478942,2,0.5,0
2026-07-13 23:02:00+00:00,1276.027006136732,0,1,0,0,172,1.1670013426018873,5,0.0,0
2026-07-13 23:03:00+00:00,2691.219344867164,1,1,0,1,101,7.010115816565128,10,0.0,1
2026-07-13 23:09:00+00:00,1067.9705264172462,0,1,0,2,237,1.7898797274922698,5,0.0,0
2026-07-13 23:43:00+00:00,228.50762398445565,1,2,0,1,214,0.21442432351029628,6,0.5,0
2026-07-13 23:49:00+00:00,1314.2932132308301,0,1,0,0,119,2.9288443417429417,4,0.0,1
2026-07-14 00:05:00+00:00,253.0725098080795,0,1,0,1,296,0.21294375915052094,3,0.0,0
2026-07-14 00:44:00+00:00,175.95802959345866,0,1,0,1,275,0.3251929605321084,7,0.0,0
2026-07-14 02:21:00+00:00,51.296789178111396,0,1,0,0,305,0.034451104616151945,6,0.0,0
2026-07-14 02:38:00+00:00,1293.262924197206,0,1,0,1,57,0.8823528531675885,8,0.0,0
2026-07-14 04:52:00+00:00,152.9509500090654,0,1,0,1,59,0.14009966082496011,7,0.0,0
2026-07-14 05:27:00+00:00,779.9141270729571,0,1,0,0,327,0.7372090789261555,5,0.0,0
2026-07-14 05:42:00+00:00,1152.9610997501159,0,2,0,4,238,1.124413457659436,4,0.5,0
2026-07-14 05:47:00+00:00,303.3615110125262,0,1,0,1,128,0.3287889572996954,6,0.0,0
2026-07-14 05:53:00+00:00,4001.7356190389346,0,2,0,0,267,4.163993584654826,9,0.5,0
2026-07-14 06:00:00+00:00,74.3250335470458,0,1,2,1,120,0.13488602462862628,10,0.0,0
2026-07-14 06:26:00+00:00,2299.6370563235005,0,1,0,0,255,2.190209928517671,5,0.0,0
2026-07-14 06:53:00+00:00,272.031630483598,0,2,0,0,45,0.35364450938924297,7,0.5,0
2026-07-14 06:58:00+00:00,744.2991749428277,1,4,0,0,188,0.7159374236092386,1,0.75,0
2026-07-14 07:46:00+00:00,240.62709566093952,1,1,0,0,160,0.5516563139191516,6,0.0,0
2026-07-14 09:16:00+00:00,308.6136792333345,0,1,0,0,280,0.46941589477769835,6,0.0,0
2026-07-14 09:22:00+00:00,394.18295555105493,0,4,0,0,5,0.729394845014185,4,0.75,0
2026-07-14 09:34:00+00:00,265.82708639945355,1,1,0,0,106,0.33209717654441046,8,0.0,0
2026-07-14 10:05:00+00:00,259.80118296867613,0,1,0,2,79,0.3494866491283697,3,0.0,0
2026-07-14 11:44:00+00:00,2299.529821102645,1,1,0,1,120,2.7033537562289762,5,0.0,0
2026-07-14 12:03:00+00:00,1756.5574701114588,0,1,0,0,73,2.7293105428791633,4,0.0,0
2026-07-14 12:12:00+00:00,1759.6980674383042,0,1,0,2,197,1.3477674507230815,5,0.0,0
2026-07-14 13:21:00+00:00,584.3296860202478,0,1,1,1,348,0.7878972808267399,7,0.0,0
2026-07-14 13:34:00+00:00,924.9976135567111,0,1,0,2,20,0.9027067025416435,4,0.0,0
2026-07-14 13:55:00+00:00,640.9894410632983,1,1,0,0,141,1.409122346600649,7,0.0,0
2026-07-14 15:17:00+00:00,153.12880679356354,0,1,0,0,216,0.20486406198843865,3,0.0,0
2026-07-14 16:23:00+00:00,663.8730179350202,0,1,0,0,37,1.6246394415960002,4,0.0,0
2026-07-14 17:27:00+00:00,43.94021870992109,1,1,0,0,20,0.05167029404244584,8,0.0,0
2026-07-14 18:04:00+00:00,1348.1647088925574,1,1,0,1,337,1.9651119923383062,4,0.0,0
2026-07-14 18:20:00+00:00,1395.5224637169304,1,1,0,3,328,1.3716200908716252,8,0.0,0
2026-07-14 18:26:00+00:00,666.78354485575,0,1,0,2,351,0.6623817349931084,4,0.0,0
2026-07-14 18:48:00+00:00,85.37942976672849,0,2,2,3,305,0.14279998727372692,6,0.5,1
2026-07-14 18:55:00+00:00,475.022179486889,0,1,2,4,101,1.0,10,0.0,1
2026-07-14 19:19:00+00:00,1133.0571818367937,0,1,0,1,308,1.5399755203360712,7,0.0,0
2026-07-14 19:39:00+00:00,228.1378745907784,1,1,0,3,104,0.23848203705609342,9,0.0,0
2026-07-14 20:58:00+00:00,280.65895660602513,1,1,0,0,302,0.3261767205777496,4,0.0,0
2026-07-14 23:12:00+00:00,474.5737452810133,0,2,0,1,328,0.45081148014481764,9,0.5,0
2026-07-14 23:43:00+00:00,915.9928578374933,0,1,0,1,117,0.5851638081732684,9,0.0,0
2026-07-14 23:50:00+00:00,128.47555154437637,1,1,0,0,287,0.20000765281750338,3,0.0,0
2026-07-15 00:25:00+00:00,290.7840854330187,0,1,0,1,326,0.2308624364296688,6,0.0,0
2026-07-15 00:33:00+00:00,1029.1269992087805,1,3,2,1,76,1.1598330978493412,5,0.6666666666666666,1
2026-07-15 00:52:00+00:00,612.7155968906102,1,1,0,1,33,0.5170444099160012,8,0.0,0
2026-07-15 01:27:00+00:00,704.9311584633394,1,1,0,0,108,0.5398781686759427,8,0.0,0
2026-07-15 02:06:00+00:00,504.47704990606184,0,2,0,2,231,0.47097794508444346,5,0.5,0
2026-07-15 02:23:00+00:00,371.4933726837828,1,1,0,1,350,0.41330601566351666,7,0.0,0
2026-07-15 03:55:00+00:00,2619.2568640055742,0,1,0,2,295,5.413844249972266,6,0.0,1
2026-07-15 03:59:00+00:00,406.07245133861403,0,1,0,1,153,0.40518239927343674,6,0.0,0
2026-07-15 04:23:00+00:00,833.5411478638827,0,1,0,1,282,0.41417962666928404,1,0.0,0
2026-07-15 04:35:00+00:00,267.12803364964344,0,1,0,1,359,0.20609771564776905,3,0.0,0
2026-07-15 05:20:00+00:00,3938.058260154705,1,1,0,2,237,2.997771964935652,4,0.0,0
2026-07-15 06:13:00+00:00,106.2072203119093,0,3,0,1,225,0.15123676586159035,7,0.6666666666666666,0
2026-07-15 06:37:00+00:00,214.9107195977145,0,1,0,1,351,0.21768823801392687,2,0.0,0
2026-07-15 06:49:00+00:00,1502.9920142818444,0,1,0,0,356,1.4388508538576361,6,0.0,0
2026-07-15 06:49:00+00:00,538.1540489045703,1,1,0,3,151,0.49085569257575973,4,0.0,0
2026-07-15 08:13:00+00:00,884.3880355766178,0,1,0,1,140,0.6347250082120653,6,0.0,0
2026-07-15 08:21:00+00:00,100.1346062162847,0,1,0,2,180,0.1739599469935831,8,0.0,0
2026-07-15 08:41:00+00:00,293.7967218684975,0,1,0,3,220,0.33702564811022145,8,0.0,0
2026-07-15 09:02:00+00:00,559.8488539019631,1,1,0,1,331,1.4539301749607958,6,0.0,0
2026-07-15 09:26:00+00:00,529.0280533119086,0,1,0,0,209,0.8061273690462143,5,0.0,0
2026-07-15 09:33:00+00:00,638.6313688524909,0,1,0,3,289,0.4888488312260669,5,0.0,0
2026-07-15 09:43:00+00:00,453.75795978378704,0,1,0,1,283,0.77203828189762,8,0.0,0
2026-07-15 09:56:00+00:00,192.17037191345628,0,1,0,2,149,0.19297850224556334,4,0.0,0
2026-07-15 10:00:00+00:00,1229.3122934547482,1,1,0,2,349,1.911386052895257,2,0.0,0
2026-07-15 10:11:00+00:00,308.8418752960389,0,3,0,3,111,0.29488761034806144,9,0.6666666666666666,0
2026-07-15 11:44:00+00:00,219.47927709077487,0,1,0,2,14,0.2715122921837667,2,0.0,0
2026-07-15 12:47:00+00:00,317.69971241430596,0,1,0,1,289,1.0,3,0.0,0
2026-07-15 12:50:00+00:00,822.6153673293356,1,1,0,5,190,0.7409510908575846,9,0.0,0
2026-07-15 13:10:00+00:00,412.48238691063165,1,1,0,0,346,0.6926447586689595,7,0.0,0
2026-07-15 13:21:00+00:00,245.68841734320696,0,1,0,1,160,0.16858155184744952,5,0.0,0
2026-07-15 13:28:00+00:00,273.06342252038684,0,1,0,0,202,0.26224724505292574,7,0.0,0
2026-07-15 13:40:00+00:00,1206.7314843509673,0,1,0,1,253,1.077476754026156,6,0.0,0
2026-07-15 14:12:00+00:00,805.1048556462739,1,4,0,6,175,1.4216965973534021,6,0.75,0
2026-07-15 14:45:00+00:00,532.9556580722315,0,2,0,1,309,0.430206392822521,5,0.5,0
2026-07-15 14:55:00+00:00,140.01924790646962,0,3,0,0,100,0.2740027664018628,6,0.6666666666666666,0
2026-07-15 14:56:00+00:00,832.7268570027412,1,2,0,0,170,0.7733540306306064,3,0.5,0
2026-07-15 15:29:00+00:00,461.68597520731544,0,2,0,0,232,0.5093918202158607,5,0.5,0
2026-07-15 15:55:00+00:00,59.43624666190683,0,1,0,0,332,0.02803267998966186,2,0.0,0
2026-07-15 16:27:00+00:00,150.47475713847018,0,4,0,2,282,0.2582623962850582,12,0.75,0
2026-07-15 17:13:00+00:00,1558.3972240425805,1,1,0,1,242,0.8953755487919131,4,0.0,0
2026-07-15 17:16:00+00:00,1060.513705378103,0,1,0,2,169,1.3907915444698977,7,0.0,0
2026-07-15 17:34:00+00:00,67.70260692468776,0,1,0,1,161,0.07651438365773824,4,0.0,0
2026-07-15 19:01:00+00:00,124.79746422306214,0,1,0,1,253,1.0,5,0.0,0
2026-07-15 19:14:00+00:00,205.30431801271368,1,1,0,0,6,0.3003985395443339,9,0.0,0
2026-07-15 19:34:00+00:00,1652.5717671769162,0,1,0,0,125,2.0877388656808744,3,0.0,0
2026-07-15 20:17:00+00:00,37.40749989075995,0,1,0,1,179,0.06195865656522484,4,0.0,1
2026-07-15 21:08:00+00:00,1137.4130782491923,1,1,0,0,18,0.6106434108852193,3,0.0,1
2026-07-15 21:21:00+00:00,140.17368955606645,0,3,0,1,302,0.12843171946794216,2,0.6666666666666666,0
2026-07-15 21:40:00+00:00,563.64858196024,0,1,0,1,326,0.8981745148253314,10,0.0,0
2026-07-15 21:47:00+00:00,232.18689490944212,1,1,0,1,74,0.16302858677096743,9,0.0,0
2026-07-15 22:01:00+00:00,88.50294270620896,0,1,0,1,45,0.10836154905443435,3,0.0,1
2026-07-15 22:20:00+00:00,314.6541541275999,1,1,0,1,310,1.0,4,0.0,0
2026-07-15 22:26:00+00:00,717.4657914276827,1,1,0,1,201,1.724736440593527,6,0.0,0
2026-07-15 22:32:00+00:00,1286.7337299332326,0,1,0,1,270,1.2573061657621443,6,0.0,0
2026-07-15 22:49:00+00:00,404.3132716727579,0,1,0,1,187,0.3460848448786849,9,0.0,0
2026-07-15 23:07:00+00:00,838.8737544287528,0,1,0,2,120,1.0,7,0.0,0
2026-07-15 23:11:00+00:00,3310.289305197905,0,1,0,1,304,5.960976297091577,5,0.0,0
2026-07-15 23:13:00+00:00,714.2738139609351,0,1,0,0,121,2.7068742507760035,6,0.0,0
2026-07-15 23:49:00+00:00,512.314145135824,0,1,0,1,104,0.7085584123385427,5,0.0,0
2026-07-15 23:59:00+00:00,214.55383163851653,1,4,0,1,67,0.3373771321667516,5,0.75,0
2026-07-16 00:07:00+00:00,1246.070116163029,0,2,0,2,296,2.1559851203668354,4,0.5,0
2026-07-16 00:20:00+00:00,1032.5692255079166,0,1,0,3,77,2.1627711445163835,5,0.0,0
2026-07-16 00:32:00+00:00,137.79454829989496,0,1,0,1,306,0.20473366656318448,4,0.0,0
2026-07-16 00:36:00+00:00,1120.9940875042118,1,1,0,0,213,0.933970334382839,4,0.0,1
2026-07-16 01:20:00+00:00,949.1280657701043,0,1,0,2,258,0.5326000200590791,12,0.0,0
2026-07-16 01:46:00+00:00,759.6060613897096,0,1,0,3,159,2.141200904413214,3,0.0,0
2026-07-16 02:03:00+00:00,521.2494378510831,1,1,0,1,279,0.750060726611954,6,0.0,0
2026-07-16 03:33:00+00:00,207.94216324484862,1,1,0,1,288,0.22835904209592095,6,0.0,0
2026-07-16 04:08:00+00:00,217.62484080287908,0,1,0,1,273,0.21614093716952584,8,0.0,0
2026-07-16 04:22:00+00:00,895.3532133242716,0,1,0,0,287,1.1499965654374127,6,0.0,0
2026-07-16 04:36:00+00:00,1193.0003919357166,0,1,0,1,91,1.666137537879108,8,0.0,0
2026-07-16 04:53:00+00:00,176.9863285092827,0,1,0,2,4,0.1299091328342208,4,0.0,0
2026-07-16 05:26:00+00:00,364.3570976349397,1,1,0,0,337,0.1514679786940409,5,0.0,0
2026-07-16 05:39:00+00:00,864.0593446919379,1,1,0,1,333,0.9561127337572114,8,0.0,0
2026-07-16 07:22:00+00:00,710.599706640776,0,1,0,0,129,1.004582984343664,3,0.0,0
2026-07-16 07:43:00+00:00,5275.804754027772,0,1,0,1,222,3.6640977623218305,1,0.0,0
2026-07-16 08:05:00+00:00,185.4513297926509,0,1,0,1,52,0.16461556332648847,4,0.0,0
2026-07-16 08:07:00+00:00,232.55142639915636,1,1,0,0,33,0.3441924000896247,7,0.0,0
2026-07-16 08:25:00+00:00,226.5389125778372,0,1,1,2,110,0.27979469933541595,4,0.0,0
2026-07-16 08:31:00+00:00,592.3415725347937,1,1,0,1,168,0.4695195999218031,5,0.0,0
2026-07-16 08:32:00+00:00,954.1731543625405,0,1,0,1,249,0.9723777630908269,6,0.0,0
2026-07-16 08:33:00+00:00,104.28719143298306,0,2,0,2,325,0.12289245493689939,4,0.5,0
2026-07-16 08:35:00+00:00,1022.1929539344869,0,1,0,0,352,1.268579121765708,8,0.0,0
2026-07-16 08:42:00+00:00,607.4367795579994,0,2,0,2,260,0.8590347958097438,5,0.5,0
2026-07-16 09:01:00+00:00,2977.723850893638,0,3,0,1,207,1.9941770463706898,5,0.6666666666666666,0
2026-07-16 09:23:00+00:00,868.902862667623,0,1,0,1,209,0.8015191399798399,3,0.0,0
2026-07-16 10:04:00+00:00,201.73889447356547,0,1,0,0,279,0.14508636555722626,4,0.0,0
2026-07-16 10:54:00+00:00,1154.0284117595754,0,3,0,0,73,1.667096234322256,7,0.6666666666666666,0
2026-07-16 11:33:00+00:00,890.1697528542647,0,1,0,2,19,0.8675169232811794,4,0.0,0
2026-07-16 12:26:00+00:00,821.5877239725264,0,1,0,0,180,1.1702155360704187,3,0.0,0
2026-07-16 12:46:00+00:00,172.7236112536808,1,1,0,2,194,1.0,4,0.0,0
2026-07-16 12:47:00+00:00,956.4072620021933,1,2,0,0,17,1.63034522476496,5,0.5,0
2026-07-16 13:02:00+00:00,247.02411722247024,1,1,0,0,205,0.4111876282365568,14,0.0,0
2026-07-16 13:08:00+00:00,740.281824281568,0,1,0,0,264,0.6470379597469487,6,0.0,0
2026-07-16 13:56:00+00:00,684.6294775837417,0,1,0,0,226,0.5070303470881156,7,0.0,0
2026-07-16 14:17:00+00:00,944.3546489509094,1,1,0,1,60,0.614918723411443,5,0.0,1
2026-07-16 14:32:00+00:00,1337.8533216148978,0,1,0,2,124,2.119088029098747,6,0.0,0
2026-07-16 14:46:00+00:00,2608.7818622203436,0,2,0,0,361,4.183967131837201,4,0.5,0
2026-07-16 14:55:00+00:00,2079.141218471641,1,1,0,1,133,2.632439008222485,5,0.0,1
2026-07-16 15:33:00+00:00,286.0896387868668,0,1,0,1,76,0.2727600683549128,9,0.0,0
2026-07-16 18:33:00+00:00,76.35456284871431,0,1,0,0,120,0.06138588246882131,4,0.0,0
2026-07-16 18:47:00+00:00,3857.1746095556587,1,1,1,6,134,3.227480403844213,6,0.0,1
2026-07-16 20:05:00+00:00,1371.6616713092726,1,4,0,1,192,2.6465830777802375,10,0.75,1
2026-07-16 20:16:00+00:00,273.7006067520928,1,1,0,1,313,0.47536106181828397,9,0.0,0
2026-07-16 20:20:00+00:00,245.6253574122038,0,1,0,0,137,0.6022617126203214,3,0.0,0
2026-07-16 20:26:00+00:00,148.58533535747296,0,1,0,2,171,0.2271995510898642,9,0.0,0
2026-07-16 20:33:00+00:00,117.8389557627142,1,3,0,0,178,0.09401532519437258,6,0.6666666666666666,0
2026-07-16 20:56:00+00:00,198.3844172130804,0,4,0,0,74,0.3598699536907473,5,0.75,0
2026-07-16 21:01:00+00:00,364.720269012885,0,1,0,0,41,0.22635254659913548,4,0.0,0
2026-07-16 21:39:00+00:00,528.7436449414109,0,4,0,1,31,0.6470726815897812,8,0.75,1
2026-07-17 00:27:00+00:00,93.45476605601118,0,1,0,2,66,0.11641010032317933,4,0.0,0
2026-07-17 01:08:00+00:00,186.703737517022,1,2,0,1,270,0.31463702894038825,7,0.5,0
2026-07-17 01:34:00+00:00,926.1477211694912,0,1,0,0,294,1.5391795012989278,4,0.0,0
2026-07-17 01:40:00+00:00,257.3139032180712,0,1,0,0,322,0.20273825579232482,5,0.0,0
2026-07-17 02:16:00+00:00,1915.694601684513,1,1,0,0,182,2.6037204486726178,2,0.0,0
2026-07-17 02:17:00+00:00,452.158321981448,1,1,0,1,219,0.5830595533955707,1,0.0,0
2026-07-17 02:21:00+00:00,109.99882530796144,1,1,0,0,310,0.19428136337810648,6,0.0,1
2026-07-17 03:16:00+00:00,455.66023736758723,1,1,0,0,357,0.602585906459813,5,0.0,0
2026-07-17 03:35:00+00:00,722.6757122112972,0,1,0,1,150,0.427002548415197,7,0.0,0
2026-07-17 04:50:00+00:00,813.9638533752595,1,1,1,5,172,0.8995830989649943,5,0.0,1
2026-07-17 05:03:00+00:00,1504.1763879432938,0,1,0,1,314,1.7028709055977016,6,0.0,0
2026-07-17 05:33:00+00:00,445.51955205028946,0,1,0,1,311,0.5143335117100453,4,0.0,0
2026-07-17 06:22:00+00:00,376.08506481054246,1,1,0,0,114,0.5359106074245803,3,0.0,0
2026-07-17 07:54:00+00:00,7221.447208313385,0,1,0,1,86,9.026123770667954,5,0.0,0
2026-07-17 08:26:00+00:00,690.7412099456844,1,1,0,3,275,1.4455033715450762,6,0.0,1
2026-07-17 09:00:00+00:00,732.0035396049309,1,1,0,1,355,0.9961777498189761,6,0.0,0
2026-07-17 09:16:00+00:00,554.6295884513802,0,1,0,1,70,1.3699279303122902,1,0.0,0
2026-07-17 09:37:00+00:00,238.27685531626312,0,1,0,1,355,0.2609685051284998,7,0.0,0
2026-07-17 09:40:00+00:00,801.6916199836452,0,1,0,0,39,0.8250484621289342,5,0.0,0
2026-07-17 10:13:00+00:00,101.73136922542858,1,1,0,1,158,0.0829983800176472,2,0.0,0
2026-07-17 10:28:00+00:00,696.3643017700513,0,1,0,1,198,0.9928259364577015,4,0.0,0
2026-07-17 10:49:00+00:00,248.33137905522844,0,1,0,2,297,0.26237150587016633,9,0.0,1
2026-07-17 10:54:00+00:00,151.67140522400405,1,1,0,0,95,0.20946917940640944,4,0.0,0
2026-07-17 14:18:00+00:00,398.4385540630461,0,1,0,3,20,0.3341349529357197,3,0.0,1
2026-07-17 14:44:00+00:00,796.5648366624101,0,1,0,2,255,0.6279855998577306,3,0.0,0
2026-07-17 15:00:00+00:00,1024.1373224034287,0,1,0,2,114,0.6529224881886552,7,0.0,0
2026-07-17 15:03:00+00:00,483.5687319449764,0,3,0,2,253,0.8539372341962509,6,0.6666666666666666,0
2026-07-17 16:57:00+00:00,445.56121410723665,1,1,0,2,69,0.5303903458647543,8,0.0,0
2026-07-17 17:18:00+00:00,1498.1284998369254,0,2,0,1,86,1.2244274663703991,3,0.5,0
2026-07-17 17:32:00+00:00,247.64338068506976,0,1,0,0,165,0.22732455553166134,4,0.0,0
2026-07-17 17:32:00+00:00,1912.708498932527,1,1,0,1,46,1.9751314284776078,3,0.0,0
2026-07-17 18:04:00+00:00,587.2983859192335,0,1,0,2,277,0.8266034744268979,7,0.0,0
2026-07-17 18:09:00+00:00,435.08274951422214,0,1,0,1,240,0.5410539043393653,4,0.0,0
2026-07-17 18:46:00+00:00,1059.8500146117497,0,1,0,0,43,1.1254620426927466,5,0.0,0
2026-07-17 19:01:00+00:00,361.06942050426113,0,1,0,1,11,0.3787988045366903,10,0.0,0
2026-07-17 19:13:00+00:00,258.245615589384,1,1,0,2,308,0.23793282541228908,6,0.0,0
2026-07-17 20:10:00+00:00,284.08577500810065,0,1,0,0,287,0.38199613306143326,10,0.0,0
2026-07-17 20:27:00+00:00,107.92914444123156,1,1,0,1,43,0.17720673577634727,5,0.0,0
2026-07-17 20:48:00+00:00,685.0541163140222,0,3,0,0,3,0.8126188306626265,3,0.6666666666666666,0
2026-07-17 20:49:00+00:00,896.7604812262381,1,1,0,0,331,0.5875086892377017,3,0.0,0
2026-07-17 21:04:00+00:00,395.7384503900175,1,1,0,1,333,0.5106549158858883,6,0.0,0
2026-07-17 21:25:00+00:00,1280.1097142352678,0,4,0,0,289,2.2560609020915123,6,0.75,0
2026-07-17 21:41:00+00:00,1940.7645846517946,0,1,0,0,93,1.117934632418271,3,0.0,0
2026-07-17 21:56:00+00:00,1105.3845413817926,1,1,0,0,21,1.0553018315144587,1,0.0,0
2026-07-17 22:52:00+00:00,146.28503676985443,1,1,0,1,81,0.3004752252822707,6,0.0,0
2026-07-17 22:55:00+00:00,389.5480207509124,0,2,0,0,288,0.416995392065081,7,0.5,0
2026-07-17 23:11:00+00:00,184.62476578901973,0,1,0,1,296,0.21344049347531,6,0.0,0
2026-07-18 01:03:00+00:00,1169.5610901380348,1,1,1,3,281,2.074101371539816,3,0.0,1
2026-07-18 01:15:00+00:00,1665.5137502511911,0,1,0,1,31,1.837066619319026,5,0.0,0
2026-07-18 01:25:00+00:00,1242.199303129384,0,2,0,0,38,2.0340598135469095,6,0.5,0
2026-07-18 02:08:00+00:00,966.196349346913,0,1,0,0,12,1.5189631325983908,5,0.0,0
2026-07-18 02:51:00+00:00,868.2473099791086,0,1,0,1,46,1.1308428156141561,3,0.0,0
2026-07-18 03:56:00+00:00,4396.657490630562,0,2,0,0,33,10.13753770484995,7,0.5,0
2026-07-18 04:25:00+00:00,357.80718228419863,0,4,0,1,60,0.23751714982151298,3,0.75,0
2026-07-18 05:08:00+00:00,532.5094895401013,0,1,0,0,232,0.6271251891576234,4,0.0,0
2026-07-18 05:52:00+00:00,600.5674951941239,1,1,0,1,184,0.5865786131679845,9,0.0,0
2026-07-18 06:29:00+00:00,125.21622846446542,0,1,0,2,298,0.15910121647997244,6,0.0,0
2026-07-18 06:41:00+00:00,1729.1941821650216,0,1,0,1,88,1.0,7,0.0,0
2026-07-18 07:15:00+00:00,469.1724870090101,0,1,0,2,188,0.725601347824868,6,0.0,0
2026-07-18 08:22:00+00:00,311.11341640799316,0,2,0,1,58,0.22811519713362832,5,0.5,0
2026-07-18 08:26:00+00:00,2783.704124248082,0,4,0,0,104,5.980302728450256,3,0.75,0
2026-07-18 08:54:00+00:00,410.6654851966898,0,1,0,1,89,1.0867163826602575,6,0.0,0
2026-07-18 09:08:00+00:00,332.7479598719503,0,3,0,1,308,0.621323460292712,10,0.6666666666666666,0
2026-07-18 09:51:00+00:00,240.1086343228207,0,4,1,3,274,0.25843967686545255,6,0.75,1
2026-07-18 09:53:00+00:00,271.8885281486347,0,1,0,1,148,0.525783901498745,5,0.0,0
2026-07-18 09:58:00+00:00,312.8857725657382,0,2,0,1,246,1.0,6,0.5,0
2026-07-18 11:30:00+00:00,1655.5737746153989,0,2,0,1,26,3.337091468995615,4,0.5,0
2026-07-18 11:35:00+00:00,448.90206936662037,0,4,0,0,344,0.2948970715466878,5,0.75,0
2026-07-18 12:15:00+00:00,323.9083656422744,0,1,0,0,160,0.3083135057086636,5,0.0,0
2026-07-18 13:04:00+00:00,762.2285852260029,0,2,0,3,51,1.0,7,0.5,0
2026-07-18 13:06:00+00:00,383.77224035650954,0,1,0,2,114,0.2649373721542361,7,0.0,0
2026-07-18 13:13:00+00:00,246.40664438763608,0,3,1,0,274,0.20384285383693262,4,0.6666666666666666,1
2026-07-18 13:16:00+00:00,1524.2878459886706,0,3,0,0,29,1.0375373148607134,3,0.6666666666666666,0
2026-07-18 13:20:00+00:00,1044.4150747070705,1,1,0,0,119,1.3538362110417863,10,0.0,0
2026-07-18 13:50:00+00:00,292.46481035087015,0,1,0,1,46,0.20166139999043542,3,0.0,0
2026-07-18 14:00:00+00:00,196.30700961372995,1,1,0,1,96,0.42019762788556764,4,0.0,0
2026-07-18 14:17:00+00:00,683.5599014021325,0,2,0,1,219,0.9891537464217105,6,0.5,0
2026-07-18 15:53:00+00:00,883.4285791317313,0,1,0,0,309,1.0077070944944104,3,0.0,0
2026-07-18 15:56:00+00:00,2221.2537443139836,1,1,0,1,338,3.232904448923998,9,0.0,0
2026-07-18 16:20:00+00:00,427.5334869307551,0,1,0,0,204,0.5853448266720725,6,0.0,0
2026-07-18 16:23:00+00:00,161.46972873706432,1,1,0,0,173,0.1517115088262299,4,0.0,0
2026-07-18 16:53:00+00:00,165.98937978084973,0,1,0,1,261,0.14896345386138693,5,0.0,0
2026-07-18 17:26:00+00:00,215.74502948148933,0,1,0,1,191,0.33452761803567277,5,0.0,0
2026-07-18 17:32:00+00:00,392.10632490140176,1,1,0,1,13,0.5111184270777928,6,0.0,1
2026-07-18 17:58:00+00:00,782.8456660444242,0,4,0,0,88,0.7215409215516172,5,0.75,0
2026-07-18 18:14:00+00:00,1134.7628936502613,0,3,0,2,309,1.929841887361128,4,0.6666666666666666,0
2026-07-18 18:18:00+00:00,344.5860372863672,0,1,0,2,93,0.5349457168868315,3,0.0,0
2026-07-18 18:33:00+00:00,482.8877176910223,0,2,0,0,185,0.5338366391478493,3,0.5,0
2026-07-18 19:08:00+00:00,1383.5858656492132,1,2,1,7,190,2.2299751138402666,10,0.5,1
2026-07-18 19:27:00+00:00,463.78208992535065,1,1,0,0,230,0.5564707283090009,5,0.0,1
2026-07-18 19:38:00+00:00,3858.2600949476023,0,1,0,0,28,3.559800794765995,3,0.0,0
2026-07-18 19:45:00+00:00,1947.3403381208445,0,2,0,1,325,2.66417098731993,4,0.5,0
2026-07-18 20:50:00+00:00,700.3989063457507,0,1,0,2,88,1.1968865087549059,9,0.0,0
2026-07-18 20:50:00+00:00,46.42427357237506,0,1,0,1,78,0.08077820236139815,5,0.0,0
2026-07-18 21:26:00+00:00,500.95629914189146,1,1,0,2,355,0.765479640899324,2,0.0,0
2026-07-18 21:49:00+00:00,498.3585709150713,0,1,0,0,361,0.4387166245720706,7,0.0,0
2026-07-18 22:13:00+00:00,484.94527507138747,1,1,0,2,294,1.262270919239857,2,0.0,0
2026-07-18 22:39:00+00:00,1660.6060048675588,1,1,0,2,159,2.332176948928213,11,0.0,0
2026-07-18 23:39:00+00:00,1397.0031116884772,1,4,0,3,48,2.4023887256455865,6,0.75,0
2026-07-18 23:42:00+00:00,286.2641212009205,0,2,0,2,355,0.3627162140727297,9,0.5,0
2026-07-18 23:43:00+00:00,472.6722757398163,0,1,0,0,340,0.6891429841830303,5,0.0,0
2026-07-19 00:26:00+00:00,746.5624752350409,1,1,0,0,125,0.7740403469855822,7,0.0,0
2026-07-19 00:50:00+00:00,832.3753418497979,1,3,0,1,84,1.6108015190195943,4,0.6666666666666666,0
2026-07-19 00:56:00+00:00,333.01441244853044,0,1,0,1,324,0.2860091251405897,11,0.0,0
2026-07-19 01:09:00+00:00,189.89154141444902,0,2,0,1,253,0.43154826567987775,2,0.5,0
2026-07-19 01:19:00+00:00,262.1753786105555,0,1,0,0,30,0.37760503276315566,4,0.0,0
2026-07-19 01:27:00+00:00,2287.0746490238503,0,4,0,1,57,2.123845270345288,7,0.75,0
2026-07-19 01:43:00+00:00,1265.309822198632,1,1,0,0,145,1.0,9,0.0,0
2026-07-19 01:43:00+00:00,613.6579341732421,0,1,1,1,100,0.8688245621169329,8,0.0,0
2026-07-19 01:54:00+00:00,3650.178611359884,0,1,0,0,157,1.9560673864294231,6,0.0,0
2026-07-19 02:25:00+00:00,579.990588123769,0,1,0,1,279,0.7386210103278182,4,0.0,0
2026-07-19 02:38:00+00:00,145.35370151806634,0,1,0,1,247,0.2770821218439511,9,0.0,0
2026-07-19 03:00:00+00:00,2159.7078040528754,0,1,0,0,140,2.18954219242032,6,0.0,0
2026-07-19 03:04:00+00:00,3940.1420269099353,0,1,0,0,213,5.682970188061546,4,0.0,0
2026-07-19 03:22:00+00:00,360.5039688529107,1,1,0,0,169,0.33412258478506457,5,0.0,0
2026-07-19 04:48:00+00:00,660.1745138714479,0,1,0,3,302,1.0,6,0.0,0
2026-07-19 04:58:00+00:00,335.5783351476046,0,2,0,0,336,0.2806402662947924,8,0.5,0
2026-07-19 05:25:00+00:00,2539.4017180573037,0,1,0,0,126,4.451720027262798,6,0.0,0
2026-07-19 08:22:00+00:00,887.8738799735344,0,1,0,0,222,1.0200279537825008,7,0.0,0
2026-07-19 09:20:00+00:00,473.6071351869672,0,1,0,2,65,0.5566840051598319,6,0.0,1
2026-07-19 09:39:00+00:00,1700.3583454121056,0,1,0,0,63,2.2405756966484613,5,0.0,0
2026-07-19 10:06:00+00:00,105.15435567063143,1,1,0,1,77,0.10144723839975518,6,0.0,0
2026-07-19 10:16:00+00:00,403.7150536939487,0,4,1,6,8,0.2586929100596045,7,0.75,1
2026-07-19 11:19:00+00:00,3877.2725869964734,0,1,0,2,125,2.913255135575792,7,0.0,0
2026-07-19 11:28:00+00:00,53.518563316257996,0,1,0,3,192,0.059104118463043705,6,0.0,0
2026-07-19 11:29:00+00:00,1066.0533262576778,0,1,0,1,258,0.8879373073316228,7,0.0,0
2026-07-19 11:46:00+00:00,3117.8600782958865,0,1,0,1,262,8.079466373410432,7,0.0,0
2026-07-19 12:27:00+00:00,622.700249861306,0,4,0,0,243,1.0226242411017241,6,0.75,0
2026-07-19 12:33:00+00:00,1285.9365619832295,0,4,0,1,215,2.1804557492548793,3,0.75,0
2026-07-19 12:56:00+00:00,93.10579256841734,0,1,0,1,23,0.1263239059297926,2,0.0,0
2026-07-19 13:20:00+00:00,553.3466028683489,1,1,0,2,342,1.2647271060410281,9,0.0,0
2026-07-19 13:34:00+00:00,3896.6921391375417,0,1,0,1,49,5.082475586994907,8,0.0,0
2026-07-19 14:33:00+00:00,353.96184065607906,0,1,0,0,221,0.5271161615472029,8,0.0,0
2026-07-19 15:26:00+00:00,627.8600495868999,0,1,0,0,151,0.72593943004659,6,0.0,0
2026-07-19 15:47:00+00:00,1772.3125567539657,0,1,1,3,353,1.117794730017533,6,0.0,0
2026-07-19 15:56:00+00:00,124.93778489640407,1,1,0,0,214,0.19513194131696754,6,0.0,0
2026-07-19 15:56:00+00:00,1266.413546652788,0,1,0,0,1,1.5344340687383404,10,0.0,0
2026-07-19 16:35:00+00:00,558.5828646516406,0,1,0,1,273,0.9049205721692538,2,0.0,0
2026-07-19 17:43:00+00:00,475.2523675650807,0,1,0,0,286,0.4951253971980012,4,0.0,0
2026-07-19 17:55:00+00:00,345.37047342624976,0,1,0,0,76,0.32287262341898887,9,0.0,0
2026-07-19 18:04:00+00:00,599.5908864721848,1,1,0,1,20,0.42762695040117144,6,0.0,1
2026-07-19 18:14:00+00:00,334.9152750972536,1,1,2,1,33,0.23058899931636176,5,0.0,1
2026-07-19 18:27:00+00:00,329.4187342729606,0,1,0,0,103,0.3079455877634286,2,0.0,0
2026-07-19 18:41:00+00:00,819.236249660483,0,1,0,1,290,1.2504386993652683,4,0.0,0
2026-07-19 19:10:00+00:00,5542.445581191767,0,1,1,4,10,8.453170617529649,11,0.0,1
2026-07-19 19:14:00+00:00,313.540065562835,0,1,0,2,172,0.2498507071678715,6,0.0,0
2026-07-19 19:40:00+00:00,507.5287237363904,1,1,0,0,65,0.8714421601763639,7,0.0,0
2026-07-19 20:35:00+00:00,369.0087378483961,0,1,0,1,64,0.26376902614799835,7,0.0,0
2026-07-19 22:26:00+00:00,833.5375929620127,0,2,0,1,312,2.008472804981534,6,0.5,0
2026-07-19 23:55:00+00:00,689.9081994055108,1,1,0,1,357,0.8881607341315482,6,0.0,0
2026-07-20 01:05:00+00:00,1638.1888543936077,0,1,0,2,334,1.6413259125024737,9,0.0,1
2026-07-20 01:15:00+00:00,465.6072431992473,0,1,0,1,279,0.618692437024751,6,0.0,0
2026-07-20 01:42:00+00:00,348.5180005886185,0,4,0,2,329,0.7302060513694019,5,0.75,0
2026-07-20 01:47:00+00:00,140.50838560491724,0,1,0,1,320,0.18413802663171788,4,0.0,0
2026-07-20 01:47:00+00:00,570.8727400089667,1,2,0,1,163,0.5514459962245865,9,0.5,0
2026-07-20 02:17:00+00:00,160.84494044245304,0,1,0,1,212,0.24225871871588087,5,0.0,0
2026-07-20 02:41:00+00:00,192.5004506330603,0,1,0,1,282,0.20266897691573,5,0.0,0
2026-07-20 02:52:00+00:00,1094.985747046847,1,1,0,2,196,0.6970419475272365,7,0.0,1
2026-07-20 02:53:00+00:00,751.7359497966627,1,4,0,2,157,1.0863537500122238,3,0.75,1
2026-07-20 02:59:00+00:00,551.1174082600713,0,1,0,0,194,0.4371544508947329,3,0.0,0
2026-07-20 03:13:00+00:00,450.2604027420535,1,1,0,0,168,0.42652120986708353,8,0.0,0
2026-07-20 03:33:00+00:00,160.79389792388963,0,4,0,1,83,0.15548780205508347,5,0.75,1
2026-07-20 04:09:00+00:00,4703.939298743267,0,1,0,1,209,6.382741188728865,7,0.0,0
2026-07-20 05:16:00+00:00,271.8906302492761,0,1,0,0,306,0.24688218836895093,6,0.0,0
2026-07-20 05:45:00+00:00,2498.30813116005,0,1,0,0,357,2.7193596050687496,10,0.0,1
2026-07-20 05:50:00+00:00,1604.5785707262883,1,1,1,1,279,1.1845958272676227,7,0.0,1
2026-07-20 07:33:00+00:00,1167.0605735937725,0,1,0,0,140,1.4855996363148134,7,0.0,0
2026-07-20 07:36:00+00:00,420.90224765565716,1,1,0,2,258,0.3781500050251348,9,0.0,0
2026-07-20 08:00:00+00:00,411.2053603082426,1,1,0,0,14,0.3860708691704168,5,0.0,0
2026-07-20 08:34:00+00:00,105.4592194908824,0,1,0,2,206,0.14191250732684826,6,0.0,0
2026-07-20 08:36:00+00:00,516.4683639243926,0,1,1,4,196,0.6223587236765358,5,0.0,0
2026-07-20 09:03:00+00:00,423.6047184336218,0,1,0,3,227,0.37692676661090013,2,0.0,0
2026-07-20 09:04:00+00:00,103.95706722290566,1,1,0,0,291,0.11609759999181461,6,0.0,0
2026-07-20 09:25:00+00:00,3055.365597029311,0,1,0,2,103,2.6221180382693365,8,0.0,0
2026-07-20 09:29:00+00:00,801.2553198898341,0,1,0,0,303,0.7201862202878895,8,0.0,0
2026-07-20 10:14:00+00:00,2985.0609365879586,1,1,0,0,177,4.351194744426455,5,0.0,1
2026-07-20 10:42:00+00:00,785.3699762779311,1,1,0,0,134,1.0,11,0.0,1
2026-07-20 10:46:00+00:00,1060.3696555382237,0,1,0,0,342,1.4909302727127876,4,0.0,0
2026-07-20 12:43:00+00:00,447.80257969974605,1,1,0,1,330,0.6063698712870591,7,0.0,0
2026-07-20 13:03:00+00:00,8041.854860544612,0,1,0,1,231,7.5906867855929345,5,0.0,0
2026-07-20 13:10:00+00:00,6074.070204234994,0,1,0,0,311,6.614383850038368,7,0.0,1
2026-07-20 13:13:00+00:00,738.9365964335071,0,1,0,2,92,0.21665382357671756,6,0.0,0
2026-07-20 13:19:00+00:00,118.45821109266043,0,4,0,0,306,0.12931509280137832,5,0.75,0
2026-07-20 13:36:00+00:00,320.42176499088737,0,1,0,0,78,0.47765259013462835,7,0.0,0
2026-07-20 14:19:00+00:00,473.79126962118113,0,3,0,1,236,0.4311896104368168,6,0.6666666666666666,0
2026-07-20 14:40:00+00:00,2662.2898321223975,1,1,0,1,31,5.016668280848382,5,0.0,1
2026-07-20 14:43:00+00:00,200.98674611624034,0,2,0,2,252,0.11641363264380765,7,0.5,1
2026-07-20 14:49:00+00:00,2554.962597464087,1,1,0,2,276,7.452590526465066,8,0.0,0
2026-07-20 16:03:00+00:00,268.02253611482377,0,1,0,0,40,0.26533007384009294,7,0.0,0
2026-07-20 16:28:00+00:00,2348.7718741811595,0,1,0,0,332,4.9627710876630955,6,0.0,0
2026-07-20 16:37:00+00:00,873.0042728232751,0,1,0,1,163,0.6914836787692048,6,0.0,0
2026-07-20 16:38:00+00:00,2285.2988753620366,0,1,0,0,296,1.1981691312323883,4,0.0,0
2026-07-20 16:39:00+00:00,404.2378854368769,1,1,1,1,357,0.23795892891376888,8,0.0,1
2026-07-20 16:54:00+00:00,627.3651150486724,0,1,0,0,135,1.0014145508461958,7,0.0,0
2026-07-20 17:40:00+00:00,230.8352456037738,1,1,0,1,116,0.20977392270894266,4,0.0,0
2026-07-20 17:41:00+00:00,1443.9566580058113,0,1,1,5,251,2.066869108752148,8,0.0,1
2026-07-20 18:22:00+00:00,922.634123167262,1,1,0,2,255,0.7871157203003369,5,0.0,0
2026-07-20 18:26:00+00:00,483.219538147412,1,1,0,0,162,0.44202428354325435,6,0.0,0
2026-07-20 18:54:00+00:00,415.3725912851359,0,1,0,2,319,0.4986967649828693,4,0.0,0
2026-07-20 19:11:00+00:00,804.3132704626895,0,1,0,1,337,1.445200476438352,3,0.0,0
2026-07-20 19:52:00+00:00,3452.5489100944524,1,1,0,2,78,5.140417493790478,8,0.0,1
2026-07-20 19:54:00+00:00,621.695270578992,0,1,0,1,222,1.075335411226587,11,0.0,0
2026-07-20 20:20:00+00:00,2442.3394982896307,0,1,0,0,51,2.322951459288239,4,0.0,0
2026-07-20 20:26:00+00:00,113.3162682133048,0,2,0,1,362,0.22957765098817282,4,0.5,0
2026-07-20 20:27:00+00:00,1567.515730110676,0,1,0,0,312,2.2071310123635004,8,0.0,0
2026-07-20 20:38:00+00:00,1219.4065921621652,0,1,0,0,229,1.8141592720287545,3,0.0,0
2026-07-20 20:58:00+00:00,413.3817497303273,1,1,0,2,300,0.4463892208638807,6,0.0,0
2026-07-20 21:12:00+00:00,853.3382933477907,0,1,0,1,166,1.6883277725585095,6,0.0,0
2026-07-20 21:44:00+00:00,667.5498015762382,0,2,0,2,275,0.9702698877082393,8,0.5,0
2026-07-20 22:04:00+00:00,136.2941553275861,0,1,0,1,5,0.12914264857513252,7,0.0,0
2026-07-20 22:16:00+00:00,1393.981723348112,0,1,1,1,357,1.7890398214512957,10,0.0,0
2026-07-20 22:21:00+00:00,298.66180319265544,0,1,0,1,177,0.18649289380384076,8,0.0,0
2026-07-20 22:40:00+00:00,395.76626530695734,1,1,1,7,295,0.7088557172114229,4,0.0,1
2026-07-20 22:52:00+00:00,837.570634375188,0,1,0,1,84,0.6443213537810595,8,0.0,0
2026-07-20 23:05:00+00:00,2305.205540889121,0,1,0,0,98,2.125559466783178,3,0.0,0
2026-07-21 00:05:00+00:00,516.9188201684566,0,1,0,1,257,0.5311830614923496,6,0.0,0
2026-07-21 00:10:00+00:00,459.91560913859655,0,1,0,6,220,0.48349462606331534,8,0.0,1
2026-07-21 01:08:00+00:00,458.99035124025966,0,3,0,1,131,0.34924124748362206,9,0.6666666666666666,0
2026-07-21 01:30:00+00:00,708.1994076636175,1,1,0,0,11,0.7464341041959626,5,0.0,0
2026-07-21 01:32:00+00:00,1132.1115927308936,1,1,0,0,161,1.0634185934504,7,0.0,0
2026-07-21 03:42:00+00:00,754.9329380179176,1,1,0,1,25,0.48929210205226237,5,0.0,0
2026-07-21 04:50:00+00:00,233.42918323493225,1,1,0,1,287,0.24578279098613687,5,0.0,0
2026-07-21 05:09:00+00:00,3630.1150017898362,0,1,0,0,224,4.875599152777285,9,0.0,0
2026-07-21 05:10:00+00:00,562.913474010639,1,1,0,1,31,0.722838825475381,2,0.0,0
2026-07-21 05:14:00+00:00,609.1953625918943,1,1,0,0,134,0.6128908027048414,3,0.0,0
2026-07-21 05:28:00+00:00,969.6422302058801,0,1,0,0,80,1.1498393199396395,4,0.0,1
2026-07-21 05:36:00+00:00,1484.777779822937,0,1,0,4,172,2.5832813646973323,7,0.0,0
2026-07-21 06:19:00+00:00,2856.7173710092106,1,1,0,1,307,3.698856737983974,3,0.0,0
2026-07-21 07:50:00+00:00,588.2831502881548,0,1,0,2,133,1.8015794307663673,8,0.0,0
2026-07-21 08:34:00+00:00,405.916950930163,0,1,0,0,190,0.7750496423429003,7,0.0,0
2026-07-21 08:42:00+00:00,3929.333811496476,1,1,0,1,252,2.9406418772499086,5,0.0,0
2026-07-21 08:42:00+00:00,203.77132021370696,0,1,0,0,343,0.13068502642161134,6,0.0,0
2026-07-21 09:07:00+00:00,2307.4396564166755,0,1,0,0,238,4.697610320446158,3,0.0,0
2026-07-21 09:26:00+00:00,763.4165993714167,1,2,0,0,184,1.0787664279408085,7,0.5,0
2026-07-21 09:31:00+00:00,728.0747637430089,0,1,0,0,116,0.9035992652159708,5,0.0,0
2026-07-21 11:34:00+00:00,229.06852776512812,0,1,0,1,170,0.266456304963941,7,0.0,0
2026-07-21 11:57:00+00:00,1618.8788803639134,0,1,0,2,46,2.250164885351309,4,0.0,0
2026-07-21 12:00:00+00:00,974.8988334042066,0,1,0,1,12,0.7555398436381943,4,0.0,0
2026-07-21 12:08:00+00:00,1926.2459482405307,0,1,0,1,94,3.9018584259556524,5,0.0,0
2026-07-21 12:20:00+00:00,1944.4121933127055,0,1,0,0,310,2.777209832079143,4,0.0,0
2026-07-21 12:20:00+00:00,24.1636423421971,0,1,0,1,56,0.04044944043151587,8,0.0,0
2026-07-21 12:38:00+00:00,448.6386139116165,0,2,0,1,4,0.6574106163940897,4,0.5,0
2026-07-21 12:58:00+00:00,810.7438954665383,1,1,0,0,185,0.836613095140632,5,0.0,0
2026-07-21 14:36:00+00:00,329.4946644736824,0,1,0,2,40,0.517333973407122,8,0.0,0
2026-07-21 15:32:00+00:00,459.310996644503,1,4,0,1,37,0.5077558899719478,3,0.75,0
2026-07-21 15:33:00+00:00,1009.0600888136311,0,1,0,2,163,1.9906500527919242,11,0.0,0
2026-07-21 15:34:00+00:00,276.9299255185846,0,2,0,2,225,0.2868870385632821,7,0.5,0
2026-07-21 15:55:00+00:00,779.4884756102886,0,1,0,0,75,0.6385241889109156,3,0.0,0
2026-07-21 16:46:00+00:00,383.803484713572,0,1,0,1,252,0.49626467341927716,8,0.0,0
2026-07-21 16:58:00+00:00,2418.697069338676,0,1,0,0,141,7.545521273651253,7,0.0,0
2026-07-21 17:17:00+00:00,192.34818442742358,0,1,0,2,230,0.21934820004542172,3,0.0,0
2026-07-21 17:47:00+00:00,368.76399986289186,0,1,0,4,207,0.3924024824662992,4,0.0,0
2026-07-21 17:55:00+00:00,552.0945527823266,1,1,0,1,208,0.2447315648200648,6,0.0,0
2026-07-21 18:03:00+00:00,199.77953930329394,0,2,0,2,25,0.1723240499653728,10,0.5,0
2026-07-21 18:04:00+00:00,674.7590792858032,1,1,0,0,92,1.4224763385943222,7,0.0,0
2026-07-21 19:15:00+00:00,172.12839181524626,0,3,1,3,127,0.14119145717831658,7,0.6666666666666666,1
2026-07-21 19:18:00+00:00,599.9881084261639,1,3,0,0,38,0.8728305584072226,8,0.6666666666666666,0
2026-07-21 19:24:00+00:00,186.10907707136747,0,1,0,1,94,0.23851558309876278,4,0.0,0
2026-07-21 19:46:00+00:00,186.08864624650596,0,1,0,0,62,0.17863646109856374,6,0.0,0
2026-07-21 20:15:00+00:00,713.550004020032,0,2,0,0,329,0.6627685807819303,4,0.5,0
2026-07-21 20:27:00+00:00,278.57650474235686,0,1,0,0,222,0.20355584565561097,9,0.0,0
2026-07-21 20:50:00+00:00,856.4008865601066,1,1,0,1,204,1.199926665316078,8,0.0,0
2026-07-21 20:53:00+00:00,848.6989928394066,0,1,0,1,317,1.0,6,0.0,0
2026-07-21 20:56:00+00:00,1813.2527603951812,0,1,0,0,118,3.1446306070822767,6,0.0,0
2026-07-21 20:59:00+00:00,2194.0334746954973,0,1,0,2,182,1.6601938073928366,9,0.0,0
2026-07-21 23:14:00+00:00,5490.298552987091,0,1,0,0,246,6.440089183903588,7,0.0,0
2026-07-21 23:23:00+00:00,1120.948939813855,0,3,0,2,51,0.881921981417635,4,0.6666666666666666,0
2026-07-22 00:06:00+00:00,1314.7243356694114,0,1,0,3,190,1.3724175234714875,7,0.0,0
2026-07-22 01:11:00+00:00,1399.9058909992054,0,1,0,0,103,2.7870026451217784,2,0.0,0
2026-07-22 01:39:00+00:00,142.63127539712124,0,1,0,1,238,0.30821194098166554,5,0.0,0
2026-07-22 01:58:00+00:00,433.1125480577788,0,1,0,1,77,0.5670593149329105,5,0.0,0
2026-07-22 02:43:00+00:00,449.2466152022906,1,1,0,1,258,0.8210072221339165,7,0.0,0
2026-07-22 03:11:00+00:00,408.70121929400705,0,1,0,1,77,0.3945845319598991,3,0.0,0
2026-07-22 03:15:00+00:00,2398.366396590363,0,1,0,7,304,2.291324412621046,5,0.0,0
2026-07-22 03:17:00+00:00,395.9849494172542,0,1,0,2,69,0.4647498831089898,4,0.0,0
2026-07-22 04:06:00+00:00,691.5123109301475,0,1,0,0,249,0.5913745080382253,12,0.0,0
2026-07-22 05:27:00+00:00,795.3485207701782,0,2,0,1,347,0.6823475896906283,10,0.5,0
2026-07-22 05:50:00+00:00,1090.9708158325388,0,1,0,0,197,1.047169823660739,7,0.0,0
2026-07-22 06:22:00+00:00,152.25240967769454,0,1,0,0,40,0.12104099477159895,6,0.0,0
2026-07-22 07:36:00+00:00,1893.0901393913357,1,1,0,0,4,2.427789033140821,1,0.0,0
2026-07-22 07:48:00+00:00,644.2500680338309,0,1,0,0,97,0.3659381458833481,9,0.0,0
2026-07-22 08:25:00+00:00,4099.6731172315585,0,1,0,0,23,5.200962919917765,7,0.0,1
2026-07-22 08:49:00+00:00,1496.6486449197487,0,1,0,0,260,2.5028167417581146,3,0.0,0
2026-07-22 09:24:00+00:00,302.56550026288613,0,1,0,0,280,0.19247728560053776,5,0.0,0
2026-07-22 09:44:00+00:00,757.2854131022694,1,2,0,0,324,1.3241780202552247,4,0.5,0
2026-07-22 11:28:00+00:00,1936.8231028887203,1,1,0,1,141,2.696683888446521,2,0.0,0
2026-07-22 11:30:00+00:00,2012.062741342918,1,1,0,0,20,3.6433936262208153,4,0.0,1
2026-07-22 11:34:00+00:00,979.0107039136356,0,1,0,3,76,1.6775800050962035,2,0.0,0
2026-07-22 11:36:00+00:00,506.6604892252365,0,1,0,1,364,0.4623045256663568,7,0.0,0
2026-07-22 11:41:00+00:00,179.72089349945963,1,1,0,2,123,0.15572295599217595,5,0.0,0
2026-07-22 12:19:00+00:00,141.85989028394584,0,1,0,1,126,0.18237816397180223,7,0.0,0
2026-07-22 12:27:00+00:00,197.02672252565458,0,1,1,2,347,0.2565420015396976,4,0.0,1
2026-07-22 12:55:00+00:00,5503.210872810788,0,1,0,0,40,5.7248139091298915,5,0.0,1
2026-07-22 13:00:00+00:00,305.5697926951897,0,1,0,1,364,0.17345962709663237,3,0.0,0
2026-07-22 13:29:00+00:00,1247.2768768349833,0,1,0,2,237,2.109855077921855,2,0.0,0
2026-07-22 14:16:00+00:00,213.08490429234635,0,1,0,1,253,0.3201212428412815,12,0.0,0
2026-07-22 15:19:00+00:00,2559.351137216699,0,1,0,1,82,4.099001842918222,7,0.0,1
2026-07-22 15:33:00+00:00,420.2887154897001,0,1,0,2,178,0.3773761363570661,6,0.0,0
2026-07-22 15:49:00+00:00,119.00171281138941,0,1,0,2,319,0.12973366629476696,9,0.0,0
2026-07-22 16:13:00+00:00,1178.8761848878178,0,1,0,2,243,1.8050900706091062,9,0.0,0
2026-07-22 17:09:00+00:00,1529.200492732742,0,1,0,1,31,2.08207146831218,6,0.0,0
2026-07-22 17:40:00+00:00,160.19543028029446,1,1,0,1,100,0.15122763286329632,7,0.0,0
2026-07-22 17:46:00+00:00,616.4380936978181,0,1,0,1,1,0.6407109875949141,9,0.0,0
2026-07-22 18:15:00+00:00,174.86330762861883,0,1,0,1,179,0.1244300772498839,3,0.0,0
2026-07-22 18:39:00+00:00,216.0350563812253,0,1,0,1,301,0.1583615978839793,3,0.0,0
2026-07-22 18:47:00+00:00,714.702517599199,0,1,1,5,363,0.37590146233199434,6,0.0,1
2026-07-22 19:01:00+00:00,1219.0093803217355,0,2,0,1,311,0.9745021966865186,4,0.5,0
2026-07-22 20:24:00+00:00,622.8288203918585,0,1,0,2,255,0.5474407078714392,2,0.0,0
2026-07-22 20:27:00+00:00,743.7550997011372,1,1,0,0,26,0.6397157271814091,8,0.0,0
2026-07-22 21:24:00+00:00,151.173653367502,0,3,0,2,194,1.0,5,0.6666666666666666,0
2026-07-22 21:52:00+00:00,235.2769230556949,0,1,0,2,244,0.16887937121522567,4,0.0,0
2026-07-22 22:31:00+00:00,557.5769406554076,1,2,0,0,362,0.5703873199435,3,0.5,1
2026-07-22 22:53:00+00:00,350.38593039631246,0,1,0,0,215,0.2574069100247039,4,0.0,0
2026-07-23 00:01:00+00:00,172.93245197316276,1,4,0,1,346,0.22197017025696109,6,0.75,0
2026-07-23 01:30:00+00:00,403.20405058316396,0,1,0,0,182,0.2169238451702829,5,0.0,0
2026-07-23 02:01:00+00:00,230.96856287183454,0,1,0,1,14,0.37985718674290836,8,0.0,0
2026-07-23 03:52:00+00:00,519.2474890424496,1,1,0,0,142,0.8840655582320243,5,0.0,0
2026-07-23 04:15:00+00:00,364.53424800919674,0,1,0,3,340,0.28880832368284487,6,0.0,0
2026-07-23 06:26:00+00:00,155.15830253062407,1,1,0,1,116,0.246772155530641,2,0.0,0
2026-07-23 06:37:00+00:00,183.35881217157686,0,3,0,0,105,0.24652683631916758,9,0.6666666666666666,0
2026-07-23 07:19:00+00:00,1248.6208896948579,0,1,1,3,49,1.4114791202461467,4,0.0,0
2026-07-23 07:24:00+00:00,466.10995089343976,1,1,0,2,130,0.3998810441841294,4,0.0,0
2026-07-23 07:32:00+00:00,2662.227587834919,0,4,0,1,297,2.59978504008166,5,0.75,1
2026-07-23 08:20:00+00:00,1869.6287989136777,1,4,0,0,170,4.071340557622643,6,0.75,0
2026-07-23 08:22:00+00:00,5144.578786544461,0,1,0,0,341,4.288246256310264,7,0.0,0
2026-07-23 08:26:00+00:00,1586.2514009457711,1,1,0,0,337,1.5389570069247336,3,0.0,0
2026-07-23 09:18:00+00:00,411.0225762694565,0,2,0,2,38,0.26090049331615894,5,0.5,0
2026-07-23 09:30:00+00:00,1227.5694214070952,1,2,0,0,60,1.551332530133628,5,0.5,1
2026-07-23 09:55:00+00:00,545.3137870728766,0,1,0,0,274,0.3430426118691166,6,0.0,0
2026-07-23 10:06:00+00:00,218.69361770563276,0,1,0,1,334,0.2930879629644269,9,0.0,0
2026-07-23 10:06:00+00:00,1345.8932675047731,0,1,0,1,147,1.0421620775176916,4,0.0,0
2026-07-23 11:05:00+00:00,258.9549333694522,0,1,0,3,326,0.27662729834549676,12,0.0,0
2026-07-23 11:08:00+00:00,357.8281028786829,0,1,0,0,77,0.35094498683571096,6,0.0,0
2026-07-23 12:12:00+00:00,880.3083579673654,0,1,0,1,306,1.3490807442399109,4,0.0,0
2026-07-23 13:25:00+00:00,752.2085209810508,0,1,0,2,250,1.2132661955718098,11,0.0,0
2026-07-23 13:28:00+00:00,1697.7524848464986,1,3,0,0,305,1.970009620138743,4,0.6666666666666666,0
2026-07-23 13:29:00+00:00,1701.0266273705593,0,1,0,1,229,2.5968838749017107,7,0.0,0
2026-07-23 13:32:00+00:00,449.58451516427715,0,1,0,0,260,0.2613893009600748,7,0.0,0
2026-07-23 13:51:00+00:00,641.9519847933657,0,4,0,1,285,0.7702538366616897,7,0.75,0
2026-07-23 14:11:00+00:00,928.4792641844949,1,1,0,3,56,0.9757767906985694,6,0.0,0
2026-07-23 14:39:00+00:00,1074.4543251202333,1,1,0,0,162,1.929367661482223,3,0.0,0
2026-07-23 14:59:00+00:00,1596.5267417663654,0,1,0,0,255,1.7554254406928325,6,0.0,0
2026-07-23 15:37:00+00:00,173.71404486418993,0,1,0,0,349,0.19960645258875107,4,0.0,0
2026-07-23 15:51:00+00:00,1569.3929617588005,0,1,0,1,244,1.4018826460159712,7,0.0,0
2026-07-23 15:55:00+00:00,565.2485436505722,0,1,0,1,272,0.44560074848387055,15,0.0,0
2026-07-23 16:17:00+00:00,322.4830085517701,0,2,0,0,73,0.2831186187278579,4,0.5,0
2026-07-23 16:33:00+00:00,1246.1403448859494,1,1,0,0,145,1.5843698729387798,6,0.0,0
2026-07-23 17:22:00+00:00,392.77628222610315,1,1,0,0,19,1.0,7,0.0,1
2026-07-23 18:23:00+00:00,1028.272366731022,0,1,0,0,12,1.5831732721630327,14,0.0,0
2026-07-23 18:59:00+00:00,678.2933769136316,0,1,0,0,219,0.6235799947792192,5,0.0,0
2026-07-23 19:21:00+00:00,296.49937084425255,1,1,0,2,194,0.2573012401486406,4,0.0,0
2026-07-23 20:41:00+00:00,1439.6577459007424,0,1,0,1,79,1.2899099293292478,9,0.0,0
2026-07-23 20:57:00+00:00,1258.0195236586221,1,4,0,0,62,1.042627382632607,9,0.75,0
2026-07-23 21:44:00+00:00,1109.9402008125267,0,1,0,0,322,1.5117279955125926,3,0.0,0
2026-07-23 23:19:00+00:00,1370.5724020920445,1,2,0,0,328,1.8619016759243658,7,0.5,0
2026-07-24 01:31:00+00:00,492.82253659909094,0,1,0,1,146,0.6431179216682827,4,0.0,0
2026-07-24 02:14:00+00:00,1549.5678709616905,1,1,0,1,7,2.412022893023474,6,0.0,0
2026-07-24 02:45:00+00:00,1325.2945908619674,0,1,1,3,347,0.4130951319617417,4,0.0,0
2026-07-24 03:06:00+00:00,539.3738636748435,1,1,0,0,358,0.7884266737927267,5,0.0,0
2026-07-24 04:25:00+00:00,578.6929061786657,1,1,0,2,215,0.6749985416489389,7,0.0,0
2026-07-24 04:54:00+00:00,628.9495426387647,1,3,0,0,206,0.9348997078393304,1,0.6666666666666666,0
2026-07-24 05:05:00+00:00,946.1367471852851,1,1,0,1,172,0.7692188674907321,5,0.0,0
2026-07-24 05:07:00+00:00,1546.0769231388026,0,2,0,2,96,1.5526488625491222,10,0.5,0
2026-07-24 05:38:00+00:00,57.637876796926975,0,1,0,0,275,0.11458726575315442,10,0.0,0
2026-07-24 06:30:00+00:00,1846.7179697371944,1,1,0,4,177,3.50334478328967,3,0.0,1
2026-07-24 06:33:00+00:00,567.3542209930197,1,2,0,1,87,1.0,4,0.5,1
2026-07-24 09:11:00+00:00,80.58897707757572,0,3,1,2,88,0.08432029469311435,5,0.6666666666666666,1
2026-07-24 09:58:00+00:00,1163.6222405814833,0,1,0,1,80,1.0,5,0.0,0
2026-07-24 10:06:00+00:00,122.18078602139789,0,2,0,4,46,0.16190747626402013,5,0.5,0
2026-07-24 10:58:00+00:00,2047.966467261094,0,1,0,4,35,2.277764903988077,5,0.0,0
2026-07-24 11:22:00+00:00,613.1090334195814,0,1,0,0,211,0.7269969621700009,4,0.0,0
2026-07-24 11:23:00+00:00,87.96278179784085,0,1,1,4,268,0.06364315361363172,6,0.0,0
2026-07-24 11:38:00+00:00,1769.6696340103667,0,2,0,0,198,3.7230183120171496,7,0.5,0
2026-07-24 11:41:00+00:00,938.9545254319529,0,1,0,1,183,0.7416047525802043,7,0.0,0
2026-07-24 11:52:00+00:00,729.8287407269024,1,1,1,6,216,0.9077503576546496,6,0.0,1
2026-07-24 11:58:00+00:00,397.5569876414023,1,1,0,1,201,0.5356519207027597,5,0.0,0
2026-07-24 12:19:00+00:00,622.8059924812028,0,1,0,2,216,0.8893644438536157,5,0.0,0
2026-07-24 12:27:00+00:00,101.56183050159974,1,1,0,2,56,0.11839910691930249,5,0.0,0
2026-07-24 15:40:00+00:00,1109.5366523544935,0,4,0,0,322,1.1405480143348419,8,0.75,0
2026-07-24 16:23:00+00:00,716.4306899724676,0,1,0,0,8,0.7653732044067049,13,0.0,0
2026-07-24 16:26:00+00:00,272.00250111788637,0,1,0,1,338,0.41168403913890905,10,0.0,0
2026-07-24 16:48:00+00:00,146.7840475709726,0,1,0,1,303,0.10990322739852458,4,0.0,0
2026-07-24 17:06:00+00:00,746.5082255537757,0,1,0,0,278,1.1781368724053833,8,0.0,0
2026-07-24 18:09:00+00:00,255.52715414574476,0,1,0,0,337,0.42604948661829734,8,0.0,0
2026-07-24 19:23:00+00:00,150.97235970689775,0,3,0,2,192,0.10297043476482727,3,0.6666666666666666,0
2026-07-24 19:57:00+00:00,730.3824666125621,0,3,0,0,252,0.8340129104700931,7,0.6666666666666666,0
2026-07-24 20:05:00+00:00,1042.0853146605052,0,1,0,1,55,1.463678413369053,5,0.0,0
2026-07-24 20:17:00+00:00,2342.651643852147,1,1,0,0,181,3.612932623296936,7,0.0,1
2026-07-24 21:44:00+00:00,1217.6042624875377,0,1,0,1,4,1.1855080466643018,7,0.0,0
2026-07-24 22:23:00+00:00,1999.9011827587105,0,2,0,2,277,2.7075753490969885,6,0.5,0
2026-07-24 22:39:00+00:00,294.7244189090253,1,1,0,2,214,0.5463549017204141,6,0.0,0
2026-07-24 22:55:00+00:00,500.2992870745545,1,3,0,1,23,1.0030614412037344,4,0.6666666666666666,1
2026-07-24 22:58:00+00:00,700.058061761831,0,4,0,0,208,0.6090184956357618,7,0.75,0
2026-07-24 23:05:00+00:00,326.61799467896714,1,3,0,0,212,0.217330837236873,3,0.6666666666666666,0
2026-07-24 23:16:00+00:00,127.6291966894776,1,1,0,2,112,0.10720733294737883,3,0.0,0
2026-07-24 23:42:00+00:00,134.06791550573016,0,1,0,0,168,0.07963380077916936,7,0.0,0
2026-07-24 23:43:00+00:00,468.0654859072584,0,1,0,1,177,0.5823334286270158,8,0.0,0
2026-07-24 23:44:00+00:00,107.61338084222616,0,1,0,0,123,0.1087341062291733,9,0.0,0
2026-07-25 00:09:00+00:00,117.21472115081907,0,1,0,2,6,0.16058041116839814,5,0.0,0
2026-07-25 01:07:00+00:00,639.379345143284,0,1,0,0,5,0.5711830832078666,2,0.0,0
2026-07-25 01:16:00+00:00,62.71741007284034,1,1,0,1,252,0.05975650564293213,7,0.0,0
2026-07-25 01:26:00+00:00,767.4532056729835,0,1,0,0,363,0.9885158918995215,7,0.0,0
2026-07-25 01:45:00+00:00,5204.557070582069,0,1,0,2,152,10.698963697120304,4,0.0,0
2026-07-25 04:11:00+00:00,500.05324040520213,0,1,0,1,168,0.8112577598320694,9,0.0,0
2026-07-25 04:17:00+00:00,3007.0847161121724,1,2,0,2,40,8.305293634976245,10,0.5,1
2026-07-25 04:53:00+00:00,253.2809869760543,0,1,0,3,44,0.25017505289545566,5,0.0,1
2026-07-25 05:15:00+00:00,236.81379773673922,0,1,0,0,88,0.3548444697438325,4,0.0,0
2026-07-25 05:24:00+00:00,1777.5923534319304,0,1,0,1,4,3.637044958521297,4,0.0,0
2026-07-25 06:23:00+00:00,1402.6764923177216,1,3,0,0,262,1.951978608337121,9,0.6666666666666666,0
2026-07-25 06:39:00+00:00,526.1093662255635,0,1,0,3,15,0.3892082896043098,9,0.0,0
2026-07-25 07:05:00+00:00,251.77499307795077,1,1,0,2,140,0.6132456983411206,5,0.0,0
2026-07-25 07:37:00+00:00,175.35884981671418,0,2,0,1,346,0.13385474356677626,6,0.5,0
2026-07-25 08:05:00+00:00,1177.7571374762983,0,1,0,1,288,1.121016086103394,7,0.0,0
2026-07-25 08:47:00+00:00,258.6025828083029,1,2,0,1,355,0.6732851852958499,8,0.5,1
2026-07-25 08:55:00+00:00,235.13126081464287,1,1,0,0,45,0.18682407664570164,4,0.0,0
2026-07-25 09:21:00+00:00,261.5718462437557,1,1,0,0,60,0.5083691917770734,4,0.0,0
2026-07-25 09:27:00+00:00,223.10613061294282,0,1,0,2,96,0.3849907427364501,4,0.0,0
2026-07-25 10:04:00+00:00,793.916806005596,1,1,0,0,243,0.5047543070656522,9,0.0,0
2026-07-25 10:06:00+00:00,279.49276583555,0,1,0,2,167,0.4405455132124765,7,0.0,0
2026-07-25 10:09:00+00:00,707.1353059160231,0,1,0,0,203,0.607127121786069,4,0.0,0
2026-07-25 10:30:00+00:00,147.16121771695012,0,1,0,1,256,0.1801332009113121,7,0.0,0
2026-07-25 11:06:00+00:00,138.73799672711957,0,2,0,0,327,0.19292580319522748,3,0.5,0
2026-07-25 11:40:00+00:00,38.11148817524917,0,2,0,0,70,0.03198774835563887,7,0.5,0
2026-07-25 11:41:00+00:00,158.53644672340468,1,1,0,0,354,0.12643259102019166,5,0.0,0
2026-07-25 12:00:00+00:00,468.6765855670669,1,1,0,1,144,0.4479390222819204,7,0.0,1
2026-07-25 12:09:00+00:00,189.89383921098653,1,1,0,1,113,0.2309703134908419,4,0.0,0
2026-07-25 12:46:00+00:00,1028.7846074949762,1,1,0,1,53,1.587448441149624,7,0.0,0
2026-07-25 12:52:00+00:00,853.8048611263241,1,1,0,1,104,1.1980771390951437,3,0.0,0
2026-07-25 13:57:00+00:00,802.4298085499543,0,4,0,1,18,1.3239238291816366,12,0.75,0
2026-07-25 14:23:00+00:00,664.4103297014914,1,2,0,2,331,0.6248954804744502,4,0.5,0
2026-07-25 15:24:00+00:00,237.08532790008448,0,4,0,0,191,0.3778124094809716,9,0.75,1
2026-07-25 15:41:00+00:00,452.9842155091919,0,2,0,1,246,0.4917025963624768,8,0.5,0
2026-07-25 16:01:00+00:00,148.69601721321953,0,4,0,0,27,0.16771106248136203,8,0.75,0
2026-07-25 16:17:00+00:00,607.2867387594981,0,1,0,2,1,0.34379592909467666,6,0.0,0
2026-07-25 16:35:00+00:00,713.2905888348222,0,2,1,2,294,0.7395717577368262,6,0.5,1
2026-07-25 16:48:00+00:00,1902.0614432186844,1,2,0,1,322,3.847245836579303,8,0.5,0
2026-07-25 16:53:00+00:00,466.47321268557954,0,1,0,0,313,0.8913634529049592,5,0.0,0
2026-07-25 17:01:00+00:00,241.4963708857764,0,1,0,1,160,0.24586201595188825,5,0.0,0
2026-07-25 18:12:00+00:00,415.88711531205325,0,1,0,1,114,0.5600918095111626,7,0.0,0
2026-07-25 18:23:00+00:00,528.4305202836994,1,3,0,2,41,0.6542068400346611,9,0.6666666666666666,0
2026-07-25 19:39:00+00:00,1343.9826710190341,0,1,0,0,37,0.8423780705305024,10,0.0,0
2026-07-25 20:12:00+00:00,279.4285197529239,0,1,0,0,115,0.17388776984622406,5,0.0,0
2026-07-25 20:37:00+00:00,271.48424894266,0,1,0,0,239,0.2789662865046546,6,0.0,0
2026-07-25 22:37:00+00:00,471.486194419426,0,1,0,2,180,0.3889088227270323,4,0.0,0
2026-07-25 22:40:00+00:00,71.2390737609389,0,1,0,0,171,0.06498638867424347,3,0.0,0
2026-07-25 23:38:00+00:00,156.74064430376484,0,1,0,3,220,0.2658813183094619,5,0.0,0
2026-07-25 23:49:00+00:00,1880.8222369698742,0,1,0,1,282,2.208750199584639,4,0.0,0
2026-07-26 00:54:00+00:00,540.4604262943056,0,1,0,3,168,0.7713551810971285,9,0.0,1
2026-07-26 02:04:00+00:00,274.8400648312795,0,1,0,1,244,0.4189896121827793,4,0.0,0
2026-07-26 02:13:00+00:00,632.943386433986,0,2,0,1,295,0.6674625914854126,5,0.5,0
2026-07-26 02:34:00+00:00,363.7530965265685,0,1,0,1,68,0.48744651292725755,5,0.0,0
2026-07-26 02:58:00+00:00,2421.692248913859,0,1,0,1,278,3.3621882034449677,3,0.0,0
2026-07-26 04:18:00+00:00,101.51750625385492,0,1,0,1,223,0.11473838800467663,6,0.0,0
2026-07-26 04:22:00+00:00,518.326365180006,0,1,0,1,272,0.7862049389117759,5,0.0,0
2026-07-26 05:12:00+00:00,569.0208288738778,0,1,0,0,269,0.5089043282728557,3,0.0,0
2026-07-26 05:16:00+00:00,832.4730113654971,0,1,0,1,295,1.4788773093214398,6,0.0,0
2026-07-26 05:19:00+00:00,450.1492163447514,0,3,0,1,22,0.7755654551635003,4,0.6666666666666666,0
2026-07-26 06:16:00+00:00,109.37364840949493,0,1,0,2,113,0.11036861958730948,7,0.0,0
2026-07-26 06:19:00+00:00,187.23320993901058,0,3,0,1,224,0.34709705021101067,4,0.6666666666666666,0
2026-07-26 07:13:00+00:00,755.8208782373888,1,1,0,1,309,1.0292504109929874,3,0.0,0
2026-07-26 07:43:00+00:00,2054.7317712436807,0,1,0,2,198,2.056108506374982,8,0.0,0
2026-07-26 08:04:00+00:00,851.9894404951751,0,1,0,0,160,1.1529355034651745,1,0.0,0
2026-07-26 08:22:00+00:00,206.76847943800195,0,1,0,0,29,0.1671861353106047,6,0.0,0
2026-07-26 08:54:00+00:00,594.1973956381217,0,1,0,0,336,0.35914731757330737,7,0.0,0
2026-07-26 09:00:00+00:00,390.06666248056956,0,1,0,0,82,0.5754605434679807,7,0.0,0
2026-07-26 09:10:00+00:00,424.67609117190045,0,4,1,3,281,0.5328719195385954,7,0.75,0
2026-07-26 09:14:00+00:00,444.0661880506249,0,1,0,1,126,0.37047491902222074,5,0.0,0
2026-07-26 09:17:00+00:00,723.6920524846705,1,1,0,0,82,1.049459992824646,3,0.0,0
2026-07-26 09:45:00+00:00,736.3694049249464,1,1,0,2,24,1.1522214596790668,3,0.0,0
2026-07-26 10:02:00+00:00,968.1070590309541,0,4,0,1,75,0.9701912661757703,8,0.75,0
2026-07-26 11:45:00+00:00,596.7603494449831,0,1,0,2,296,0.7464245520467727,6,0.0,0
2026-07-26 12:06:00+00:00,291.3206396231768,1,1,0,0,360,0.34420686359683306,5,0.0,0
2026-07-26 13:18:00+00:00,634.6020247747792,0,1,0,1,55,0.4233129539111278,7,0.0,0
2026-07-26 14:35:00+00:00,1749.822586192161,0,1,0,0,56,1.3471687617707746,6,0.0,1
2026-07-26 15:02:00+00:00,1116.4081601184514,0,2,0,1,50,1.1174933620261536,7,0.5,0
2026-07-26 15:32:00+00:00,828.28608223076,0,1,0,0,109,1.027849298816851,5,0.0,0
2026-07-26 15:44:00+00:00,319.76463130680435,0,1,0,0,100,0.5871032542846754,5,0.0,0
2026-07-26 15:54:00+00:00,547.4833309708165,1,3,0,1,16,0.39886266530775005,5,0.6666666666666666,0
2026-07-26 16:32:00+00:00,478.0256486705269,1,1,0,0,257,1.0,8,0.0,0
2026-07-26 16:41:00+00:00,2145.3931484465343,1,1,0,2,120,4.0591340815667385,10,0.0,1
2026-07-26 16:47:00+00:00,391.335532435831,1,1,0,1,269,0.40730891836039324,3,0.0,0
2026-07-26 16:51:00+00:00,798.4045957044917,0,1,0,1,70,0.717968171813305,6,0.0,0
2026-07-26 17:08:00+00:00,683.2023456777905,0,1,0,2,161,0.5089238177210866,7,0.0,0
2026-07-26 17:15:00+00:00,3547.056042257809,0,3,0,2,36,5.958605064106347,4,0.6666666666666666,1
2026-07-26 17:38:00+00:00,952.5189608650755,0,1,0,0,34,1.368530116745436,5,0.0,0
2026-07-26 19:09:00+00:00,463.368551403653,0,1,0,1,234,0.7494806651795136,10,0.0,0
2026-07-26 20:03:00+00:00,979.5106638643388,1,1,0,0,46,1.6184796872355314,6,0.0,0
2026-07-26 20:41:00+00:00,194.987220176069,0,1,0,5,45,0.37566541578796087,4,0.0,0
2026-07-26 20:43:00+00:00,1978.373140997178,1,1,0,0,307,2.5588348127304408,2,0.0,0
2026-07-26 21:15:00+00:00,5682.353035110986,1,1,0,1,112,11.160248774815374,4,0.0,1
2026-07-26 21:21:00+00:00,200.87575317950416,1,1,0,1,114,0.3528035350189542,5,0.0,0
2026-07-26 22:26:00+00:00,1617.1741887185076,1,1,0,0,337,1.0,6,0.0,0
2026-07-26 23:01:00+00:00,339.1158762937767,0,1,0,2,223,0.326671343145168,8,0.0,0
2026-07-26 23:44:00+00:00,633.4164835167539,1,1,0,2,270,0.4865632564404849,7,0.0,0
2026-07-26 23:53:00+00:00,1095.2718146530676,0,1,0,2,283,1.0,6,0.0,0
2026-07-26 23:56:00+00:00,552.3255713104745,1,4,0,1,252,0.8050224470821007,6,0.75,0
2026-07-27 00:08:00+00:00,652.6625383380829,0,1,0,0,131,0.3539217855271654,4,0.0,0
2026-07-27 00:10:00+00:00,443.9883014865459,0,1,0,2,12,0.5990080062479777,6,0.0,0
2026-07-27 00:33:00+00:00,2234.5110343158135,0,1,0,0,257,1.6372430607980508,4,0.0,0
2026-07-27 01:22:00+00:00,281.6011101297084,0,1,0,1,336,0.2503957818411861,5,0.0,0
2026-07-27 01:45:00+00:00,256.9025048092825,1,4,0,1,114,0.47442029173613814,5,0.75,0
2026-07-27 02:06:00+00:00,166.9020113719283,1,1,0,2,352,0.28416628876012073,7,0.0,0
2026-07-27 02:25:00+00:00,1676.0086410782087,0,2,0,3,113,2.0746377837371197,5,0.5,0
2026-07-27 02:54:00+00:00,1975.1536878738173,1,1,1,1,119,2.7796885525312947,6,0.0,1
2026-07-27 02:57:00+00:00,99.17824989572223,0,1,0,0,192,0.08435479517856669,8,0.0,0
2026-07-27 03:16:00+00:00,1018.1873382360241,1,1,0,1,337,0.9239201698553553,6,0.0,0
2026-07-27 03:17:00+00:00,382.3222358194556,0,2,0,1,235,0.44013891093661417,9,0.5,1
2026-07-27 03:43:00+00:00,652.7954298220857,0,4,0,0,114,1.2016945430574315,6,0.75,0
2026-07-27 03:47:00+00:00,405.29910641663935,0,4,0,0,113,0.47639983197922764,10,0.75,1
2026-07-27 04:06:00+00:00,661.916238089919,0,1,0,1,181,0.9271893079904979,7,0.0,0
2026-07-27 04:15:00+00:00,352.11025842247324,1,1,0,3,275,0.2534591393428634,5,0.0,0
2026-07-27 04:36:00+00:00,274.04338923063386,0,1,0,2,199,0.25232949275994343,9,0.0,0
2026-07-27 06:11:00+00:00,433.9001451148709,0,1,0,0,138,0.8079149196674167,8,0.0,0
2026-07-27 07:12:00+00:00,1274.95707483432,0,1,0,2,222,1.0593854101083748,6,0.0,0
2026-07-27 07:22:00+00:00,944.7217335674152,0,1,0,1,165,0.7740409632769757,6,0.0,0
2026-07-27 07:30:00+00:00,224.88171280451894,0,1,0,2,93,0.18984992404062737,8,0.0,1
2026-07-27 07:39:00+00:00,573.0242041233555,0,2,0,0,186,0.4445452338272544,5,0.5,0
2026-07-27 09:07:00+00:00,106.35344975006521,1,1,0,2,215,0.19001522729948442,6,0.0,0
2026-07-27 09:14:00+00:00,1328.3597223331583,0,3,1,3,324,1.2793746113789979,4,0.6666666666666666,1
2026-07-27 09:43:00+00:00,611.5219983567346,0,1,0,0,317,0.42908350794693373,9,0.0,0
2026-07-27 11:17:00+00:00,2766.4494500644314,0,1,0,1,8,4.4888802788119815,10,0.0,0
2026-07-27 11:43:00+00:00,827.4405058493857,0,1,0,1,194,1.0,5,0.0,0
2026-07-27 12:18:00+00:00,386.4976468953977,0,1,0,1,186,0.6146047813492036,7,0.0,0
2026-07-27 12:45:00+00:00,269.5835243819674,0,2,0,0,280,0.13185856593219392,5,0.5,0
2026-07-27 13:11:00+00:00,241.11835712655267,0,1,0,2,61,0.2784159781427178,5,0.0,0
2026-07-27 13:15:00+00:00,59.64820724114175,0,4,0,0,331,0.059665300500171735,5,0.75,0
2026-07-27 14:11:00+00:00,1929.8957770600286,0,1,0,2,80,3.9025050256949556,5,0.0,1
2026-07-27 14:57:00+00:00,71.9908283996426,1,1,0,1,61,0.11722189971069796,5,0.0,0
2026-07-27 15:03:00+00:00,616.0590285827018,1,1,0,1,339,0.5845988982470939,4,0.0,0
2026-07-27 16:05:00+00:00,519.0218713215136,0,4,0,0,309,1.0,5,0.75,0
2026-07-27 16:18:00+00:00,667.113021230946,0,1,0,1,105,2.0373594062238816,6,0.0,0
2026-07-27 16:47:00+00:00,774.1549964101882,1,1,0,2,240,1.3254462232852566,10,0.0,0
2026-07-27 17:55:00+00:00,229.23252305032776,0,1,0,3,324,0.24921458920443212,9,0.0,0
2026-07-27 18:22:00+00:00,415.57995445447045,1,3,0,0,116,0.4536315449699385,6,0.6666666666666666,0
2026-07-27 18:28:00+00:00,688.4015043368486,0,1,0,0,342,0.8486140578544469,7,0.0,0
2026-07-27 18:29:00+00:00,291.9088869849184,0,4,2,3,313,0.49621645458584857,5,0.75,1
2026-07-27 19:46:00+00:00,809.9227973797258,0,2,0,2,28,1.3930798742875996,8,0.5,0
2026-07-27 20:10:00+00:00,2183.204356585357,0,4,0,0,59,2.788509746976719,7,0.75,0
2026-07-27 21:00:00+00:00,473.8971008823255,1,1,1,4,312,0.34455882733236187,6,0.0,1
2026-07-27 21:05:00+00:00,983.9733367349211,0,1,0,2,52,1.1524163312694966,4,0.0,0
2026-07-27 21:15:00+00:00,448.6379922722638,0,1,0,3,135,0.30251481776868333,9,0.0,0
2026-07-27 21:23:00+00:00,426.23359000560464,1,1,0,2,31,0.4513479282715057,7,0.0,0
2026-07-27 21:32:00+00:00,691.8868783241429,0,1,0,1,285,0.48014101977556584,4,0.0,0
2026-07-27 21:55:00+00:00,1343.1080360270528,1,1,0,0,204,1.5054283941208655,5,0.0,0
2026-07-27 23:11:00+00:00,267.09247641003566,1,1,0,1,167,0.20609197558969014,7,0.0,0
2026-07-27 23:17:00+00:00,428.1069691269763,0,1,0,2,324,0.5595558380778304,6,0.0,0
2026-07-27 23:19:00+00:00,336.5215463179668,0,1,0,0,209,0.2887329739276142,7,0.0,0
2026-07-27 23:28:00+00:00,459.24589084431716,0,1,0,2,193,0.40480121644148714,7,0.0,0
2026-07-28 00:11:00+00:00,164.23134933847416,0,1,0,1,52,0.24332309380200218,7,0.0,0
2026-07-28 00:29:00+00:00,188.12996992817065,1,1,0,1,74,0.25303297207077546,5,0.0,0
2026-07-28 00:43:00+00:00,207.53814469418612,0,1,0,0,338,0.12738356645636909,9,0.0,0
2026-07-28 00:44:00+00:00,3850.1658517256883,1,1,0,1,116,2.470109282677746,8,0.0,1
2026-07-28 00:49:00+00:00,1994.7847885052204,0,2,0,0,111,1.5279094068941772,10,0.5,0
2026-07-28 01:51:00+00:00,291.63805676900796,1,1,0,2,134,0.4521209790364284,7,0.0,0
2026-07-28 02:04:00+00:00,1105.0639702230196,0,1,0,2,252,1.00103230538998,11,0.0,0
2026-07-28 02:08:00+00:00,433.9390957625154,0,1,0,0,34,0.4656343938409518,6,0.0,0
2026-07-28 04:10:00+00:00,968.6249714018915,1,1,0,0,78,2.920325590766128,7,0.0,0
2026-07-28 05:20:00+00:00,1873.3822442894177,0,1,0,1,66,3.2254686014351712,5,0.0,0
2026-07-28 05:30:00+00:00,411.1511514928133,0,1,0,0,213,0.5073766006752969,3,0.0,0
2026-07-28 05:35:00+00:00,174.49937265264393,1,1,0,1,147,0.058185963656029537,8,0.0,0
2026-07-28 06:08:00+00:00,342.8128610391099,0,2,1,0,235,0.5045554181451597,5,0.5,1
2026-07-28 06:19:00+00:00,91.27888979533768,0,4,0,0,292,0.08646017224496592,5,0.75,0
2026-07-28 06:27:00+00:00,797.9377475486651,0,1,0,1,40,0.7582230343457709,5,0.0,0
2026-07-28 07:27:00+00:00,315.70560714678135,0,1,0,0,226,0.9860438550399838,7,0.0,0
2026-07-28 07:45:00+00:00,791.1019662511062,0,4,0,1,319,1.3880898997995066,7,0.75,0
